Tỉnh/File,Địa chỉ CŨ,Địa chỉ MỚI,Trạng thái
Lai Châu,xã Tà Mung,xã Mường Kim,✅ Toàn bộ
Lai Châu,Tà Hừa,xã Mường Kim,✅ Toàn bộ
Lai Châu,Pha Mu,xã Mường Kim,✅ Toàn bộ
Lai Châu,Mường Kim,xã Mường Kim,✅ Toàn bộ
Lai Châu,xã Ta Gia,xã Khoen On,✅ Toàn bộ
Lai Châu,xã Khoen On,xã Khoen On,✅ Toàn bộ
Lai Châu,xã Phúc Than,xã Mường Than,✅ Toàn bộ
Lai Châu,xã Mường Mít,xã Mường Than,✅ Toàn bộ
Lai Châu,xã Hố Mít,xã Pắc Ta,✅ Toàn bộ
Lai Châu,xã Pắc Ta,xã Pắc Ta,✅ Toàn bộ
Lai Châu,xã Phúc Khoa,xã Mường Khoa,✅ Toàn bộ
Lai Châu,xã Mường Khoa,xã Mường Khoa,✅ Toàn bộ
Lai Châu,thị trấn Tam Đường,xã Bình Lư,✅ Toàn bộ
Lai Châu,xã Sơn Bình,xã Bình Lư,✅ Toàn bộ
Lai Châu,xã Bình Lư,xã Bình Lư,✅ Toàn bộ
Lai Châu,xã Bản Hon,xã Khun Há,✅ Toàn bộ
Lai Châu,xã Khun Há,xã Khun Há,✅ Toàn bộ
Lai Châu,xã Vàng Ma Chải,xã Sì Lở Lầu,✅ Toàn bộ
Lai Châu,Mồ Sì San,xã Sì Lở Lầu,✅ Toàn bộ
Lai Châu,Pa Vây Sử,xã Sì Lở Lầu,✅ Toàn bộ
Lai Châu,Sì Lở Lầu,xã Sì Lở Lầu,✅ Toàn bộ
Lai Châu,xã Làng Mô,xã Tủa Sín Chải,✅ Toàn bộ
Lai Châu,Tả Ngảo,xã Tủa Sín Chải,✅ Toàn bộ
Lai Châu,Tủa Sín Chải,xã Tủa Sín Chải,✅ Toàn bộ
Lai Châu,xãLùng Thàng,xã Nậm Tăm,✅ Toàn bộ
Lai Châu,Nậm Cha vàNậm Tăm,xã Nậm Tăm,✅ Toàn bộ
Lai Châu,xã Căn Co,xã Nậm Mạ,✅ Toàn bộ
Lai Châu,xã Nậm Mạ,xã Nậm Mạ,✅ Toàn bộ
Lai Châu,phường Tân Phong,phường Tân Phong,✅ Toàn bộ
Lai Châu,phường Đông Phong,phường Tân Phong,✅ Toàn bộ
Lai Châu,xã San Thàng,phường Tân Phong,✅ Toàn bộ
Lai Châu,Nùng Nàng,phường Tân Phong,✅ Toàn bộ
Lai Châu,Bản Giang,phường Tân Phong,✅ Toàn bộ
Lai Châu,phường Đoàn Kết,phường Đoàn Kết,✅ Toàn bộ
Lai Châu,Quyết Tiến,phường Đoàn Kết,✅ Toàn bộ
Lai Châu,Quyết Thắng,phường Đoàn Kết,✅ Toàn bộ
Lai Châu,xã Lản Nhì Thàngvà xãSùng Phài,phường Đoàn Kết,✅ Toàn bộ
Đắk Lắk,xã Hòa Phú (thành phố Buôn Ma Thuột),xã Hòa Phú,✅ Toàn bộ
Đắk Lắk,Hòa Xuân,xã Hòa Phú,✅ Toàn bộ
Đắk Lắk,Hòa Khánh,xã Hòa Phú,✅ Toàn bộ
Đắk Lắk,xã Ea Siên,xã Ea Drông,✅ Toàn bộ
Đắk Lắk,xã Ea Drông,xã Ea Drông,✅ Toàn bộ
Đắk Lắk,thị trấn Ea Súp,xã Ea Súp,✅ Toàn bộ
Đắk Lắk,xã Cư M’Lan,xã Ea Súp,✅ Toàn bộ
Đắk Lắk,xã Ea Lê,xã Ea Súp,✅ Toàn bộ
Đắk Lắk,xã Ia Jlơi,xã Ea Rốk,✅ Toàn bộ
Đắk Lắk,Cư Kbang,xã Ea Rốk,✅ Toàn bộ
Đắk Lắk,Ea Rốk,xã Ea Rốk,✅ Toàn bộ
Đắk Lắk,xã Ya Tờ Mốt,xã Ea Bung,✅ Toàn bộ
Đắk Lắk,xã Ea Bung,xã Ea Bung,✅ Toàn bộ
Đắk Lắk,xã Ea Huar,xã Ea Wer,✅ Toàn bộ
Đắk Lắk,Tân Hòa,xã Ea Wer,✅ Toàn bộ
Đắk Lắk,Ea Wer,xã Ea Wer,✅ Toàn bộ
Đắk Lắk,xã Ea Bar (huyện Buôn Đôn),xã Ea Nuôl,✅ Toàn bộ
Đắk Lắk,Cuôr Knia,xã Ea Nuôl,✅ Toàn bộ
Đắk Lắk,Ea Nuôl,xã Ea Nuôl,✅ Toàn bộ
Đắk Lắk,xã Ea Kuêh,xã Ea Kiết,✅ Toàn bộ
Đắk Lắk,xã Ea Kiết,xã Ea Kiết,✅ Toàn bộ
Đắk Lắk,xã Quảng Hiệp,xã Ea M’Droh,✅ Toàn bộ
Đắk Lắk,Ea M’nang,xã Ea M’Droh,✅ Toàn bộ
Đắk Lắk,Ea M’Droh,xã Ea M’Droh,✅ Toàn bộ
Đắk Lắk,thị trấn Quảng Phú,xã Quảng Phú,✅ Toàn bộ
Đắk Lắk,thị trấn Ea Pốk,xã Quảng Phú,✅ Toàn bộ
Đắk Lắk,xã Cư Suê,xã Quảng Phú,✅ Toàn bộ
Đắk Lắk,xã Quảng Tiến,xã Quảng Phú,✅ Toàn bộ
Đắk Lắk,xã Ea Drơng,xã Cuôr Đăng,✅ Toàn bộ
Đắk Lắk,xã Cuôr Đăng,xã Cuôr Đăng,✅ Toàn bộ
Đắk Lắk,xã Ea H’đing,xã Cư M’gar,✅ Toàn bộ
Đắk Lắk,Ea Kpam,xã Cư M’gar,✅ Toàn bộ
Đắk Lắk,Cư M’gar,xã Cư M’gar,✅ Toàn bộ
Đắk Lắk,xã Ea Tar,xã Ea Tul,✅ Toàn bộ
Đắk Lắk,Cư Dliê Mnông,xã Ea Tul,✅ Toàn bộ
Đắk Lắk,Ea Tul,xã Ea Tul,✅ Toàn bộ
Đắk Lắk,thị trấn Pơng Drang,xã Pơng Drang,✅ Toàn bộ
Đắk Lắk,xã Ea Ngai,xã Pơng Drang,✅ Toàn bộ
Đắk Lắk,xã Tân Lập,xã Pơng Drang,✅ Toàn bộ
Đắk Lắk,xã Cư Né,xã Krông Búk,✅ Toàn bộ
Đắk Lắk,xã Chứ Kbô,xã Krông Búk,✅ Toàn bộ
Đắk Lắk,xã Ea Sin,xã Cư Pơng,✅ Toàn bộ
Đắk Lắk,xã Cư Pơng,xã Cư Pơng,✅ Toàn bộ
Đắk Lắk,xã Ea Nam,xã Ea Khăl,✅ Toàn bộ
Đắk Lắk,Ea Tir,xã Ea Khăl,✅ Toàn bộ
Đắk Lắk,Ea Khăl,xã Ea Khăl,✅ Toàn bộ
Đắk Lắk,thị trấn Ea Drăng,xã Ea Drăng,✅ Toàn bộ
Đắk Lắk,xã Ea Ral,xã Ea Drăng,✅ Toàn bộ
Đắk Lắk,xã Dliê Yang,xã Ea Drăng,✅ Toàn bộ
Đắk Lắk,xã Cư A Mung,xã Ea Wy,✅ Toàn bộ
Đắk Lắk,Cư Mốt,xã Ea Wy,✅ Toàn bộ
Đắk Lắk,Ea Wy,xã Ea Wy,✅ Toàn bộ
Đắk Lắk,xã Ea Sol,xã Ea Hiao,✅ Toàn bộ
Đắk Lắk,xã Ea Hiao,xã Ea Hiao,✅ Toàn bộ
Đắk Lắk,thị trấn Krông Năng,xã Krông Năng,✅ Toàn bộ
Đắk Lắk,xã Phú Lộc,xã Krông Năng,✅ Toàn bộ
Đắk Lắk,xã Ea Hồ,xã Krông Năng,✅ Toàn bộ
Đắk Lắk,xã Ea Tóh,xã Dliê Ya,✅ Toàn bộ
Đắk Lắk,Ea Tân,xã Dliê Ya,✅ Toàn bộ
Đắk Lắk,Dliê Ya,xã Dliê Ya,✅ Toàn bộ
Đắk Lắk,xã Ea Tam,xã Tam Giang,✅ Toàn bộ
Đắk Lắk,Cư Klông,xã Tam Giang,✅ Toàn bộ
Đắk Lắk,Tam Giang,xã Tam Giang,✅ Toàn bộ
Đắk Lắk,xã Ea Púk,xã Phú Xuân,✅ Toàn bộ
Đắk Lắk,Ea Dăh,xã Phú Xuân,✅ Toàn bộ
Đắk Lắk,Phú Xuân,xã Phú Xuân,✅ Toàn bộ
Đắk Lắk,thị trấn Phước An,xã Krông Pắc,✅ Toàn bộ
Đắk Lắk,xã Hòa An (huyện Krông Pắc),xã Krông Pắc,✅ Toàn bộ
Đắk Lắk,Ea Yông,xã Krông Pắc,✅ Toàn bộ
Đắk Lắk,Hòa Tiến,xã Krông Pắc,✅ Toàn bộ
Đắk Lắk,xã Hòa Đông,xã Ea Knuếc,✅ Toàn bộ
Đắk Lắk,Ea Kênh,xã Ea Knuếc,✅ Toàn bộ
Đắk Lắk,Ea Knuếc,xã Ea Knuếc,✅ Toàn bộ
Đắk Lắk,xã Ea Yiêng,xã Tân Tiến,✅ Toàn bộ
Đắk Lắk,Ea Uy,xã Tân Tiến,✅ Toàn bộ
Đắk Lắk,Tân Tiến,xã Tân Tiến,✅ Toàn bộ
Đắk Lắk,xã Ea Kuăng,xã Ea Phê,✅ Toàn bộ
Đắk Lắk,Ea Hiu,xã Ea Phê,✅ Toàn bộ
Đắk Lắk,Ea Phê,xã Ea Phê,✅ Toàn bộ
Đắk Lắk,xã Krông Búk,xã Ea Kly,✅ Toàn bộ
Đắk Lắk,xã Ea Kly,xã Ea Kly,✅ Toàn bộ
Đắk Lắk,thị trấn Ea Kar,xã Ea Kar,✅ Toàn bộ
Đắk Lắk,xã Cư Huê,xã Ea Kar,✅ Toàn bộ
Đắk Lắk,Ea Đar,xã Ea Kar,✅ Toàn bộ
Đắk Lắk,Ea Kmút,xã Ea Kar,✅ Toàn bộ
Đắk Lắk,Cư Ni,xã Ea Kar,✅ Toàn bộ
Đắk Lắk,Xuân Phú,xã Ea Kar,✅ Toàn bộ
Đắk Lắk,xã Cư Elang,xã Ea Ô,✅ Toàn bộ
Đắk Lắk,xã Ea Ô,xã Ea Ô,✅ Toàn bộ
Đắk Lắk,thị trấn Ea Knốp,xã Ea Knốp,✅ Toàn bộ
Đắk Lắk,xã Ea Tih,xã Ea Knốp,✅ Toàn bộ
Đắk Lắk,Ea Sô,xã Ea Knốp,✅ Toàn bộ
Đắk Lắk,Ea Sar,xã Ea Knốp,✅ Toàn bộ
Đắk Lắk,xã Cư Bông,xã Cư Yang,✅ Toàn bộ
Đắk Lắk,xã Cư Yang,xã Cư Yang,✅ Toàn bộ
Đắk Lắk,xã Cư Prông,xã Ea Păl,✅ Toàn bộ
Đắk Lắk,xã Ea Păl,xã Ea Păl,✅ Toàn bộ
Đắk Lắk,thị trấn M’Drắk,xã M’Drắk,✅ Toàn bộ
Đắk Lắk,xã Krông Jing,xã M’Drắk,✅ Toàn bộ
Đắk Lắk,xã Ea Lai,xã M’Drắk,✅ Toàn bộ
Đắk Lắk,xã                              Ea H’Mlay,xã Ea Riêng,✅ Toàn bộ
Đắk Lắk,Ea M’Doal,xã Ea Riêng,✅ Toàn bộ
Đắk Lắk,Ea Riêng,xã Ea Riêng,✅ Toàn bộ
Đắk Lắk,xã Cư Króa,xã Cư M’ta,✅ Toàn bộ
Đắk Lắk,xã Cư M’ta,xã Cư M’ta,✅ Toàn bộ
Đắk Lắk,xã Cư San,xã Krông Á,✅ Toàn bộ
Đắk Lắk,xã Krông Á,xã Krông Á,✅ Toàn bộ
Đắk Lắk,xã Ea Pil,xã Cư Prao,✅ Toàn bộ
Đắk Lắk,xã Cư Prao,xã Cư Prao,✅ Toàn bộ
Đắk Lắk,xã Yang Reh,xã Hòa Sơn,✅ Toàn bộ
Đắk Lắk,Ea Trul,xã Hòa Sơn,✅ Toàn bộ
Đắk Lắk,Hòa Sơn,xã Hòa Sơn,✅ Toàn bộ
Đắk Lắk,xã Hòa Thành (huyện Krông Bông),xã                   Dang Kang,✅ Toàn bộ
Đắk Lắk,Cư Kty,xã                   Dang Kang,✅ Toàn bộ
Đắk Lắk,Dang Kang,xã                   Dang Kang,✅ Toàn bộ
Đắk Lắk,thị trấn                        Krông Kmar,xã Krông Bông,✅ Toàn bộ
Đắk Lắk,xã Hòa Lễ,xã Krông Bông,✅ Toàn bộ
Đắk Lắk,xã Khuê Ngọc Điền,xã Krông Bông,✅ Toàn bộ
Đắk Lắk,xã Cư Drăm,xã Yang Mao,✅ Toàn bộ
Đắk Lắk,xã Yang Mao,xã Yang Mao,✅ Toàn bộ
Đắk Lắk,xã Hòa Phong (huyện Krông Bông),xã Cư Pui,✅ Toàn bộ
Đắk Lắk,xã Cư Pui,xã Cư Pui,✅ Toàn bộ
Đắk Lắk,thị trấn Liên Sơn,xã Liên Sơn Lắk,✅ Toàn bộ
Đắk Lắk,xã Yang Tao,xã Liên Sơn Lắk,✅ Toàn bộ
Đắk Lắk,xã Bông Krang,xã Liên Sơn Lắk,✅ Toàn bộ
Đắk Lắk,xã Buôn Tría,xã Đắk Liêng,✅ Toàn bộ
Đắk Lắk,Buôn Triết,xã Đắk Liêng,✅ Toàn bộ
Đắk Lắk,Đắk Liêng,xã Đắk Liêng,✅ Toàn bộ
Đắk Lắk,xã Ea Rbin,xã Nam Ka,✅ Toàn bộ
Đắk Lắk,xã Nam Ka,xã Nam Ka,✅ Toàn bộ
Đắk Lắk,xã Đắk Nuê,xã Đắk Phơi,✅ Toàn bộ
Đắk Lắk,xã Đắk Phơi,xã Đắk Phơi,✅ Toàn bộ
Đắk Lắk,xã Cư Êwi,xã Ea Ning,✅ Toàn bộ
Đắk Lắk,Ea Hu,xã Ea Ning,✅ Toàn bộ
Đắk Lắk,Ea Ning,xã Ea Ning,✅ Toàn bộ
Đắk Lắk,xã Hòa Hiệp,xã Dray Bhăng,✅ Toàn bộ
Đắk Lắk,xã Dray Bhăng,xã Dray Bhăng,✅ Toàn bộ
Đắk Lắk,xã Ea Bhốk,xã Dray Bhăng,⚠️ Một phần (Cần check)
Đắk Lắk,xã Ea Tiêu,xã Ea Ktur,✅ Toàn bộ
Đắk Lắk,xã Ea Ktur,xã Ea Ktur,✅ Toàn bộ
Đắk Lắk,phần còn lại của xã Ea Bhốk sau khi sắp xếp theo quy định tại              khoản 50 Điều này,xã Ea Ktur,✅ Toàn bộ
Đắk Lắk,thị trấn Buôn Trấp,xã Krông Ana,✅ Toàn bộ
Đắk Lắk,xã Bình Hòa,xã Krông Ana,✅ Toàn bộ
Đắk Lắk,xã Quảng Điền,xã Krông Ana,✅ Toàn bộ
Đắk Lắk,xã Băng A Drênh,xã Dur Kmăl,✅ Toàn bộ
Đắk Lắk,xã Dur Kmăl,xã Dur Kmăl,✅ Toàn bộ
Đắk Lắk,xã Ea Bông,xã Ea Na,✅ Toàn bộ
Đắk Lắk,Dray Sáp,xã Ea Na,✅ Toàn bộ
Đắk Lắk,Ea Na,xã Ea Na,✅ Toàn bộ
Đắk Lắk,xã Xuân Lâm,xã Xuân Thọ,✅ Toàn bộ
Đắk Lắk,Xuân Thọ 1,xã Xuân Thọ,✅ Toàn bộ
Đắk Lắk,Xuân Thọ 2,xã Xuân Thọ,✅ Toàn bộ
Đắk Lắk,xã Xuân Bình,xã Xuân Cảnh,✅ Toàn bộ
Đắk Lắk,xã Xuân Cảnh,xã Xuân Cảnh,✅ Toàn bộ
Đắk Lắk,xã Xuân Hải,xã Xuân Lộc,✅ Toàn bộ
Đắk Lắk,xã Xuân Lộc,xã Xuân Lộc,✅ Toàn bộ
Đắk Lắk,xã Hòa Tâm,xã Hòa Xuân,✅ Toàn bộ
Đắk Lắk,Hòa Xuân Đông,xã Hòa Xuân,✅ Toàn bộ
Đắk Lắk,Hòa Xuân Nam,xã Hòa Xuân,✅ Toàn bộ
Đắk Lắk,thị trấn Chí Thạnh,xã Tuy An Bắc,✅ Toàn bộ
Đắk Lắk,xã An Dân,xã Tuy An Bắc,✅ Toàn bộ
Đắk Lắk,xã An Định,xã Tuy An Bắc,✅ Toàn bộ
Đắk Lắk,xã An Ninh Đông,xã Tuy An Đông,✅ Toàn bộ
Đắk Lắk,An Ninh Tây,xã Tuy An Đông,✅ Toàn bộ
Đắk Lắk,An Thạch,xã Tuy An Đông,✅ Toàn bộ
Đắk Lắk,xã An Hiệp,xã Ô Loan,✅ Toàn bộ
Đắk Lắk,An Hòa Hải,xã Ô Loan,✅ Toàn bộ
Đắk Lắk,An Cư,xã Ô Loan,✅ Toàn bộ
Đắk Lắk,xã An Thọ,xã Tuy An Nam,✅ Toàn bộ
Đắk Lắk,An Mỹ,xã Tuy An Nam,✅ Toàn bộ
Đắk Lắk,An Chấn,xã Tuy An Nam,✅ Toàn bộ
Đắk Lắk,xã An Nghiệp,xã Tuy An Tây,✅ Toàn bộ
Đắk Lắk,An Xuân,xã Tuy An Tây,✅ Toàn bộ
Đắk Lắk,An Lĩnh,xã Tuy An Tây,✅ Toàn bộ
Đắk Lắk,thị trấn Phú Hòa,xã Phú Hòa 1,✅ Toàn bộ
Đắk Lắk,xã Hòa Thắng (huyện Phú Hòa),xã Phú Hòa 1,✅ Toàn bộ
Đắk Lắk,Hòa Định Đông,xã Phú Hòa 1,✅ Toàn bộ
Đắk Lắk,Hòa Định Tây,xã Phú Hòa 1,✅ Toàn bộ
Đắk Lắk,Hòa Hội,xã Phú Hòa 1,✅ Toàn bộ
Đắk Lắk,xã Hòa An (huyện Phú Hòa),xã Phú Hòa 1,⚠️ Một phần (Cần check)
Đắk Lắk,xã Hòa Quang Nam,xã Phú Hòa 2,✅ Toàn bộ
Đắk Lắk,xã Hòa Quang Bắc,xã Phú Hòa 2,✅ Toàn bộ
Đắk Lắk,xã Hòa Trị,xã Phú Hòa 2,⚠️ Một phần (Cần check)
Đắk Lắk,thị trấn Phú Thứ,xã Tây Hòa,✅ Toàn bộ
Đắk Lắk,xã Hòa Phong (huyện Tây Hòa),xã Tây Hòa,✅ Toàn bộ
Đắk Lắk,xã Hòa Tân Tây,xã Tây Hòa,✅ Toàn bộ
Đắk Lắk,xã Hòa Bình 1,xã Tây Hòa,⚠️ Một phần (Cần check)
Đắk Lắk,xã Hòa Đồng,xã Hòa Thịnh,✅ Toàn bộ
Đắk Lắk,xã Hòa Thịnh,xã Hòa Thịnh,✅ Toàn bộ
Đắk Lắk,xã Hòa Mỹ Đông,xã Hòa Mỹ,✅ Toàn bộ
Đắk Lắk,xã Hòa Mỹ Tây,xã Hòa Mỹ,✅ Toàn bộ
Đắk Lắk,xã Hòa Phú (huyện Tây Hòa),xã Sơn Thành,✅ Toàn bộ
Đắk Lắk,Sơn Thành Đông,xã Sơn Thành,✅ Toàn bộ
Đắk Lắk,Sơn Thành Tây,xã Sơn Thành,✅ Toàn bộ
Đắk Lắk,thị trấn Củng Sơn,xã Sơn Hòa,✅ Toàn bộ
Đắk Lắk,xã Suối Bạc,xã Sơn Hòa,✅ Toàn bộ
Đắk Lắk,Sơn Hà,xã Sơn Hòa,✅ Toàn bộ
Đắk Lắk,Sơn Nguyên,xã Sơn Hòa,✅ Toàn bộ
Đắk Lắk,Sơn Phước,xã Sơn Hòa,✅ Toàn bộ
Đắk Lắk,xã Sơn Long,xã Vân Hòa,✅ Toàn bộ
Đắk Lắk,Sơn Xuân,xã Vân Hòa,✅ Toàn bộ
Đắk Lắk,Sơn Định,xã Vân Hòa,✅ Toàn bộ
Đắk Lắk,xã Sơn Hội,xã Tây Sơn,✅ Toàn bộ
Đắk Lắk,Cà Lúi,xã Tây Sơn,✅ Toàn bộ
Đắk Lắk,Phước Tân,xã Tây Sơn,✅ Toàn bộ
Đắk Lắk,xã Ea Chà Rang,xã Suối Trai,✅ Toàn bộ
Đắk Lắk,Krông Pa,xã Suối Trai,✅ Toàn bộ
Đắk Lắk,Suối Trai,xã Suối Trai,✅ Toàn bộ
Đắk Lắk,xã Ea Lâm,xã Ea Ly,✅ Toàn bộ
Đắk Lắk,xã Ea Ly,xã Ea Ly,✅ Toàn bộ
Đắk Lắk,xã Ea Bar (huyện Sông Hinh),xã Ea Ly,⚠️ Một phần (Cần check)
Đắk Lắk,xã Ea Bá,xã Ea Bá,✅ Toàn bộ
Đắk Lắk,phần còn lại của xã Ea Bar (huyện Sông Hinh) sau khi sắp xếp theo quy định tại khoản 74 Điều này,xã Ea Bá,✅ Toàn bộ
Đắk Lắk,xã Sơn Giang,xã Đức Bình,✅ Toàn bộ
Đắk Lắk,Đức Bình Đông,xã Đức Bình,✅ Toàn bộ
Đắk Lắk,Đức Bình Tây,xã Đức Bình,✅ Toàn bộ
Đắk Lắk,xã Ea Bia,xã Đức Bình,⚠️ Một phần (Cần check)
Đắk Lắk,thị trấn Hai Riêng,xã Sông Hinh,✅ Toàn bộ
Đắk Lắk,xã Ea Trol,xã Sông Hinh,✅ Toàn bộ
Đắk Lắk,xã Sông Hinh,xã Sông Hinh,✅ Toàn bộ
Đắk Lắk,phần còn lại của xã Ea Bia sau khi sắp xếp theo quy định tại khoản 76 Điều này,xã Sông Hinh,✅ Toàn bộ
Đắk Lắk,xã Đa Lộc,xã Xuân Lãnh,✅ Toàn bộ
Đắk Lắk,xã Xuân Lãnh,xã Xuân Lãnh,✅ Toàn bộ
Đắk Lắk,xã Xuân Quang 1,xã Phú Mỡ,✅ Toàn bộ
Đắk Lắk,xã Phú Mỡ,xã Phú Mỡ,✅ Toàn bộ
Đắk Lắk,xã Xuân Quang 3,xã Xuân Phước,✅ Toàn bộ
Đắk Lắk,xã Xuân Phước,xã Xuân Phước,✅ Toàn bộ
Đắk Lắk,thị trấn La Hai,xã Đồng Xuân,✅ Toàn bộ
Đắk Lắk,xã Xuân Sơn Nam,xã Đồng Xuân,✅ Toàn bộ
Đắk Lắk,Xuân Sơn Bắc,xã Đồng Xuân,✅ Toàn bộ
Đắk Lắk,Xuân Long,xã Đồng Xuân,✅ Toàn bộ
Đắk Lắk,Xuân Quang 2,xã Đồng Xuân,✅ Toàn bộ
Đắk Lắk,phường Thành Công,phường Buôn Ma Thuột,✅ Toàn bộ
Đắk Lắk,Tân Tiến,phường Buôn Ma Thuột,✅ Toàn bộ
Đắk Lắk,Tân Thành,phường Buôn Ma Thuột,✅ Toàn bộ
Đắk Lắk,Tự An,phường Buôn Ma Thuột,✅ Toàn bộ
Đắk Lắk,Tân Lợi,phường Buôn Ma Thuột,✅ Toàn bộ
Đắk Lắk,xã Cư Êbur,phường Buôn Ma Thuột,✅ Toàn bộ
Đắk Lắk,phường Tân An,phường Tân An,✅ Toàn bộ
Đắk Lắk,xã Ea Tu,phường Tân An,✅ Toàn bộ
Đắk Lắk,xã Hòa Thuận,phường Tân An,✅ Toàn bộ
Đắk Lắk,phường Tân Hòa,phường Tân Lập,✅ Toàn bộ
Đắk Lắk,phường Tân Lập,phường Tân Lập,✅ Toàn bộ
Đắk Lắk,xã Hòa Thắng (thành phố Buôn Ma Thuột),phường Tân Lập,✅ Toàn bộ
Đắk Lắk,phường Khánh Xuân,phường Thành Nhất,✅ Toàn bộ
Đắk Lắk,phường Thành Nhất,phường Thành Nhất,✅ Toàn bộ
Đắk Lắk,phường Ea Tam,phường Ea Kao,✅ Toàn bộ
Đắk Lắk,xã Ea Kao,phường Ea Kao,✅ Toàn bộ
Đắk Lắk,phường Đạt Hiếu,phường Buôn Hồ,✅ Toàn bộ
Đắk Lắk,An Bình,phường Buôn Hồ,✅ Toàn bộ
Đắk Lắk,An Lạc,phường Buôn Hồ,✅ Toàn bộ
Đắk Lắk,Thiện An,phường Buôn Hồ,✅ Toàn bộ
Đắk Lắk,Thống Nhất,phường Buôn Hồ,✅ Toàn bộ
Đắk Lắk,Đoàn Kết,phường Buôn Hồ,✅ Toàn bộ
Đắk Lắk,phường Bình Tân,phường Cư Bao,✅ Toàn bộ
Đắk Lắk,xã Bình Thuận,phường Cư Bao,✅ Toàn bộ
Đắk Lắk,xã Cư Bao,phường Cư Bao,✅ Toàn bộ
Đắk Lắk,phường Phú Đông,phường Phú Yên,✅ Toàn bộ
Đắk Lắk,Phú Lâm,phường Phú Yên,✅ Toàn bộ
Đắk Lắk,Phú Thạnh,phường Phú Yên,✅ Toàn bộ
Đắk Lắk,xã Hòa Thành (thị xã Đông Hòa),phường Phú Yên,✅ Toàn bộ
Đắk Lắk,phường Hòa Hiệp Bắc,phường Phú Yên,⚠️ Một phần (Cần check)
Đắk Lắk,phần còn lại của xã Hòa Bình 1 sau khi sắp xếp theo quy định tại khoản 66 Điều này,phường Phú Yên,⚠️ Một phần (Cần check)
Đắk Lắk,Phường 1,phường Tuy Hòa,✅ Toàn bộ
Đắk Lắk,Phường 2,phường Tuy Hòa,✅ Toàn bộ
Đắk Lắk,Phường 4,phường Tuy Hòa,✅ Toàn bộ
Đắk Lắk,Phường 5,phường Tuy Hòa,✅ Toàn bộ
Đắk Lắk,Phường 7,phường Tuy Hòa,✅ Toàn bộ
Đắk Lắk,Phường 9,phường Tuy Hòa,⚠️ Một phần (Cần check)
Đắk Lắk,phần còn lại của xã Hòa An (huyện Phú Hòa) sau khi sắp xếp theo quy định tại khoản 64 Điều này,phường Tuy Hòa,⚠️ Một phần (Cần check)
Đắk Lắk,phần còn lại của xã Hòa Trị sau khi sắp xếp theo quy định tại khoản 65 Điều này,phường Tuy Hòa,⚠️ Một phần (Cần check)
Đắk Lắk,xã An Phú,phường Bình Kiến,✅ Toàn bộ
Đắk Lắk,Hòa Kiến,phường Bình Kiến,✅ Toàn bộ
Đắk Lắk,Bình Kiến,phường Bình Kiến,✅ Toàn bộ
Đắk Lắk,phần còn lại của Phường 9 sau khi sắp xếp theo quy định tại khoản 90 Điều này,phường Bình Kiến,✅ Toàn bộ
Đắk Lắk,phường Xuân Thành,phường Xuân Đài,✅ Toàn bộ
Đắk Lắk,phường Xuân Đài,phường Xuân Đài,✅ Toàn bộ
Đắk Lắk,phường Xuân Yên,phường Sông Cầu,✅ Toàn bộ
Đắk Lắk,phường Xuân Phú,phường Sông Cầu,✅ Toàn bộ
Đắk Lắk,xã Xuân Phương,phường Sông Cầu,✅ Toàn bộ
Đắk Lắk,xã Xuân Thịnh,phường Sông Cầu,✅ Toàn bộ
Đắk Lắk,phường Hòa Vinh,phường Đông Hòa,✅ Toàn bộ
Đắk Lắk,phường Hòa Xuân Tây,phường Đông Hòa,✅ Toàn bộ
Đắk Lắk,xã Hòa Tân Đông,phường Đông Hòa,✅ Toàn bộ
Đắk Lắk,phường Hòa Hiệp Trung,phường Hòa Hiệp,✅ Toàn bộ
Đắk Lắk,phường Hòa Hiệp Nam,phường Hòa Hiệp,✅ Toàn bộ
Đắk Lắk,phần còn lại của phường Hòa Hiệp Bắc sau khi sắp xếp theo quy định tại khoản 89 Điều này,phường Hòa Hiệp,✅ Toàn bộ
Nghệ An,thị trấn Kim Nhan,xã Anh Sơn,✅ Toàn bộ
Nghệ An,xã Đức Sơn,xã Anh Sơn,✅ Toàn bộ
Nghệ An,xã Phúc Sơn,xã Anh Sơn,✅ Toàn bộ
Nghệ An,xã Cao Sơn,xã Yên Xuân,✅ Toàn bộ
Nghệ An,Khai Sơn,xã Yên Xuân,✅ Toàn bộ
Nghệ An,Lĩnh Sơn,xã Yên Xuân,✅ Toàn bộ
Nghệ An,Long Sơn,xã Yên Xuân,✅ Toàn bộ
Nghệ An,xã Cẩm Sơn,xã Nhân Hòa,✅ Toàn bộ
Nghệ An,Hùng Sơn,xã Nhân Hòa,✅ Toàn bộ
Nghệ An,xã Tam Đỉnh,xã Nhân Hòa,✅ Toàn bộ
Nghệ An,xã Lạng Sơn,xã Anh Sơn Đông,✅ Toàn bộ
Nghệ An,Tào Sơn,xã Anh Sơn Đông,✅ Toàn bộ
Nghệ An,Vĩnh Sơn,xã Anh Sơn Đông,✅ Toàn bộ
Nghệ An,xã Hoa Sơn,xã Vĩnh Tường,✅ Toàn bộ
Nghệ An,Hội Sơn,xã Vĩnh Tường,✅ Toàn bộ
Nghệ An,Tường Sơn,xã Vĩnh Tường,✅ Toàn bộ
Nghệ An,xã Bình Sơn (huyện Anh Sơn),xã Thành Bình Thọ,✅ Toàn bộ
Nghệ An,Thành Sơn,xã Thành Bình Thọ,✅ Toàn bộ
Nghệ An,Thọ Sơn,xã Thành Bình Thọ,✅ Toàn bộ
Nghệ An,thị trấn Trà Lân,xã Con Cuông,✅ Toàn bộ
Nghệ An,xã Chi Khê,xã Con Cuông,✅ Toàn bộ
Nghệ An,xã Yên Khê,xã Con Cuông,✅ Toàn bộ
Nghệ An,xã Lục Dạ,xã Môn Sơn,✅ Toàn bộ
Nghệ An,xã Môn Sơn,xã Môn Sơn,✅ Toàn bộ
Nghệ An,xã Mậu Đức,xã Mậu Thạch,✅ Toàn bộ
Nghệ An,xã Thạch Ngàn,xã Mậu Thạch,✅ Toàn bộ
Nghệ An,xã Cam Lâm,xã Cam Phục,✅ Toàn bộ
Nghệ An,xã Đôn Phục,xã Cam Phục,✅ Toàn bộ
Nghệ An,xã Lạng Khê,xã Châu Khê,✅ Toàn bộ
Nghệ An,xã Châu Khê,xã Châu Khê,✅ Toàn bộ
Nghệ An,thị trấn Diễn Thành,xã Diễn Châu,✅ Toàn bộ
Nghệ An,xã Diễn Hoa,xã Diễn Châu,✅ Toàn bộ
Nghệ An,Diễn Phúc,xã Diễn Châu,✅ Toàn bộ
Nghệ An,Ngọc Bích,xã Diễn Châu,✅ Toàn bộ
Nghệ An,xã Diễn Hồng,xã Đức Châu,✅ Toàn bộ
Nghệ An,Diễn Kỷ,xã Đức Châu,✅ Toàn bộ
Nghệ An,Diễn Phong,xã Đức Châu,✅ Toàn bộ
Nghệ An,Diễn Vạn,xã Đức Châu,✅ Toàn bộ
Nghệ An,xã Diễn Đồng,xã Quảng Châu,✅ Toàn bộ
Nghệ An,Diễn Liên,xã Quảng Châu,✅ Toàn bộ
Nghệ An,Diễn Thái,xã Quảng Châu,✅ Toàn bộ
Nghệ An,Xuân Tháp,xã Quảng Châu,✅ Toàn bộ
Nghệ An,xã Diễn Hoàng,xã Hải Châu,✅ Toàn bộ
Nghệ An,Diễn Kim,xã Hải Châu,✅ Toàn bộ
Nghệ An,Diễn Mỹ,xã Hải Châu,✅ Toàn bộ
Nghệ An,Hùng Hải,xã Hải Châu,✅ Toàn bộ
Nghệ An,xã Diễn Lộc,xã Tân Châu,✅ Toàn bộ
Nghệ An,Diễn Lợi,xã Tân Châu,✅ Toàn bộ
Nghệ An,Diễn Phú,xã Tân Châu,✅ Toàn bộ
Nghệ An,Diễn Thọ,xã Tân Châu,✅ Toàn bộ
Nghệ An,xã Diễn An,xã An Châu,✅ Toàn bộ
Nghệ An,Diễn Tân,xã An Châu,✅ Toàn bộ
Nghệ An,Diễn Thịnh,xã An Châu,✅ Toàn bộ
Nghệ An,Diễn Trung,xã An Châu,✅ Toàn bộ
Nghệ An,xã Diễn Cát,xã Minh Châu,✅ Toàn bộ
Nghệ An,Diễn Nguyên,xã Minh Châu,✅ Toàn bộ
Nghệ An,Hạnh Quảng,xã Minh Châu,✅ Toàn bộ
Nghệ An,Minh Châu,xã Minh Châu,✅ Toàn bộ
Nghệ An,xã Diễn Đoài,xã Hùng Châu,✅ Toàn bộ
Nghệ An,Diễn Lâm,xã Hùng Châu,✅ Toàn bộ
Nghệ An,Diễn Trường,xã Hùng Châu,✅ Toàn bộ
Nghệ An,Diễn Yên,xã Hùng Châu,✅ Toàn bộ
Nghệ An,xã Bắc Sơn và xã Nam Sơn (huyện Đô Lương),xã Đô Lương,✅ Toàn bộ
Nghệ An,xã Đà Sơn,xã Đô Lương,✅ Toàn bộ
Nghệ An,Đặng Sơn,xã Đô Lương,✅ Toàn bộ
Nghệ An,Lưu Sơn,xã Đô Lương,✅ Toàn bộ
Nghệ An,Thịnh Sơn,xã Đô Lương,✅ Toàn bộ
Nghệ An,Văn Sơn,xã Đô Lương,✅ Toàn bộ
Nghệ An,Yên Sơn,xã Đô Lương,✅ Toàn bộ
Nghệ An,thị trấn Đô Lương,xã Đô Lương,✅ Toàn bộ
Nghệ An,xã Bồi Sơn,xã Bạch Ngọc,✅ Toàn bộ
Nghệ An,Giang Sơn Đông,xã Bạch Ngọc,✅ Toàn bộ
Nghệ An,Giang Sơn Tây,xã Bạch Ngọc,✅ Toàn bộ
Nghệ An,Bạch Ngọc,xã Bạch Ngọc,✅ Toàn bộ
Nghệ An,xã Tân Sơn (huyện Đô Lương),xã Văn Hiến,✅ Toàn bộ
Nghệ An,Hòa Sơn,xã Văn Hiến,✅ Toàn bộ
Nghệ An,Quang Sơn,xã Văn Hiến,✅ Toàn bộ
Nghệ An,Thái Sơn,xã Văn Hiến,✅ Toàn bộ
Nghệ An,Thượng Sơn,xã Văn Hiến,✅ Toàn bộ
Nghệ An,xã Đại Sơn,xã Bạch Hà,✅ Toàn bộ
Nghệ An,Hiến Sơn,xã Bạch Hà,✅ Toàn bộ
Nghệ An,Mỹ Sơn,xã Bạch Hà,✅ Toàn bộ
Nghệ An,Trù Sơn,xã Bạch Hà,✅ Toàn bộ
Nghệ An,xã Minh Sơn (huyện Đô Lương),xã Thuần Trung,✅ Toàn bộ
Nghệ An,Lạc Sơn,xã Thuần Trung,✅ Toàn bộ
Nghệ An,Nhân Sơn,xã Thuần Trung,✅ Toàn bộ
Nghệ An,Thuận Sơn,xã Thuần Trung,✅ Toàn bộ
Nghệ An,Trung Sơn,xã Thuần Trung,✅ Toàn bộ
Nghệ An,Xuân Sơn,xã Thuần Trung,✅ Toàn bộ
Nghệ An,xã Bài Sơn,xã Lương Sơn,✅ Toàn bộ
Nghệ An,Đông Sơn,xã Lương Sơn,✅ Toàn bộ
Nghệ An,Hồng Sơn,xã Lương Sơn,✅ Toàn bộ
Nghệ An,Tràng Sơn,xã Lương Sơn,✅ Toàn bộ
Nghệ An,thị trấn Hưng Nguyên,xã Hưng Nguyên,✅ Toàn bộ
Nghệ An,xã Hưng Đạo,xã Hưng Nguyên,✅ Toàn bộ
Nghệ An,Hưng Tây,xã Hưng Nguyên,✅ Toàn bộ
Nghệ An,Thịnh Mỹ,xã Hưng Nguyên,✅ Toàn bộ
Nghệ An,xã Hưng Yên Bắc,xã Yên Trung,✅ Toàn bộ
Nghệ An,Hưng Yên Nam,xã Yên Trung,✅ Toàn bộ
Nghệ An,Hưng Trung,xã Yên Trung,✅ Toàn bộ
Nghệ An,xã Hưng Lĩnh,xã Hưng Nguyên Nam,✅ Toàn bộ
Nghệ An,Long Xá,xã Hưng Nguyên Nam,✅ Toàn bộ
Nghệ An,Thông Tân,xã Hưng Nguyên Nam,✅ Toàn bộ
Nghệ An,Xuân Lam,xã Hưng Nguyên Nam,✅ Toàn bộ
Nghệ An,xã Châu Nhân,xã Lam Thành,✅ Toàn bộ
Nghệ An,Hưng Nghĩa,xã Lam Thành,✅ Toàn bộ
Nghệ An,Hưng Thành,xã Lam Thành,✅ Toàn bộ
Nghệ An,Phúc Lợi,xã Lam Thành,✅ Toàn bộ
Nghệ An,xã Bảo Thắng,xã Chiêu Lưu,✅ Toàn bộ
Nghệ An,xã Chiêu Lưu,xã Chiêu Lưu,✅ Toàn bộ
Nghệ An,xã Bảo Nam,xã Hữu Kiệm,✅ Toàn bộ
Nghệ An,Hữu Lập,xã Hữu Kiệm,✅ Toàn bộ
Nghệ An,Hữu Kiệm,xã Hữu Kiệm,✅ Toàn bộ
Nghệ An,xã Mường Ải,xã Mường Típ,✅ Toàn bộ
Nghệ An,xã Mường Típ,xã Mường Típ,✅ Toàn bộ
Nghệ An,thị trấn Mường Xén,xã Mường Xén,✅ Toàn bộ
Nghệ An,xã Tà Cạ,xã Mường Xén,✅ Toàn bộ
Nghệ An,xã Tây Sơn,xã Mường Xén,✅ Toàn bộ
Nghệ An,xã Đoọc Mạy,xã Na Loi,✅ Toàn bộ
Nghệ An,xã Na Loi,xã Na Loi,✅ Toàn bộ
Nghệ An,xã Nậm Càn,xã Na Ngoi,✅ Toàn bộ
Nghệ An,xã Na Ngoi,xã Na Ngoi,✅ Toàn bộ
Nghệ An,xã Phà Đánh,xã Nậm Cắn,✅ Toàn bộ
Nghệ An,xã Nậm Cắn,xã Nậm Cắn,✅ Toàn bộ
Nghệ An,xã Hùng Tiến,xã Kim Liên,✅ Toàn bộ
Nghệ An,Nam Cát,xã Kim Liên,✅ Toàn bộ
Nghệ An,Nam Giang,xã Kim Liên,✅ Toàn bộ
Nghệ An,Xuân Hồng,xã Kim Liên,✅ Toàn bộ
Nghệ An,Kim Liên,xã Kim Liên,✅ Toàn bộ
Nghệ An,thị trấn Nam Đàn,xã Vạn An,✅ Toàn bộ
Nghệ An,xã Thượng Tân Lộc,xã Vạn An,✅ Toàn bộ
Nghệ An,xã Xuân Hòa,xã Vạn An,✅ Toàn bộ
Nghệ An,xã Nghĩa Thái (huyện Nam Đàn),xã Nam Đàn,✅ Toàn bộ
Nghệ An,Nam Hưng,xã Nam Đàn,✅ Toàn bộ
Nghệ An,Nam Thanh,xã Nam Đàn,✅ Toàn bộ
Nghệ An,xã Nam Anh,xã Đại Huệ,✅ Toàn bộ
Nghệ An,Nam Lĩnh,xã Đại Huệ,✅ Toàn bộ
Nghệ An,Nam Xuân,xã Đại Huệ,✅ Toàn bộ
Nghệ An,xã Khánh Sơn,xã Thiên Nhẫn,✅ Toàn bộ
Nghệ An,Nam Kim,xã Thiên Nhẫn,✅ Toàn bộ
Nghệ An,Trung Phúc Cường,xã Thiên Nhẫn,✅ Toàn bộ
Nghệ An,thị trấn Nghĩa Đàn,xã Nghĩa Đàn,✅ Toàn bộ
Nghệ An,xã Nghĩa Bình và xã Nghĩa Trung,xã Nghĩa Đàn,✅ Toàn bộ
Nghệ An,xã Nghĩa Hội,xã Nghĩa Thọ,✅ Toàn bộ
Nghệ An,Nghĩa Lợi,xã Nghĩa Thọ,✅ Toàn bộ
Nghệ An,Nghĩa Thọ,xã Nghĩa Thọ,✅ Toàn bộ
Nghệ An,xã Nghĩa Lạc,xã Nghĩa Lâm,✅ Toàn bộ
Nghệ An,Nghĩa Sơn,xã Nghĩa Lâm,✅ Toàn bộ
Nghệ An,Nghĩa Yên,xã Nghĩa Lâm,✅ Toàn bộ
Nghệ An,Nghĩa Lâm,xã Nghĩa Lâm,✅ Toàn bộ
Nghệ An,xã Nghĩa Hồng,xã Nghĩa Mai,✅ Toàn bộ
Nghệ An,Nghĩa Minh,xã Nghĩa Mai,✅ Toàn bộ
Nghệ An,Nghĩa Mai,xã Nghĩa Mai,✅ Toàn bộ
Nghệ An,xã Nghĩa Thành,xã Nghĩa Hưng,✅ Toàn bộ
Nghệ An,xã Nghĩa Hưng,xã Nghĩa Hưng,✅ Toàn bộ
Nghệ An,xã Nghĩa An,xã Nghĩa Khánh,✅ Toàn bộ
Nghệ An,Nghĩa Đức,xã Nghĩa Khánh,✅ Toàn bộ
Nghệ An,Nghĩa Khánh,xã Nghĩa Khánh,✅ Toàn bộ
Nghệ An,xã Nghĩa Long,xã Nghĩa Lộc,✅ Toàn bộ
Nghệ An,xã Nghĩa Lộc,xã Nghĩa Lộc,✅ Toàn bộ
Nghệ An,thị trấn Quán Hành,xã Nghi Lộc,✅ Toàn bộ
Nghệ An,xã Diên Hoa,xã Nghi Lộc,✅ Toàn bộ
Nghệ An,Nghi Trung,xã Nghi Lộc,✅ Toàn bộ
Nghệ An,Nghi Vạn,xã Nghi Lộc,✅ Toàn bộ
Nghệ An,xã Nghi Công Bắc,xã Phúc Lộc,✅ Toàn bộ
Nghệ An,Nghi Công Nam,xã Phúc Lộc,✅ Toàn bộ
Nghệ An,Nghi Lâm,xã Phúc Lộc,✅ Toàn bộ
Nghệ An,Nghi Mỹ,xã Phúc Lộc,✅ Toàn bộ
Nghệ An,xã Khánh Hợp,xã Đông Lộc,✅ Toàn bộ
Nghệ An,Nghi Thạch,xã Đông Lộc,✅ Toàn bộ
Nghệ An,Thịnh Trường,xã Đông Lộc,✅ Toàn bộ
Nghệ An,xã Nghi Long,xã Trung Lộc,✅ Toàn bộ
Nghệ An,Nghi Quang,xã Trung Lộc,✅ Toàn bộ
Nghệ An,Nghi Thuận,xã Trung Lộc,✅ Toàn bộ
Nghệ An,Nghi Xá,xã Trung Lộc,✅ Toàn bộ
Nghệ An,xã Nghi Đồng,xã Thần Lĩnh,✅ Toàn bộ
Nghệ An,Nghi Hưng,xã Thần Lĩnh,✅ Toàn bộ
Nghệ An,Nghi Phương,xã Thần Lĩnh,✅ Toàn bộ
Nghệ An,xã Nghi Thiết,xã Hải Lộc,✅ Toàn bộ
Nghệ An,Nghi Tiến,xã Hải Lộc,✅ Toàn bộ
Nghệ An,Nghi Yên,xã Hải Lộc,✅ Toàn bộ
Nghệ An,xã Nghi Kiều,xã Văn Kiều,✅ Toàn bộ
Nghệ An,xã Nghi Văn,xã Văn Kiều,✅ Toàn bộ
Nghệ An,xã Cắm Muộn,xã Mường Quàng,✅ Toàn bộ
Nghệ An,Châu Thôn,xã Mường Quàng,✅ Toàn bộ
Nghệ An,Quang Phong,xã Mường Quàng,✅ Toàn bộ
Nghệ An,thị trấn Kim Sơn,xã Quế Phong,✅ Toàn bộ
Nghệ An,xã Châu Kim,xã Quế Phong,✅ Toàn bộ
Nghệ An,Mường Nọc,xã Quế Phong,✅ Toàn bộ
Nghệ An,Nậm Giải,xã Quế Phong,✅ Toàn bộ
Nghệ An,xã Đồng Văn (huyện Quế Phong),xã Thông Thụ,✅ Toàn bộ
Nghệ An,xã Thông Thụ,xã Thông Thụ,✅ Toàn bộ
Nghệ An,xã Hạnh Dịch,xã Tiền Phong,✅ Toàn bộ
Nghệ An,xã Tiền Phong,xã Tiền Phong,✅ Toàn bộ
Nghệ An,xã Nậm Nhoóng,xã Tri Lễ,✅ Toàn bộ
Nghệ An,xã Tri Lễ,xã Tri Lễ,✅ Toàn bộ
Nghệ An,thị trấn Tân Lạc,xã Quỳ Châu,✅ Toàn bộ
Nghệ An,xã Châu Hạnh,xã Quỳ Châu,✅ Toàn bộ
Nghệ An,Châu Hội,xã Quỳ Châu,✅ Toàn bộ
Nghệ An,Châu Nga,xã Quỳ Châu,✅ Toàn bộ
Nghệ An,xã Châu Tiến (huyện Quỳ Châu),xã Châu Tiến,✅ Toàn bộ
Nghệ An,Châu Bính,xã Châu Tiến,✅ Toàn bộ
Nghệ An,Châu Thắng và Châu Thuận,xã Châu Tiến,✅ Toàn bộ
Nghệ An,xã Châu Hoàn,xã Hùng Chân,✅ Toàn bộ
Nghệ An,Châu Phong,xã Hùng Chân,✅ Toàn bộ
Nghệ An,Diên Lãm,xã Hùng Chân,✅ Toàn bộ
Nghệ An,thị trấn Quỳ Hợp,xã Quỳ Hợp,✅ Toàn bộ
Nghệ An,xã Châu Đình,xã Quỳ Hợp,✅ Toàn bộ
Nghệ An,Châu Quang,xã Quỳ Hợp,✅ Toàn bộ
Nghệ An,Thọ Hợp,xã Quỳ Hợp,✅ Toàn bộ
Nghệ An,xã Tam Hợp (huyện Quỳ Hợp),xã Tam Hợp,✅ Toàn bộ
Nghệ An,Đồng Hợp,xã Tam Hợp,✅ Toàn bộ
Nghệ An,Nghĩa Xuân và Yên Hợp,xã Tam Hợp,✅ Toàn bộ
Nghệ An,xã Liên Hợp,xã Châu Lộc,✅ Toàn bộ
Nghệ An,xã Châu Lộc,xã Châu Lộc,✅ Toàn bộ
Nghệ An,xã Châu Tiến (huyện Quỳ Hợp),xã Châu Hồng,✅ Toàn bộ
Nghệ An,Châu Thành,xã Châu Hồng,✅ Toàn bộ
Nghệ An,Châu Hồng,xã Châu Hồng,✅ Toàn bộ
Nghệ An,xã Châu Cường,xã Mường Ham,✅ Toàn bộ
Nghệ An,xã Châu Thái,xã Mường Ham,✅ Toàn bộ
Nghệ An,xã Bắc Sơn và xã Nam Sơn (huyện Quỳ Hợp),xã Mường Chọng,✅ Toàn bộ
Nghệ An,xã Châu Lý,xã Mường Chọng,✅ Toàn bộ
Nghệ An,xã Hạ Sơn,xã Minh Hợp,✅ Toàn bộ
Nghệ An,Văn Lợi,xã Minh Hợp,✅ Toàn bộ
Nghệ An,Minh Hợp,xã Minh Hợp,✅ Toàn bộ
Nghệ An,thị trấn Cầu Giát,xã Quỳnh Lưu,✅ Toàn bộ
Nghệ An,xã Bình Sơn (huyện Quỳnh Lưu),xã Quỳnh Lưu,✅ Toàn bộ
Nghệ An,Quỳnh Diễn,xã Quỳnh Lưu,✅ Toàn bộ
Nghệ An,Quỳnh Giang,xã Quỳnh Lưu,✅ Toàn bộ
Nghệ An,Quỳnh Hậu,xã Quỳnh Lưu,✅ Toàn bộ
Nghệ An,xã Quỳnh Tân,xã Quỳnh Văn,✅ Toàn bộ
Nghệ An,Quỳnh Thạch,xã Quỳnh Văn,✅ Toàn bộ
Nghệ An,Quỳnh Văn,xã Quỳnh Văn,✅ Toàn bộ
Nghệ An,xã Minh Lương,xã Quỳnh Anh,✅ Toàn bộ
Nghệ An,Quỳnh Bảng,xã Quỳnh Anh,✅ Toàn bộ
Nghệ An,Quỳnh Đôi,xã Quỳnh Anh,✅ Toàn bộ
Nghệ An,Quỳnh Thanh,xã Quỳnh Anh,✅ Toàn bộ
Nghệ An,Quỳnh Yên,xã Quỳnh Anh,✅ Toàn bộ
Nghệ An,xã Tân Sơn (huyện Quỳnh Lưu),xã Quỳnh Tam,✅ Toàn bộ
Nghệ An,Quỳnh Châu,xã Quỳnh Tam,✅ Toàn bộ
Nghệ An,Quỳnh Tam,xã Quỳnh Tam,✅ Toàn bộ
Nghệ An,xã An Hòa,xã Quỳnh Phú,✅ Toàn bộ
Nghệ An,Phú Nghĩa,xã Quỳnh Phú,✅ Toàn bộ
Nghệ An,Thuận Long,xã Quỳnh Phú,✅ Toàn bộ
Nghệ An,Văn Hải,xã Quỳnh Phú,✅ Toàn bộ
Nghệ An,xã Ngọc Sơn (huyện Quỳnh Lưu),xã Quỳnh Sơn,✅ Toàn bộ
Nghệ An,Quỳnh Lâm,xã Quỳnh Sơn,✅ Toàn bộ
Nghệ An,Quỳnh Sơn,xã Quỳnh Sơn,✅ Toàn bộ
Nghệ An,xã Tân Thắng,xã Quỳnh Thắng,✅ Toàn bộ
Nghệ An,xã Quỳnh Thắng,xã Quỳnh Thắng,✅ Toàn bộ
Nghệ An,thị trấn Tân Kỳ,xã Tân Kỳ,✅ Toàn bộ
Nghệ An,xã Nghĩa Dũng,xã Tân Kỳ,✅ Toàn bộ
Nghệ An,Kỳ Tân,xã Tân Kỳ,✅ Toàn bộ
Nghệ An,Kỳ Sơn,xã Tân Kỳ,✅ Toàn bộ
Nghệ An,xã Nghĩa Thái (huyện Tân Kỳ),xã Tân Phú,✅ Toàn bộ
Nghệ An,Hoàn Long,xã Tân Phú,✅ Toàn bộ
Nghệ An,Tân Xuân,xã Tân Phú,✅ Toàn bộ
Nghệ An,Tân Phú,xã Tân Phú,✅ Toàn bộ
Nghệ An,xã Hương Sơn,xã Tân An,✅ Toàn bộ
Nghệ An,Nghĩa Phúc,xã Tân An,✅ Toàn bộ
Nghệ An,Tân An,xã Tân An,✅ Toàn bộ
Nghệ An,xã Bình Hợp,xã Nghĩa Đồng,✅ Toàn bộ
Nghệ An,xã Nghĩa Đồng,xã Nghĩa Đồng,✅ Toàn bộ
Nghệ An,xã Tân Hợp,xã Giai Xuân,✅ Toàn bộ
Nghệ An,xã Giai Xuân,xã Giai Xuân,✅ Toàn bộ
Nghệ An,xã Phú Sơn,xã Nghĩa Hành,✅ Toàn bộ
Nghệ An,Tân Hương,xã Nghĩa Hành,✅ Toàn bộ
Nghệ An,Nghĩa Hành,xã Nghĩa Hành,✅ Toàn bộ
Nghệ An,xã Đồng Văn (huyện Tân Kỳ),xã Tiên Đồng,✅ Toàn bộ
Nghệ An,xã Tiên Kỳ,xã Tiên Đồng,✅ Toàn bộ
Nghệ An,xã Nghĩa Mỹ,xã Đông Hiếu,✅ Toàn bộ
Nghệ An,Nghĩa Thuận,xã Đông Hiếu,✅ Toàn bộ
Nghệ An,Đông Hiếu,xã Đông Hiếu,✅ Toàn bộ
Nghệ An,xã Mai Giang,xã Bích Hào,✅ Toàn bộ
Nghệ An,Thanh Lâm,xã Bích Hào,✅ Toàn bộ
Nghệ An,Thanh Tùng,xã Bích Hào,✅ Toàn bộ
Nghệ An,Thanh Xuân,xã Bích Hào,✅ Toàn bộ
Nghệ An,xã Minh Sơn (huyện Thanh Chương),xã Cát Ngạn,✅ Toàn bộ
Nghệ An,Cát Văn,xã Cát Ngạn,✅ Toàn bộ
Nghệ An,Phong Thịnh,xã Cát Ngạn,✅ Toàn bộ
Nghệ An,thị trấn Dùng,xã Đại Đồng,✅ Toàn bộ
Nghệ An,xã Đồng Văn (huyện Thanh Chương),xã Đại Đồng,✅ Toàn bộ
Nghệ An,Thanh Ngọc,xã Đại Đồng,✅ Toàn bộ
Nghệ An,Thanh Phong,xã Đại Đồng,✅ Toàn bộ
Nghệ An,Đại Đồng,xã Đại Đồng,✅ Toàn bộ
Nghệ An,xã Thanh Đức,xã Hạnh Lâm,✅ Toàn bộ
Nghệ An,xã Hạnh Lâm,xã Hạnh Lâm,✅ Toàn bộ
Nghệ An,xã Thanh An,xã Hoa Quân,✅ Toàn bộ
Nghệ An,Thanh Hương,xã Hoa Quân,✅ Toàn bộ
Nghệ An,Thanh Quả,xã Hoa Quân,✅ Toàn bộ
Nghệ An,Thanh Thịnh,xã Hoa Quân,✅ Toàn bộ
Nghệ An,xã Thanh Hà,xã Kim Bảng,✅ Toàn bộ
Nghệ An,Thanh Thủy,xã Kim Bảng,✅ Toàn bộ
Nghệ An,Kim Bảng,xã Kim Bảng,✅ Toàn bộ
Nghệ An,xã Ngọc Lâm,xã Sơn Lâm,✅ Toàn bộ
Nghệ An,xã Thanh Sơn,xã Sơn Lâm,✅ Toàn bộ
Nghệ An,xã Thanh Liên,xã Tam Đồng,✅ Toàn bộ
Nghệ An,Thanh Mỹ,xã Tam Đồng,✅ Toàn bộ
Nghệ An,Thanh Tiên,xã Tam Đồng,✅ Toàn bộ
Nghệ An,xã Ngọc Sơn (huyện Thanh Chương),xã Xuân Lâm,✅ Toàn bộ
Nghệ An,Minh Tiến,xã Xuân Lâm,✅ Toàn bộ
Nghệ An,Xuân Dương,xã Xuân Lâm,✅ Toàn bộ
Nghệ An,xã Xiêng My,xã Nga My,✅ Toàn bộ
Nghệ An,xã Nga My,xã Nga My,✅ Toàn bộ
Nghệ An,xã Mai Sơn,xã Nhôn Mai,✅ Toàn bộ
Nghệ An,xã Nhôn Mai,xã Nhôn Mai,✅ Toàn bộ
Nghệ An,xã Tam Đình,xã Tam Quang,✅ Toàn bộ
Nghệ An,xã Tam Quang,xã Tam Quang,✅ Toàn bộ
Nghệ An,xã Tam Hợp (huyện Tương Dương),xã Tam Thái,✅ Toàn bộ
Nghệ An,xã Tam Thái,xã Tam Thái,✅ Toàn bộ
Nghệ An,thị trấn Thạch Giám,xã Tương Dương,✅ Toàn bộ
Nghệ An,xã Lưu Kiền và xã Xá Lượng,xã Tương Dương,✅ Toàn bộ
Nghệ An,xã Yên Thắng,xã Yên Hòa,✅ Toàn bộ
Nghệ An,xã Yên Hòa,xã Yên Hòa,✅ Toàn bộ
Nghệ An,xã Yên Tĩnh,xã Yên Na,✅ Toàn bộ
Nghệ An,xã Yên Na,xã Yên Na,✅ Toàn bộ
Nghệ An,thị trấn Hoa Thành,xã Yên Thành,✅ Toàn bộ
Nghệ An,xã Đông Thành,xã Yên Thành,✅ Toàn bộ
Nghệ An,Tăng Thành,xã Yên Thành,✅ Toàn bộ
Nghệ An,Văn Thành,xã Yên Thành,✅ Toàn bộ
Nghệ An,xã Bắc Thành,xã Quan Thành,✅ Toàn bộ
Nghệ An,Nam Thành,xã Quan Thành,✅ Toàn bộ
Nghệ An,Trung Thành,xã Quan Thành,✅ Toàn bộ
Nghệ An,Xuân Thành,xã Quan Thành,✅ Toàn bộ
Nghệ An,xã Bảo Thành,xã Hợp Minh,✅ Toàn bộ
Nghệ An,Long Thành,xã Hợp Minh,✅ Toàn bộ
Nghệ An,Sơn Thành,xã Hợp Minh,✅ Toàn bộ
Nghệ An,Viên Thành,xã Hợp Minh,✅ Toàn bộ
Nghệ An,Vĩnh Thành,xã Hợp Minh,✅ Toàn bộ
Nghệ An,xã Liên Thành,xã Vân Tụ,✅ Toàn bộ
Nghệ An,Mỹ Thành,xã Vân Tụ,✅ Toàn bộ
Nghệ An,Vân Tụ,xã Vân Tụ,✅ Toàn bộ
Nghệ An,xã Minh Thành,xã Vân Du,✅ Toàn bộ
Nghệ An,Tây Thành,xã Vân Du,✅ Toàn bộ
Nghệ An,Thịnh Thành,xã Vân Du,✅ Toàn bộ
Nghệ An,xã Đồng Thành,xã Quang Đồng,✅ Toàn bộ
Nghệ An,Kim Thành,xã Quang Đồng,✅ Toàn bộ
Nghệ An,Quang Thành,xã Quang Đồng,✅ Toàn bộ
Nghệ An,xã Hậu Thành,xã Giai Lạc,✅ Toàn bộ
Nghệ An,Lăng Thành,xã Giai Lạc,✅ Toàn bộ
Nghệ An,Phúc Thành,xã Giai Lạc,✅ Toàn bộ
Nghệ An,xã Đức Thành,xã Bình Minh,✅ Toàn bộ
Nghệ An,Mã Thành,xã Bình Minh,✅ Toàn bộ
Nghệ An,Tân Thành,xã Bình Minh,✅ Toàn bộ
Nghệ An,Tiến Thành,xã Bình Minh,✅ Toàn bộ
Nghệ An,xã Đô Thành,xã Đông Thành,✅ Toàn bộ
Nghệ An,Phú Thành,xã Đông Thành,✅ Toàn bộ
Nghệ An,Thọ Thành,xã Đông Thành,✅ Toàn bộ
Nghệ An,phường Quỳnh Thiện,phường Hoàng Mai,✅ Toàn bộ
Nghệ An,xã Quỳnh Trang,phường Hoàng Mai,✅ Toàn bộ
Nghệ An,xã Quỳnh Vinh,phường Hoàng Mai,✅ Toàn bộ
Nghệ An,phường Mai Hùng,phường Quỳnh Mai,✅ Toàn bộ
Nghệ An,Quỳnh Phương,phường Quỳnh Mai,✅ Toàn bộ
Nghệ An,Quỳnh Xuân,phường Quỳnh Mai,✅ Toàn bộ
Nghệ An,xã Quỳnh Liên,phường Quỳnh Mai,✅ Toàn bộ
Nghệ An,phường Quỳnh Dị,phường Tân Mai,✅ Toàn bộ
Nghệ An,xã Quỳnh Lập,phường Tân Mai,✅ Toàn bộ
Nghệ An,xã Quỳnh Lộc,phường Tân Mai,✅ Toàn bộ
Nghệ An,phường Hòa Hiếu,phường Thái Hòa,✅ Toàn bộ
Nghệ An,Long Sơn,phường Thái Hòa,✅ Toàn bộ
Nghệ An,Quang Phong,phường Thái Hòa,✅ Toàn bộ
Nghệ An,phường Quang Tiến,phường Tây Hiếu,✅ Toàn bộ
Nghệ An,xã Nghĩa Tiến,phường Tây Hiếu,✅ Toàn bộ
Nghệ An,xã Tây Hiếu,phường Tây Hiếu,✅ Toàn bộ
Nghệ An,phường Bến Thủy,phường Trường Vinh,✅ Toàn bộ
Nghệ An,Hưng Dũng,phường Trường Vinh,✅ Toàn bộ
Nghệ An,Hưng Phúc,phường Trường Vinh,✅ Toàn bộ
Nghệ An,Trung Đô,phường Trường Vinh,✅ Toàn bộ
Nghệ An,Trường Thi,phường Trường Vinh,✅ Toàn bộ
Nghệ An,Vinh Tân,phường Trường Vinh,✅ Toàn bộ
Nghệ An,xã Hưng Hòa,phường Trường Vinh,✅ Toàn bộ
Nghệ An,phường Cửa Nam,phường Thành Vinh,✅ Toàn bộ
Nghệ An,Đông Vĩnh,phường Thành Vinh,✅ Toàn bộ
Nghệ An,Hưng Bình,phường Thành Vinh,✅ Toàn bộ
Nghệ An,Lê Lợi,phường Thành Vinh,✅ Toàn bộ
Nghệ An,Quang Trung,phường Thành Vinh,✅ Toàn bộ
Nghệ An,xã Hưng Chính,phường Thành Vinh,✅ Toàn bộ
Nghệ An,phường Hưng Đông,phường Vinh Hưng,✅ Toàn bộ
Nghệ An,phường Quán Bàu,phường Vinh Hưng,✅ Toàn bộ
Nghệ An,xã Nghi Kim,phường Vinh Hưng,✅ Toàn bộ
Nghệ An,xã Nghi Liên,phường Vinh Hưng,✅ Toàn bộ
Nghệ An,phường Hà Huy Tập,phường Vinh Phú,✅ Toàn bộ
Nghệ An,Nghi Đức,phường Vinh Phú,✅ Toàn bộ
Nghệ An,Nghi Phú,phường Vinh Phú,✅ Toàn bộ
Nghệ An,xã Nghi Ân,phường Vinh Phú,✅ Toàn bộ
Nghệ An,phường Hưng Lộc,phường Vinh Lộc,✅ Toàn bộ
Nghệ An,xã Nghi Phong,phường Vinh Lộc,✅ Toàn bộ
Nghệ An,Nghi Thái,phường Vinh Lộc,✅ Toàn bộ
Nghệ An,Nghi Xuân,phường Vinh Lộc,✅ Toàn bộ
Nghệ An,Phúc Thọ,phường Vinh Lộc,✅ Toàn bộ
Nghệ An,phường Nghi Hải,phường Cửa Lò,✅ Toàn bộ
Nghệ An,Nghi Hòa,phường Cửa Lò,✅ Toàn bộ
Nghệ An,Nghi Hương,phường Cửa Lò,✅ Toàn bộ
Nghệ An,Nghi Tân,phường Cửa Lò,✅ Toàn bộ
Nghệ An,Nghi Thu,phường Cửa Lò,✅ Toàn bộ
Nghệ An,Nghi Thủy,phường Cửa Lò,✅ Toàn bộ
Nghệ An,Thu Thủy,phường Cửa Lò,✅ Toàn bộ
Gia Lai,xã Nhơn Lộc,xã An Nhơn Tây,✅ Toàn bộ
Gia Lai,xã Nhơn Tân,xã An Nhơn Tây,✅ Toàn bộ
Gia Lai,thị trấn Ngô Mây,xã Phù Cát,✅ Toàn bộ
Gia Lai,xã Cát Trinh và xã Cát Tân,xã Phù Cát,✅ Toàn bộ
Gia Lai,xã Cát Nhơn và             xã Cát Tường,xã Xuân An,✅ Toàn bộ
Gia Lai,xã Cát Hưng,xã Ngô Mây,✅ Toàn bộ
Gia Lai,Cát Thắng và Cát Chánh,xã Ngô Mây,✅ Toàn bộ
Gia Lai,thị trấn Cát Tiến,xã Cát Tiến,✅ Toàn bộ
Gia Lai,xã Cát Thành và xã Cát Hải,xã Cát Tiến,✅ Toàn bộ
Gia Lai,thị trấn Cát Khánh,xã Đề Gi,✅ Toàn bộ
Gia Lai,xã Cát Minh và xã Cát Tài,xã Đề Gi,✅ Toàn bộ
Gia Lai,xã Cát Hanh và             xã Cát Hiệp,xã Hòa Hội,✅ Toàn bộ
Gia Lai,xã Cát Lâm và             xã Cát Sơn,xã Hội Sơn,✅ Toàn bộ
Gia Lai,thị trấn Phù Mỹ,xã Phù Mỹ,✅ Toàn bộ
Gia Lai,xã Mỹ Quang và xã Mỹ Chánh Tây,xã Phù Mỹ,✅ Toàn bộ
Gia Lai,xã Mỹ Chánh,xã An Lương,✅ Toàn bộ
Gia Lai,Mỹ Thành và Mỹ Cát,xã An Lương,✅ Toàn bộ
Gia Lai,thị trấn Bình Dương,xã Bình Dương,✅ Toàn bộ
Gia Lai,xã Mỹ Lợi,xã Bình Dương,✅ Toàn bộ
Gia Lai,xã Mỹ Phong,xã Bình Dương,✅ Toàn bộ
Gia Lai,xã Mỹ An,xã Phù Mỹ Đông,✅ Toàn bộ
Gia Lai,Mỹ Thọ và Mỹ Thắng,xã Phù Mỹ Đông,✅ Toàn bộ
Gia Lai,xã Mỹ Trinh và xã Mỹ Hòa,xã Phù Mỹ Tây,✅ Toàn bộ
Gia Lai,xã Mỹ Tài và               xã Mỹ Hiệp,xã Phù Mỹ Nam,✅ Toàn bộ
Gia Lai,xã Mỹ Đức,xã Phù Mỹ Bắc,✅ Toàn bộ
Gia Lai,Mỹ Châu và Mỹ Lộc,xã Phù Mỹ Bắc,✅ Toàn bộ
Gia Lai,thị trấn Tuy Phước,xã Tuy Phước,✅ Toàn bộ
Gia Lai,thị trấn Diêu Trì và,xã Tuy Phước,✅ Toàn bộ
Gia Lai,xã Phước Thuận,xã Tuy Phước,✅ Toàn bộ
Gia Lai,Phước Nghĩa,xã Tuy Phước,✅ Toàn bộ
Gia Lai,Phước Lộc,xã Tuy Phước,✅ Toàn bộ
Gia Lai,xã Phước Sơn,xã Tuy Phước Đông,✅ Toàn bộ
Gia Lai,Phước Hòa và Phước Thắng,xã Tuy Phước Đông,✅ Toàn bộ
Gia Lai,xã Phước An và xã Phước Thành,xã Tuy Phước Tây,✅ Toàn bộ
Gia Lai,xã Phước Hiệp,xã Tuy Phước Bắc,✅ Toàn bộ
Gia Lai,Phước Hưng và Phước Quang,xã Tuy Phước Bắc,✅ Toàn bộ
Gia Lai,thị trấn Phú Phong,xã Tây Sơn,✅ Toàn bộ
Gia Lai,xã Tây Xuân và xã Bình Nghi,xã Tây Sơn,✅ Toàn bộ
Gia Lai,xã Tây Giang và xã Tây Thuận,xã Bình Khê,✅ Toàn bộ
Gia Lai,xã Vĩnh An,xã Bình Phú,✅ Toàn bộ
Gia Lai,Bình Tường và Tây Phú,xã Bình Phú,✅ Toàn bộ
Gia Lai,xã Bình Thuận,xã Bình Hiệp,✅ Toàn bộ
Gia Lai,Bình Tân và Tây An,xã Bình Hiệp,✅ Toàn bộ
Gia Lai,xã Tây Vinh,xã Bình An,✅ Toàn bộ
Gia Lai,Tây Bình,xã Bình An,✅ Toàn bộ
Gia Lai,Bình Hòa và Bình Thành,xã Bình An,✅ Toàn bộ
Gia Lai,thị trấn Tăng Bạt Hổ và,xã Hoài Ân,✅ Toàn bộ
Gia Lai,xã Ân Phong,xã Hoài Ân,✅ Toàn bộ
Gia Lai,Ân Đức,xã Hoài Ân,✅ Toàn bộ
Gia Lai,Ân Tường Đông,xã Hoài Ân,✅ Toàn bộ
Gia Lai,xã Ân Tường Tây,xã Ân Tường,✅ Toàn bộ
Gia Lai,Ân Hữu và Đak Mang,xã Ân Tường,✅ Toàn bộ
Gia Lai,xã Ân Nghĩa và xã Bok Tới,xã Kim Sơn,✅ Toàn bộ
Gia Lai,xã Ân Sơn,xã Vạn Đức,✅ Toàn bộ
Gia Lai,Ân Tín và Ân Thạnh,xã Vạn Đức,✅ Toàn bộ
Gia Lai,xã Ân Hảo Tây,xã Ân Hảo,✅ Toàn bộ
Gia Lai,Ân Hảo Đông và Ân Mỹ,xã Ân Hảo,✅ Toàn bộ
Gia Lai,thị trấn Vân Canh,xã Vân Canh,✅ Toàn bộ
Gia Lai,xã Canh Thuận,xã Vân Canh,✅ Toàn bộ
Gia Lai,xã Canh Hòa,xã Vân Canh,✅ Toàn bộ
Gia Lai,xã Canh Hiệp,xã Vân Canh,⚠️ Một phần (Cần check)
Gia Lai,xã Canh Vinh,xã Canh Vinh,✅ Toàn bộ
Gia Lai,xã Canh Hiển,xã Canh Vinh,✅ Toàn bộ
Gia Lai,xã Canh Liên,xã Canh Vinh,⚠️ Một phần (Cần check)
Gia Lai,phần còn lại của xã Canh Hiệp sau khi sắp xếp theo quy định tại khoản 30 Điều này,xã Canh Vinh,⚠️ Một phần (Cần check)
Gia Lai,xã Canh Liên sau khi sắp xếp theo quy định tại khoản 31 Điều này,xã Canh Liên,✅ Toàn bộ
Gia Lai,thị trấn Vĩnh Thạnh và xã Vĩnh Hảo,xã Vĩnh Thạnh,✅ Toàn bộ
Gia Lai,xã Vĩnh Hiệp và xã Vĩnh Thịnh,xã Vĩnh Thịnh,✅ Toàn bộ
Gia Lai,xã Vĩnh Thuận,xã Vĩnh Quang,✅ Toàn bộ
Gia Lai,Vĩnh Hòa và Vĩnh Quang,xã Vĩnh Quang,✅ Toàn bộ
Gia Lai,xã Vĩnh Kim và xã Vĩnh Sơn,xã Vĩnh Sơn,✅ Toàn bộ
Gia Lai,xã An Hòa,xã An Hòa,✅ Toàn bộ
Gia Lai,xã An Quang,xã An Hòa,✅ Toàn bộ
Gia Lai,xã An Nghĩa,xã An Hòa,⚠️ Một phần (Cần check)
Gia Lai,thị trấn An Lão,xã An Lão,✅ Toàn bộ
Gia Lai,xã An Tân,xã An Lão,✅ Toàn bộ
Gia Lai,xã An Hưng,xã An Lão,✅ Toàn bộ
Gia Lai,xã An Trung (huyện An Lão),xã An Vinh,✅ Toàn bộ
Gia Lai,An Dũng và An Vinh,xã An Vinh,✅ Toàn bộ
Gia Lai,xã An Toàn,xã An Toàn,✅ Toàn bộ
Gia Lai,phần còn lại của xã An Nghĩa sau khi sắp xếp theo quy định tại khoản 37 Điều này,xã An Toàn,✅ Toàn bộ
Gia Lai,xã Nghĩa Hưng,xã Biển Hồ,✅ Toàn bộ
Gia Lai,Chư Đang Ya,xã Biển Hồ,✅ Toàn bộ
Gia Lai,Hà Bầu,xã Biển Hồ,✅ Toàn bộ
Gia Lai,Biển Hồ,xã Biển Hồ,✅ Toàn bộ
Gia Lai,xã Ia Kênh,xã Gào,✅ Toàn bộ
Gia Lai,Ia Pếch,xã Gào,✅ Toàn bộ
Gia Lai,Gào,xã Gào,✅ Toàn bộ
Gia Lai,thị trấn Ia Ly,xã Ia Ly,✅ Toàn bộ
Gia Lai,xã Ia Mơ Nông,xã Ia Ly,✅ Toàn bộ
Gia Lai,xã Ia Kreng,xã Ia Ly,✅ Toàn bộ
Gia Lai,thị trấn Phú Hòa,xã Chư Păh,✅ Toàn bộ
Gia Lai,xã Nghĩa Hòa,xã Chư Păh,✅ Toàn bộ
Gia Lai,xã Hòa Phú,xã Chư Păh,✅ Toàn bộ
Gia Lai,xã Đăk Tơ Ver,xã Ia Khươl,✅ Toàn bộ
Gia Lai,Hà Tây,xã Ia Khươl,✅ Toàn bộ
Gia Lai,Ia Khươl,xã Ia Khươl,✅ Toàn bộ
Gia Lai,xã Ia Ka,xã Ia Phí,✅ Toàn bộ
Gia Lai,Ia Nhin,xã Ia Phí,✅ Toàn bộ
Gia Lai,Ia Phí,xã Ia Phí,✅ Toàn bộ
Gia Lai,xã Thăng Hưng,xã Bàu Cạn,✅ Toàn bộ
Gia Lai,Bình Giáo,xã Bàu Cạn,✅ Toàn bộ
Gia Lai,Bàu Cạn,xã Bàu Cạn,✅ Toàn bộ
Gia Lai,xã Ia Piơr,xã Ia Lâu,✅ Toàn bộ
Gia Lai,xã Ia Lâu,xã Ia Lâu,✅ Toàn bộ
Gia Lai,xã Ia Ga,xã Ia Pia,✅ Toàn bộ
Gia Lai,Ia Vê,xã Ia Pia,✅ Toàn bộ
Gia Lai,Ia Pia,xã Ia Pia,✅ Toàn bộ
Gia Lai,thị trấn Chư Sê và,xã Chư Sê,✅ Toàn bộ
Gia Lai,xã Dun,xã Chư Sê,✅ Toàn bộ
Gia Lai,Ia Blang,xã Chư Sê,✅ Toàn bộ
Gia Lai,Ia Pal,xã Chư Sê,✅ Toàn bộ
Gia Lai,Ia Glai,xã Chư Sê,✅ Toàn bộ
Gia Lai,xã Bar Măih,xã Bờ Ngoong,✅ Toàn bộ
Gia Lai,Ia Tiêm,xã Bờ Ngoong,✅ Toàn bộ
Gia Lai,Chư Pơng,xã Bờ Ngoong,✅ Toàn bộ
Gia Lai,Bờ Ngoong,xã Bờ Ngoong,✅ Toàn bộ
Gia Lai,xã Ia Hlốp,xã Ia Ko,✅ Toàn bộ
Gia Lai,Ia Hla,xã Ia Ko,✅ Toàn bộ
Gia Lai,Ia Ko,xã Ia Ko,✅ Toàn bộ
Gia Lai,xã Ayun  (huyện Chư Sê),xã Al Bá,✅ Toàn bộ
Gia Lai,Kông Htok,xã Al Bá,✅ Toàn bộ
Gia Lai,Al Bá,xã Al Bá,✅ Toàn bộ
Gia Lai,thị trấn Nhơn Hòa,xã Chư Pưh,✅ Toàn bộ
Gia Lai,xã Chư Don,xã Chư Pưh,✅ Toàn bộ
Gia Lai,xã Ia Phang,xã Chư Pưh,✅ Toàn bộ
Gia Lai,xã Ia Blứ và                   xã Ia Le,xã Ia Le,✅ Toàn bộ
Gia Lai,xã Ia Dreng,xã Ia Hrú,✅ Toàn bộ
Gia Lai,Ia Rong,xã Ia Hrú,✅ Toàn bộ
Gia Lai,HBông,xã Ia Hrú,✅ Toàn bộ
Gia Lai,Ia Hrú,xã Ia Hrú,✅ Toàn bộ
Gia Lai,thị trấn Đak Pơ và,xã Đak Pơ,✅ Toàn bộ
Gia Lai,xã Hà Tam,xã Đak Pơ,✅ Toàn bộ
Gia Lai,An Thành,xã Đak Pơ,✅ Toàn bộ
Gia Lai,Yang Bắc,xã Đak Pơ,✅ Toàn bộ
Gia Lai,xã Phú An,xã Ya Hội,✅ Toàn bộ
Gia Lai,xã Ya Hội,xã Ya Hội,✅ Toàn bộ
Gia Lai,thị trấn Kbang,xã Kbang,✅ Toàn bộ
Gia Lai,xã Lơ Ku,xã Kbang,✅ Toàn bộ
Gia Lai,xã Đak Smar,xã Kbang,✅ Toàn bộ
Gia Lai,xã Đông,xã Kông Bơ La,✅ Toàn bộ
Gia Lai,Nghĩa An và Kông Bơ La,xã Kông Bơ La,✅ Toàn bộ
Gia Lai,xã Kông Lơng Khơng,xã Tơ Tung,✅ Toàn bộ
Gia Lai,xã Tơ Tung,xã Tơ Tung,✅ Toàn bộ
Gia Lai,xã Sơ Pai,xã Sơn Lang,✅ Toàn bộ
Gia Lai,xã Sơn Lang,xã Sơn Lang,✅ Toàn bộ
Gia Lai,xã Kon Pne,xã Đak Rong,✅ Toàn bộ
Gia Lai,xã Đak Rong,xã Đak Rong,✅ Toàn bộ
Gia Lai,thị trấn Kông Chro,xã Kông Chro,✅ Toàn bộ
Gia Lai,xã Yang Trung,xã Kông Chro,✅ Toàn bộ
Gia Lai,xã Yang Nam,xã Kông Chro,✅ Toàn bộ
Gia Lai,xã Đăk Tơ Pang,xã Ya Ma,✅ Toàn bộ
Gia Lai,Kông Yang và Ya Ma,xã Ya Ma,✅ Toàn bộ
Gia Lai,xã An Trung (huyện Kông Chro),xã Chư Krey,✅ Toàn bộ
Gia Lai,xã Chư Krey,xã Chư Krey,✅ Toàn bộ
Gia Lai,xã Đăk Kơ Ning,xã SRó,✅ Toàn bộ
Gia Lai,xã SRó,xã SRó,✅ Toàn bộ
Gia Lai,xã Đăk Pling,xã Đăk Song,✅ Toàn bộ
Gia Lai,xã Đăk Song,xã Đăk Song,✅ Toàn bộ
Gia Lai,thị trấn Phú Thiện và,xã Phú Thiện,✅ Toàn bộ
Gia Lai,xã Ia Sol,xã Phú Thiện,✅ Toàn bộ
Gia Lai,Ia Piar,xã Phú Thiện,✅ Toàn bộ
Gia Lai,Ia Yeng,xã Phú Thiện,✅ Toàn bộ
Gia Lai,xã Ayun Hạ,xã Chư A Thai,✅ Toàn bộ
Gia Lai,Ia Ake,xã Chư A Thai,✅ Toàn bộ
Gia Lai,Chư A Thai,xã Chư A Thai,✅ Toàn bộ
Gia Lai,xã Chư Răng,xã Pờ Tó,✅ Toàn bộ
Gia Lai,xã Pờ Tó,xã Pờ Tó,✅ Toàn bộ
Gia Lai,xã Chư Mố,xã Ia Tul,✅ Toàn bộ
Gia Lai,Ia Broăi,xã Ia Tul,✅ Toàn bộ
Gia Lai,Ia Kdăm,xã Ia Tul,✅ Toàn bộ
Gia Lai,Ia Tul,xã Ia Tul,✅ Toàn bộ
Gia Lai,thị trấn Phú Túc và,xã Phú Túc,✅ Toàn bộ
Gia Lai,xã Phú Cần,xã Phú Túc,✅ Toàn bộ
Gia Lai,Chư Ngọc,xã Phú Túc,✅ Toàn bộ
Gia Lai,Ia Mlah,xã Phú Túc,✅ Toàn bộ
Gia Lai,Đất Bằng,xã Phú Túc,✅ Toàn bộ
Gia Lai,xã Ia Rmok,xã Ia Dreh,✅ Toàn bộ
Gia Lai,Krông Năng,xã Ia Dreh,✅ Toàn bộ
Gia Lai,Ia Dreh,xã Ia Dreh,✅ Toàn bộ
Gia Lai,xã Chư RCăm,xã Ia Rsai,✅ Toàn bộ
Gia Lai,Chư Gu,xã Ia Rsai,✅ Toàn bộ
Gia Lai,Ia Rsai,xã Ia Rsai,✅ Toàn bộ
Gia Lai,xã Ia Rsươm,xã Uar,✅ Toàn bộ
Gia Lai,Chư Drăng,xã Uar,✅ Toàn bộ
Gia Lai,Uar,xã Uar,✅ Toàn bộ
Gia Lai,thị trấn Đak Đoa,xã Đak Đoa,✅ Toàn bộ
Gia Lai,xã Tân Bình,xã Đak Đoa,✅ Toàn bộ
Gia Lai,xã Glar,xã Đak Đoa,✅ Toàn bộ
Gia Lai,xã Đak Krong,xã Kon Gang,✅ Toàn bộ
Gia Lai,Hneng,xã Kon Gang,✅ Toàn bộ
Gia Lai,Nam Yang,xã Kon Gang,✅ Toàn bộ
Gia Lai,Kon Gang,xã Kon Gang,✅ Toàn bộ
Gia Lai,xã Ia Băng (huyện Đak Đoa),xã Ia Băng,✅ Toàn bộ
Gia Lai,Adơk và Ia Pết,xã Ia Băng,✅ Toàn bộ
Gia Lai,xã Hnol,xã KDang,✅ Toàn bộ
Gia Lai,Trang,xã KDang,✅ Toàn bộ
Gia Lai,KDang,xã KDang,✅ Toàn bộ
Gia Lai,xã Hà Đông,xã Đak Sơmei,✅ Toàn bộ
Gia Lai,xã Đak Sơmei,xã Đak Sơmei,✅ Toàn bộ
Gia Lai,thị trấn Kon Dơng và,xã Mang Yang,✅ Toàn bộ
Gia Lai,xã Đăk Yă,xã Mang Yang,✅ Toàn bộ
Gia Lai,Đak Djrăng,xã Mang Yang,✅ Toàn bộ
Gia Lai,Hải Yang,xã Mang Yang,✅ Toàn bộ
Gia Lai,xã Đê Ar,xã Lơ Pang,✅ Toàn bộ
Gia Lai,Kon Thụp,xã Lơ Pang,✅ Toàn bộ
Gia Lai,Lơ Pang,xã Lơ Pang,✅ Toàn bộ
Gia Lai,xã Đak Trôi và xã Kon Chiêng,xã Kon Chiêng,✅ Toàn bộ
Gia Lai,xã Đak Ta Ley,xã Hra,✅ Toàn bộ
Gia Lai,xã Hra,xã Hra,✅ Toàn bộ
Gia Lai,xã Đak Jơ Ta,xã Ayun,✅ Toàn bộ
Gia Lai,xã Ayun (huyện Mang Yang),xã Ayun,✅ Toàn bộ
Gia Lai,thị trấn Ia Kha,xã Ia Grai,✅ Toàn bộ
Gia Lai,xã Ia Bă,xã Ia Grai,✅ Toàn bộ
Gia Lai,xã Ia Grăng,xã Ia Grai,✅ Toàn bộ
Gia Lai,xã Ia Tô,xã Ia Krái,✅ Toàn bộ
Gia Lai,Ia Khai,xã Ia Krái,✅ Toàn bộ
Gia Lai,Ia Krái,xã Ia Krái,✅ Toàn bộ
Gia Lai,xã Ia Sao (huyện Ia Grai),xã Ia Hrung,✅ Toàn bộ
Gia Lai,Ia Yok,xã Ia Hrung,✅ Toàn bộ
Gia Lai,Ia Dêr,xã Ia Hrung,✅ Toàn bộ
Gia Lai,Ia Hrung,xã Ia Hrung,✅ Toàn bộ
Gia Lai,thị trấn Chư Ty và xã Ia Kriêng,xã Đức Cơ,✅ Toàn bộ
Gia Lai,xã Ia Lang,xã Ia Krêl,✅ Toàn bộ
Gia Lai,Ia Din,xã Ia Krêl,✅ Toàn bộ
Gia Lai,Ia Krêl,xã Ia Krêl,✅ Toàn bộ
Gia Lai,phường Đống Đa (thành phố Quy Nhơn),phường Quy Nhơn,✅ Toàn bộ
Gia Lai,Hải Cảng,phường Quy Nhơn,✅ Toàn bộ
Gia Lai,Thị Nại và Trần Phú,phường Quy Nhơn,✅ Toàn bộ
Gia Lai,phường Nhơn Bình và,phường Quy Nhơn Đông,✅ Toàn bộ
Gia Lai,xã Nhơn Hội,phường Quy Nhơn Đông,✅ Toàn bộ
Gia Lai,Nhơn Lý,phường Quy Nhơn Đông,✅ Toàn bộ
Gia Lai,Nhơn Hải,phường Quy Nhơn Đông,✅ Toàn bộ
Gia Lai,phường Bùi Thị Xuân và xã Phước Mỹ,phường Quy Nhơn Tây,✅ Toàn bộ
Gia Lai,phường Ngô Mây (thành phố Quy Nhơn),phường Quy Nhơn Nam,✅ Toàn bộ
Gia Lai,Nguyễn Văn Cừ,phường Quy Nhơn Nam,✅ Toàn bộ
Gia Lai,Quang Trung và Ghềnh Ráng,phường Quy Nhơn Nam,✅ Toàn bộ
Gia Lai,phường Trần Quang Diệu và phường Nhơn Phú,phường Quy Nhơn Bắc,✅ Toàn bộ
Gia Lai,phường Bình Định,phường Bình Định,✅ Toàn bộ
Gia Lai,xã Nhơn Khánh và xã Nhơn Phúc,phường Bình Định,✅ Toàn bộ
Gia Lai,phường Đập Đá,phường An Nhơn,✅ Toàn bộ
Gia Lai,xã Nhơn Mỹ và xã Nhơn Hậu,phường An Nhơn,✅ Toàn bộ
Gia Lai,phường Nhơn Hưng và xã Nhơn An,phường An Nhơn Đông,✅ Toàn bộ
Gia Lai,phường Nhơn Hòa và xã Nhơn Thọ,phường An Nhơn Nam,✅ Toàn bộ
Gia Lai,phường Nhơn Thành,phường An Nhơn Bắc,✅ Toàn bộ
Gia Lai,xã Nhơn Phong và xã Nhơn Hạnh,phường An Nhơn Bắc,✅ Toàn bộ
Gia Lai,phường Hoài Đức,phường Bồng Sơn,✅ Toàn bộ
Gia Lai,phường Bồng Sơn,phường Bồng Sơn,✅ Toàn bộ
Gia Lai,phường Hoài Thanh,phường Hoài Nhơn,✅ Toàn bộ
Gia Lai,Tam Quan Nam và Hoài Thanh Tây,phường Hoài Nhơn,✅ Toàn bộ
Gia Lai,phường Tam Quan và xã Hoài Châu,phường Tam Quan,✅ Toàn bộ
Gia Lai,phường Hoài Hương,phường Hoài Nhơn Đông,✅ Toàn bộ
Gia Lai,xã Hoài Hải và xã Hoài Mỹ,phường Hoài Nhơn Đông,✅ Toàn bộ
Gia Lai,phường Hoài Hảo và xã Hoài Phú,phường Hoài Nhơn Tây,✅ Toàn bộ
Gia Lai,phường Hoài Tân và phường Hoài Xuân,phường Hoài Nhơn Nam,✅ Toàn bộ
Gia Lai,phường Tam Quan Bắc,phường Hoài Nhơn Bắc,✅ Toàn bộ
Gia Lai,xã Hoài Sơn và xã Hoài Châu Bắc,phường Hoài Nhơn Bắc,✅ Toàn bộ
Gia Lai,phường               Tây Sơn (thành phố Pleiku),phường Pleiku,✅ Toàn bộ
Gia Lai,Hội Thương,phường Pleiku,✅ Toàn bộ
Gia Lai,Hoa Lư,phường Pleiku,✅ Toàn bộ
Gia Lai,Phù Đổng và xã Trà Đa,phường Pleiku,✅ Toàn bộ
Gia Lai,phường                Trà Bá,phường Hội Phú,✅ Toàn bộ
Gia Lai,Chi Lăng,phường Hội Phú,✅ Toàn bộ
Gia Lai,Hội Phú,phường Hội Phú,✅ Toàn bộ
Gia Lai,phường Đống Đa (thành phố Pleiku),phường Thống Nhất,✅ Toàn bộ
Gia Lai,Yên Thế,phường Thống Nhất,✅ Toàn bộ
Gia Lai,Thống Nhất,phường Thống Nhất,✅ Toàn bộ
Gia Lai,phường Yên Đỗ,phường Diên Hồng,✅ Toàn bộ
Gia Lai,Ia Kring,phường Diên Hồng,✅ Toàn bộ
Gia Lai,Diên Hồng,phường Diên Hồng,✅ Toàn bộ
Gia Lai,xã Diên Phú,phường Diên Hồng,✅ Toàn bộ
Gia Lai,phường Thắng Lợi,phường An Phú,✅ Toàn bộ
Gia Lai,xã Chư Á,phường An Phú,✅ Toàn bộ
Gia Lai,xã An Phú,phường An Phú,✅ Toàn bộ
Gia Lai,phường Ngô Mây,phường An Khê,✅ Toàn bộ
Gia Lai,phường Tây Sơn (thị xã An Khê),phường An Khê,✅ Toàn bộ
Gia Lai,phường An Phú,phường An Khê,✅ Toàn bộ
Gia Lai,An Phước,phường An Khê,✅ Toàn bộ
Gia Lai,An Tân,phường An Khê,✅ Toàn bộ
Gia Lai,xã Thành An,phường An Khê,✅ Toàn bộ
Gia Lai,phường An Bình,phường An Bình,✅ Toàn bộ
Gia Lai,xã Tân An,phường An Bình,✅ Toàn bộ
Gia Lai,xã Cư An,phường An Bình,✅ Toàn bộ
Gia Lai,phường Đoàn Kết,phường Ayun Pa,✅ Toàn bộ
Gia Lai,Sông Bờ,phường Ayun Pa,✅ Toàn bộ
Gia Lai,Cheo Reo,phường Ayun Pa,✅ Toàn bộ
Gia Lai,Hòa Bình,phường Ayun Pa,✅ Toàn bộ
Hồ Chí Minh,phường Bến Nghé,phường Sài Gòn,✅ Toàn bộ
Hồ Chí Minh,phường Đa Kao,phường Sài Gòn,⚠️ Một phần (Cần check)
Hồ Chí Minh,phường Nguyễn Thái Bình,phường Sài Gòn,⚠️ Một phần (Cần check)
Hồ Chí Minh,phường Tân Định (Quận 1),phường Tân Định,✅ Toàn bộ
Hồ Chí Minh,phần còn lại của phường Đa Kao sau khi sắp xếp theo quy định tại khoản 1 Điều này,phường Tân Định,✅ Toàn bộ
Hồ Chí Minh,phường Bến Thành,phường Bến Thành,✅ Toàn bộ
Hồ Chí Minh,phường Phạm Ngũ Lão,phường Bến Thành,✅ Toàn bộ
Hồ Chí Minh,phường Cầu Ông Lãnh,phường Bến Thành,⚠️ Một phần (Cần check)
Hồ Chí Minh,phần còn lại của phường Nguyễn Thái Bình sau khi sắp xếp theo quy định tại khoản 1 Điều này,phường Bến Thành,⚠️ Một phần (Cần check)
Hồ Chí Minh,phường Nguyễn Cư Trinh,phường Cầu Ông Lãnh,✅ Toàn bộ
Hồ Chí Minh,Cầu Kho,phường Cầu Ông Lãnh,✅ Toàn bộ
Hồ Chí Minh,Cô Giang,phường Cầu Ông Lãnh,✅ Toàn bộ
Hồ Chí Minh,phần còn lại của phường Cầu Ông Lãnh sau khi sắp xếp theo quy định tại khoản 3 Điều này,phường Cầu Ông Lãnh,✅ Toàn bộ
Hồ Chí Minh,Phường 1,phường Bàn Cờ,✅ Toàn bộ
Hồ Chí Minh,Phường 2,phường Bàn Cờ,✅ Toàn bộ
Hồ Chí Minh,Phường 3,phường Bàn Cờ,✅ Toàn bộ
Hồ Chí Minh,Phường 5,phường Bàn Cờ,✅ Toàn bộ
Hồ Chí Minh,Phường 4 (Quận 3),phường Bàn Cờ,⚠️ Một phần (Cần check)
Hồ Chí Minh,phường Võ Thị Sáu,phường Xuân Hòa,✅ Toàn bộ
Hồ Chí Minh,phần còn lại của Phường 4 (Quận 3) sau khi sắp xếp theo quy định tại khoản 5 Điều này,phường Xuân Hòa,✅ Toàn bộ
Hồ Chí Minh,Phường 9,phường Nhiêu Lộc,✅ Toàn bộ
Hồ Chí Minh,Phường 11,phường Nhiêu Lộc,✅ Toàn bộ
Hồ Chí Minh,Phường 12,phường Nhiêu Lộc,✅ Toàn bộ
Hồ Chí Minh,Phường 14 (Quận 3),phường Nhiêu Lộc,✅ Toàn bộ
Hồ Chí Minh,Phường 13,phường Xóm Chiếu,✅ Toàn bộ
Hồ Chí Minh,Phường 16,phường Xóm Chiếu,✅ Toàn bộ
Hồ Chí Minh,Phường 18,phường Xóm Chiếu,✅ Toàn bộ
Hồ Chí Minh,Phường 15 (Quận 4),phường Xóm Chiếu,⚠️ Một phần (Cần check)
Hồ Chí Minh,Phường 8 và Phường 9 (Quận 4),phường Khánh Hội,✅ Toàn bộ
Hồ Chí Minh,Phường 2 và Phường 4 (Quận 4),phường Khánh Hội,⚠️ Một phần (Cần check)
Hồ Chí Minh,phần còn lại của Phường 15 (Quận 4) sau khi sắp xếp theo quy định tại khoản 8 Điều này,phường Khánh Hội,⚠️ Một phần (Cần check)
Hồ Chí Minh,Phường 1 và Phường 3 (Quận 4),phường Vĩnh Hội,✅ Toàn bộ
Hồ Chí Minh,phần còn lại của Phường 2 và Phường 4 (Quận 4) sau khi sắp xếp theo quy định tại khoản 9 Điều này,phường Vĩnh Hội,✅ Toàn bộ
Hồ Chí Minh,Phường 1,phường Chợ Quán,✅ Toàn bộ
Hồ Chí Minh,Phường 2,phường Chợ Quán,✅ Toàn bộ
Hồ Chí Minh,Phường 4 (Quận 5),phường Chợ Quán,✅ Toàn bộ
Hồ Chí Minh,Phường 5,phường An Đông,✅ Toàn bộ
Hồ Chí Minh,Phường 7,phường An Đông,✅ Toàn bộ
Hồ Chí Minh,Phường 9 (Quận 5),phường An Đông,✅ Toàn bộ
Hồ Chí Minh,Phường 11,phường Chợ Lớn,✅ Toàn bộ
Hồ Chí Minh,Phường 12,phường Chợ Lớn,✅ Toàn bộ
Hồ Chí Minh,Phường 13,phường Chợ Lớn,✅ Toàn bộ
Hồ Chí Minh,Phường 14 (Quận 5),phường Chợ Lớn,✅ Toàn bộ
Hồ Chí Minh,Phường 2,phường Bình Tây,✅ Toàn bộ
Hồ Chí Minh,Phường 9 (Quận 6),phường Bình Tây,✅ Toàn bộ
Hồ Chí Minh,Phường 1,phường Bình Tiên,✅ Toàn bộ
Hồ Chí Minh,Phường 7,phường Bình Tiên,✅ Toàn bộ
Hồ Chí Minh,Phường 8 (Quận 6),phường Bình Tiên,✅ Toàn bộ
Hồ Chí Minh,Phường 10 và Phường 11 (Quận 6),phường Bình Phú,✅ Toàn bộ
Hồ Chí Minh,Phường 16 (Quận 8),phường Bình Phú,⚠️ Một phần (Cần check)
Hồ Chí Minh,Phường 12,phường Phú Lâm,✅ Toàn bộ
Hồ Chí Minh,Phường 13,phường Phú Lâm,✅ Toàn bộ
Hồ Chí Minh,Phường 14 (Quận 6),phường Phú Lâm,✅ Toàn bộ
Hồ Chí Minh,phường Bình Thuận,phường Tân Thuận,✅ Toàn bộ
Hồ Chí Minh,Tân Thuận Đông,phường Tân Thuận,✅ Toàn bộ
Hồ Chí Minh,Tân Thuận Tây,phường Tân Thuận,✅ Toàn bộ
Hồ Chí Minh,phường Phú Thuận và một phần diện tích tự nhiên,phường Phú Thuận,✅ Toàn bộ
Hồ Chí Minh,quy mô dân số của phường Phú Mỹ (Quận 7),phường Phú Thuận,✅ Toàn bộ
Hồ Chí Minh,phường Tân Phú (Quận 7) và phần còn lại của phường Phú Mỹ (Quận 7) sau khi sắp xếp theo quy định tại khoản 19 Điều này,phường Tân Mỹ,✅ Toàn bộ
Hồ Chí Minh,phường Tân Phong,phường Tân Hưng,✅ Toàn bộ
Hồ Chí Minh,Tân Quy,phường Tân Hưng,✅ Toàn bộ
Hồ Chí Minh,Tân Kiểng,phường Tân Hưng,✅ Toàn bộ
Hồ Chí Minh,Tân Hưng,phường Tân Hưng,✅ Toàn bộ
Hồ Chí Minh,phường Phường 4 (Quận 8),phường Chánh Hưng,✅ Toàn bộ
Hồ Chí Minh,Rạch Ông,phường Chánh Hưng,✅ Toàn bộ
Hồ Chí Minh,phường Hưng Phú,phường Chánh Hưng,✅ Toàn bộ
Hồ Chí Minh,Phường 5 (Quận 8),phường Chánh Hưng,⚠️ Một phần (Cần check)
Hồ Chí Minh,Phường 14 và Phường 15 (Quận 8),phường Phú Định,✅ Toàn bộ
Hồ Chí Minh,phường Xóm Củi và,phường Phú Định,✅ Toàn bộ
Hồ Chí Minh,Phường 16 (Quận 8),phường Phú Định,⚠️ Một phần (Cần check)
Hồ Chí Minh,Phường 6 (Quận 8),phường Bình Đông,✅ Toàn bộ
Hồ Chí Minh,Phường 7 (Quận 8),phường Bình Đông,⚠️ Một phần (Cần check)
Hồ Chí Minh,xã An Phú Tây và phần còn lại của Phường 5 (Quận 8) sau khi sắp xếp theo quy định tại khoản 22 Điều này,phường Bình Đông,⚠️ Một phần (Cần check)
Hồ Chí Minh,Phường 6 và Phường 8 (Quận 10),phường Diên Hồng,✅ Toàn bộ
Hồ Chí Minh,Phường 14 (Quận 10),phường Diên Hồng,⚠️ Một phần (Cần check)
Hồ Chí Minh,Phường 1,phường Vườn Lài,✅ Toàn bộ
Hồ Chí Minh,Phường 2,phường Vườn Lài,✅ Toàn bộ
Hồ Chí Minh,Phường 4,phường Vườn Lài,✅ Toàn bộ
Hồ Chí Minh,Phường 9,phường Vườn Lài,✅ Toàn bộ
Hồ Chí Minh,Phường 10 (Quận 10),phường Vườn Lài,✅ Toàn bộ
Hồ Chí Minh,Phường 12,phường Hòa Hưng,✅ Toàn bộ
Hồ Chí Minh,Phường 13 và Phường 15 (Quận 10),phường Hòa Hưng,✅ Toàn bộ
Hồ Chí Minh,phần còn lại của Phường 14 (Quận 10) sau khi sắp xếp theo quy định tại khoản 25 Điều này,phường Hòa Hưng,✅ Toàn bộ
Hồ Chí Minh,Phường 1,phường Minh Phụng,✅ Toàn bộ
Hồ Chí Minh,Phường 7,phường Minh Phụng,✅ Toàn bộ
Hồ Chí Minh,Phường 16 (Quận 11),phường Minh Phụng,✅ Toàn bộ
Hồ Chí Minh,Phường 3 và Phường 10 (Quận 11),phường Bình Thới,✅ Toàn bộ
Hồ Chí Minh,Phường 8 (Quận 11),phường Bình Thới,⚠️ Một phần (Cần check)
Hồ Chí Minh,Phường 5,phường Hòa Bình,✅ Toàn bộ
Hồ Chí Minh,Phường 14 (Quận 11),phường Hòa Bình,✅ Toàn bộ
Hồ Chí Minh,Phường 11 và Phường 15 (Quận 11),phường Phú Thọ,✅ Toàn bộ
Hồ Chí Minh,phần còn lại của Phường 8 (Quận 11) sau khi sắp xếp theo quy định tại khoản 29 Điều này,phường Phú Thọ,✅ Toàn bộ
Hồ Chí Minh,phường Tân Thới Nhất,phường Đông Hưng Thuận,✅ Toàn bộ
Hồ Chí Minh,Tân Hưng Thuận,phường Đông Hưng Thuận,✅ Toàn bộ
Hồ Chí Minh,Đông Hưng Thuận,phường Đông Hưng Thuận,✅ Toàn bộ
Hồ Chí Minh,phường Tân Chánh Hiệp,phường Trung Mỹ Tây,✅ Toàn bộ
Hồ Chí Minh,phường Trung Mỹ Tây,phường Trung Mỹ Tây,✅ Toàn bộ
Hồ Chí Minh,phường Hiệp Thành (Quận 12),phường Tân Thới Hiệp,✅ Toàn bộ
Hồ Chí Minh,phường Tân Thới Hiệp,phường Tân Thới Hiệp,✅ Toàn bộ
Hồ Chí Minh,phường Thạnh Xuân,phường Thới An,✅ Toàn bộ
Hồ Chí Minh,phường Thới An,phường Thới An,✅ Toàn bộ
Hồ Chí Minh,phường Thạnh Lộc,phường An Phú Đông,✅ Toàn bộ
Hồ Chí Minh,phường An Phú Đông,phường An Phú Đông,✅ Toàn bộ
Hồ Chí Minh,phường Bình Trị Đông B,phường An Lạc,✅ Toàn bộ
Hồ Chí Minh,An Lạc A,phường An Lạc,✅ Toàn bộ
Hồ Chí Minh,An Lạc,phường An Lạc,✅ Toàn bộ
Hồ Chí Minh,phường Bình Hưng Hòa B và,phường Bình Tân,✅ Toàn bộ
Hồ Chí Minh,phường Bình Trị Đông A,phường Bình Tân,⚠️ Một phần (Cần check)
Hồ Chí Minh,phường Tân Tạo,phường Bình Tân,⚠️ Một phần (Cần check)
Hồ Chí Minh,phường Tân Tạo A,phường Tân Tạo,⚠️ Một phần (Cần check)
Hồ Chí Minh,phường Tân Tạo và xã Tân Kiên,phường Tân Tạo,⚠️ Một phần (Cần check)
Hồ Chí Minh,phường Bình Trị Đông,phường Bình Trị Đông,✅ Toàn bộ
Hồ Chí Minh,phường Bình Hưng Hòa A,phường Bình Trị Đông,⚠️ Một phần (Cần check)
Hồ Chí Minh,phần còn lại của phường Bình Trị Đông A sau khi sắp xếp theo quy định tại khoản 38 của Điều này,phường Bình Trị Đông,⚠️ Một phần (Cần check)
Hồ Chí Minh,phường Bình Hưng Hòa,phường Bình Hưng Hòa,✅ Toàn bộ
Hồ Chí Minh,phường Sơn Kỳ và phần còn lại của phường Bình Hưng Hòa A sau khi sắp xếp theo quy định tại khoản 40 Điều này,phường Bình Hưng Hòa,⚠️ Một phần (Cần check)
Hồ Chí Minh,Phường 1,phường Gia Định,✅ Toàn bộ
Hồ Chí Minh,Phường 2,phường Gia Định,✅ Toàn bộ
Hồ Chí Minh,Phường 7,phường Gia Định,✅ Toàn bộ
Hồ Chí Minh,Phường 17 (quận Bình Thạnh),phường Gia Định,✅ Toàn bộ
Hồ Chí Minh,Phường 12 và Phường 14 (quận Bình Thạnh),phường Bình Thạnh,✅ Toàn bộ
Hồ Chí Minh,Phường 26,phường Bình Thạnh,✅ Toàn bộ
Hồ Chí Minh,Phường 5,phường Bình Lợi Trung,✅ Toàn bộ
Hồ Chí Minh,Phường 11,phường Bình Lợi Trung,✅ Toàn bộ
Hồ Chí Minh,Phường 13 (quận Bình Thạnh),phường Bình Lợi Trung,✅ Toàn bộ
Hồ Chí Minh,Phường 19,phường Thạnh Mỹ Tây,✅ Toàn bộ
Hồ Chí Minh,Phường 22,phường Thạnh Mỹ Tây,✅ Toàn bộ
Hồ Chí Minh,Phường 25,phường Thạnh Mỹ Tây,✅ Toàn bộ
Hồ Chí Minh,Phường 27,phường Bình Quới,✅ Toàn bộ
Hồ Chí Minh,Phường 28,phường Bình Quới,✅ Toàn bộ
Hồ Chí Minh,Phường 1,phường Hạnh Thông,✅ Toàn bộ
Hồ Chí Minh,Phường 3 (quận Gò Vấp),phường Hạnh Thông,✅ Toàn bộ
Hồ Chí Minh,Phường 5,phường An Nhơn,✅ Toàn bộ
Hồ Chí Minh,Phường 6 (quận Gò Vấp),phường An Nhơn,✅ Toàn bộ
Hồ Chí Minh,Phường 10,phường Gò Vấp,✅ Toàn bộ
Hồ Chí Minh,Phường 17 (quận Gò Vấp),phường Gò Vấp,✅ Toàn bộ
Hồ Chí Minh,Phường 15,phường An Hội Đông,✅ Toàn bộ
Hồ Chí Minh,Phường 16 (quận Gò Vấp),phường An Hội Đông,✅ Toàn bộ
Hồ Chí Minh,Phường 8,phường Thông Tây Hội,✅ Toàn bộ
Hồ Chí Minh,Phường 11 (quận Gò Vấp),phường Thông Tây Hội,✅ Toàn bộ
Hồ Chí Minh,Phường 12,phường An Hội Tây,✅ Toàn bộ
Hồ Chí Minh,Phường 14 (quận Gò Vấp),phường An Hội Tây,✅ Toàn bộ
Hồ Chí Minh,Phường 4,phường Đức Nhuận,✅ Toàn bộ
Hồ Chí Minh,Phường 5,phường Đức Nhuận,✅ Toàn bộ
Hồ Chí Minh,Phường 9 (quận Phú Nhuận),phường Đức Nhuận,✅ Toàn bộ
Hồ Chí Minh,Phường 1,phường Cầu Kiệu,✅ Toàn bộ
Hồ Chí Minh,Phường 2 và Phường 7 (quận Phú Nhuận),phường Cầu Kiệu,✅ Toàn bộ
Hồ Chí Minh,Phường 15 (quận Phú Nhuận),phường Cầu Kiệu,⚠️ Một phần (Cần check)
Hồ Chí Minh,Phường 8,phường Phú Nhuận,✅ Toàn bộ
Hồ Chí Minh,Phường 10,phường Phú Nhuận,✅ Toàn bộ
Hồ Chí Minh,Phường 11 và Phường 13 (quận Phú Nhuận),phường Phú Nhuận,✅ Toàn bộ
Hồ Chí Minh,phần còn lại của Phường 15 (quận Phú Nhuận) sau khi sắp xếp theo quy định tại khoản 54 Điều này,phường Phú Nhuận,✅ Toàn bộ
Hồ Chí Minh,Phường 1,phường Tân Sơn Hòa,✅ Toàn bộ
Hồ Chí Minh,Phường 2,phường Tân Sơn Hòa,✅ Toàn bộ
Hồ Chí Minh,Phường 3 (quận Tân Bình),phường Tân Sơn Hòa,✅ Toàn bộ
Hồ Chí Minh,Phường 4,phường Tân Sơn Nhất,✅ Toàn bộ
Hồ Chí Minh,Phường 5,phường Tân Sơn Nhất,✅ Toàn bộ
Hồ Chí Minh,Phường 7 (quận Tân Bình),phường Tân Sơn Nhất,✅ Toàn bộ
Hồ Chí Minh,Phường 6,phường Tân Hòa,✅ Toàn bộ
Hồ Chí Minh,Phường 8,phường Tân Hòa,✅ Toàn bộ
Hồ Chí Minh,Phường 9 (quận Tân Bình),phường Tân Hòa,✅ Toàn bộ
Hồ Chí Minh,Phường 10,phường Bảy Hiền,✅ Toàn bộ
Hồ Chí Minh,Phường 11,phường Bảy Hiền,✅ Toàn bộ
Hồ Chí Minh,Phường 12 (quận Tân Bình),phường Bảy Hiền,✅ Toàn bộ
Hồ Chí Minh,Phường 13 và Phường 14 (quận Tân Bình),phường Tân Bình,✅ Toàn bộ
Hồ Chí Minh,Phường 15 (quận Tân Bình),phường Tân Bình,⚠️ Một phần (Cần check)
Hồ Chí Minh,Phường 15 (quận Tân Bình) sau khi sắp xếp theo quy định tại khoản 60 Điều này,phường Tân Sơn,✅ Toàn bộ
Hồ Chí Minh,phường Tây Thạnh,phường Tây Thạnh,✅ Toàn bộ
Hồ Chí Minh,phường Sơn Kỳ,phường Tây Thạnh,⚠️ Một phần (Cần check)
Hồ Chí Minh,phường Tân Sơn Nhì,phường Tân Sơn Nhì,✅ Toàn bộ
Hồ Chí Minh,phần còn lại của phường Sơn Kỳ sau khi sắp xếp theo quy định tại khoản 41,phường Tân Sơn Nhì,✅ Toàn bộ
Hồ Chí Minh,khoản 62 Điều này và,phường Tân Sơn Nhì,✅ Toàn bộ
Hồ Chí Minh,phường Tân Quý,phường Tân Sơn Nhì,⚠️ Một phần (Cần check)
Hồ Chí Minh,phường Tân Thành,phường Tân Sơn Nhì,⚠️ Một phần (Cần check)
Hồ Chí Minh,phường Phú Thọ Hòa,phường Phú Thọ Hòa,✅ Toàn bộ
Hồ Chí Minh,phường Tân Thành và phần còn lại của phường Tân Quý sau khi sắp xếp theo quy định tại khoản 63 Điều này,phường Phú Thọ Hòa,⚠️ Một phần (Cần check)
Hồ Chí Minh,phường Phú Trung,phường Tân Phú,✅ Toàn bộ
Hồ Chí Minh,phường Hòa Thạnh,phường Tân Phú,✅ Toàn bộ
Hồ Chí Minh,phường Tân Thới Hòa và phần còn lại của phường Tân Thành sau khi sắp xếp theo quy định tại khoản 63,phường Tân Phú,⚠️ Một phần (Cần check)
Hồ Chí Minh,khoản 64 Điều này,phường Tân Phú,⚠️ Một phần (Cần check)
Hồ Chí Minh,phường Hiệp Tân,phường Phú Thạnh,✅ Toàn bộ
Hồ Chí Minh,phường Phú Thạnh,phường Phú Thạnh,✅ Toàn bộ
Hồ Chí Minh,phần còn lại của phường Tân Thới Hòa sau khi sắp xếp theo quy định tại khoản 65 Điều này,phường Phú Thạnh,✅ Toàn bộ
Hồ Chí Minh,phường Hiệp Bình Chánh,phường Hiệp Bình,✅ Toàn bộ
Hồ Chí Minh,phường Hiệp Bình Phước,phường Hiệp Bình,✅ Toàn bộ
Hồ Chí Minh,phường Linh Đông,phường Hiệp Bình,⚠️ Một phần (Cần check)
Hồ Chí Minh,phường Bình Thọ,phường Thủ Đức,✅ Toàn bộ
Hồ Chí Minh,Linh Chiểu,phường Thủ Đức,✅ Toàn bộ
Hồ Chí Minh,Trường Thọ,phường Thủ Đức,✅ Toàn bộ
Hồ Chí Minh,phường Linh Tây và phần còn lại của phường Linh Đông sau khi sắp xếp theo quy định tại khoản 67 Điều này,phường Thủ Đức,⚠️ Một phần (Cần check)
Hồ Chí Minh,phường Bình Chiểu,phường Tam Bình,✅ Toàn bộ
Hồ Chí Minh,Tam Phú,phường Tam Bình,✅ Toàn bộ
Hồ Chí Minh,Tam Bình,phường Tam Bình,✅ Toàn bộ
Hồ Chí Minh,phường Linh Trung,phường Linh Xuân,✅ Toàn bộ
Hồ Chí Minh,phường Linh Xuân,phường Linh Xuân,✅ Toàn bộ
Hồ Chí Minh,phần còn lại của phường Linh Tây sau khi sắp xếp theo quy định tại khoản 68 Điều này,phường Linh Xuân,✅ Toàn bộ
Hồ Chí Minh,phường Tân Phú (thành phố Thủ Đức),phường Tăng Nhơn Phú,✅ Toàn bộ
Hồ Chí Minh,Hiệp Phú,phường Tăng Nhơn Phú,✅ Toàn bộ
Hồ Chí Minh,Tăng Nhơn Phú A,phường Tăng Nhơn Phú,✅ Toàn bộ
Hồ Chí Minh,Tăng Nhơn Phú B,phường Tăng Nhơn Phú,✅ Toàn bộ
Hồ Chí Minh,phường Long Thạnh Mỹ,phường Tăng Nhơn Phú,⚠️ Một phần (Cần check)
Hồ Chí Minh,phường Long Bình,phường Long Bình,✅ Toàn bộ
Hồ Chí Minh,phần còn lại của phường Long Thạnh Mỹ sau khi sắp xếp theo quy định tại khoản 71 Điều này,phường Long Bình,✅ Toàn bộ
Hồ Chí Minh,phường Trường Thạnh,phường Long Phước,✅ Toàn bộ
Hồ Chí Minh,phường Long Phước,phường Long Phước,✅ Toàn bộ
Hồ Chí Minh,phường Phú Hữu,phường Long Trường,✅ Toàn bộ
Hồ Chí Minh,phường Long Trường,phường Long Trường,✅ Toàn bộ
Hồ Chí Minh,phường Thạnh Mỹ Lợi,phường Cát Lái,✅ Toàn bộ
Hồ Chí Minh,phường Cát Lái,phường Cát Lái,✅ Toàn bộ
Hồ Chí Minh,phường Bình Trưng Đông,phường Bình Trưng,✅ Toàn bộ
Hồ Chí Minh,phường Bình Trưng Tây,phường Bình Trưng,✅ Toàn bộ
Hồ Chí Minh,phường An Phú (thành phố Thủ Đức),phường Bình Trưng,⚠️ Một phần (Cần check)
Hồ Chí Minh,phường Phước Bình,phường Phước Long,✅ Toàn bộ
Hồ Chí Minh,Phước Long A,phường Phước Long,✅ Toàn bộ
Hồ Chí Minh,Phước Long B,phường Phước Long,✅ Toàn bộ
Hồ Chí Minh,phường Thủ Thiêm,phường An Khánh,✅ Toàn bộ
Hồ Chí Minh,An Lợi Đông,phường An Khánh,✅ Toàn bộ
Hồ Chí Minh,Thảo Điền,phường An Khánh,✅ Toàn bộ
Hồ Chí Minh,An Khánh,phường An Khánh,✅ Toàn bộ
Hồ Chí Minh,phần còn lại của phường An Phú (thành phố Thủ Đức) sau khi sắp xếp theo quy định tại khoản 76 Điều này,phường An Khánh,✅ Toàn bộ
Hồ Chí Minh,phường Bình An,phường Đông Hòa,✅ Toàn bộ
Hồ Chí Minh,Bình Thắng,phường Đông Hòa,✅ Toàn bộ
Hồ Chí Minh,Đông Hòa,phường Đông Hòa,✅ Toàn bộ
Hồ Chí Minh,phường An Bình,phường Dĩ An,✅ Toàn bộ
Hồ Chí Minh,phường Dĩ An,phường Dĩ An,✅ Toàn bộ
Hồ Chí Minh,phường Tân Đông Hiệp,phường Dĩ An,⚠️ Một phần (Cần check)
Hồ Chí Minh,phường Tân Bình,phường Tân Đông Hiệp,✅ Toàn bộ
Hồ Chí Minh,phường Thái Hòa,phường Tân Đông Hiệp,⚠️ Một phần (Cần check)
Hồ Chí Minh,phần còn lại của phường Tân Đông Hiệp sau khi sắp xếp theo quy định tại khoản 80 Điều này,phường Tân Đông Hiệp,⚠️ Một phần (Cần check)
Hồ Chí Minh,phường An Phú (thành phố Thuận An),phường An Phú,✅ Toàn bộ
Hồ Chí Minh,phường Bình Chuẩn,phường An Phú,⚠️ Một phần (Cần check)
Hồ Chí Minh,phường Bình Hòa,phường Bình Hòa,✅ Toàn bộ
Hồ Chí Minh,phường Vĩnh Phú,phường Bình Hòa,⚠️ Một phần (Cần check)
Hồ Chí Minh,phường Bình Nhâm,phường Lái Thiêu,✅ Toàn bộ
Hồ Chí Minh,phường Lái Thiêu,phường Lái Thiêu,✅ Toàn bộ
Hồ Chí Minh,phần còn lại của phường Vĩnh Phú sau khi sắp xếp theo quy định tại khoản 83 Điều này,phường Lái Thiêu,✅ Toàn bộ
Hồ Chí Minh,phường Hưng Định,phường Thuận An,✅ Toàn bộ
Hồ Chí Minh,phường An Thạnh,phường Thuận An,✅ Toàn bộ
Hồ Chí Minh,xã An Sơn,phường Thuận An,✅ Toàn bộ
Hồ Chí Minh,phường Thuận Giao,phường Thuận Giao,✅ Toàn bộ
Hồ Chí Minh,phần còn lại của phường Bình Chuẩn sau khi sắp xếp theo quy định tại khoản 82 Điều này,phường Thuận Giao,✅ Toàn bộ
Hồ Chí Minh,phường Phú Cường,phường Thủ Dầu Một,✅ Toàn bộ
Hồ Chí Minh,Phú Thọ,phường Thủ Dầu Một,✅ Toàn bộ
Hồ Chí Minh,Chánh Nghĩa,phường Thủ Dầu Một,✅ Toàn bộ
Hồ Chí Minh,phường Hiệp Thành (thành phố Thủ Dầu Một),phường Thủ Dầu Một,⚠️ Một phần (Cần check)
Hồ Chí Minh,phường Chánh Mỹ,phường Thủ Dầu Một,⚠️ Một phần (Cần check)
Hồ Chí Minh,phường Phú Hòa,phường Phú Lợi,✅ Toàn bộ
Hồ Chí Minh,phường Phú Lợi,phường Phú Lợi,✅ Toàn bộ
Hồ Chí Minh,phần còn lại của phường Hiệp Thành (thành phố Thủ Dầu Một) sau khi sắp xếp theo quy định tại khoản 87 Điều này,phường Phú Lợi,✅ Toàn bộ
Hồ Chí Minh,phường Định Hòa,phường Chánh Hiệp,✅ Toàn bộ
Hồ Chí Minh,phường Tương Bình Hiệp,phường Chánh Hiệp,✅ Toàn bộ
Hồ Chí Minh,phường Hiệp An,phường Chánh Hiệp,⚠️ Một phần (Cần check)
Hồ Chí Minh,phần còn lại của phường Chánh Mỹ sau khi sắp xếp theo quy định tại khoản 87 Điều này,phường Chánh Hiệp,⚠️ Một phần (Cần check)
Hồ Chí Minh,phường Phú Mỹ (thành phố Thủ Dầu Một),phường Bình Dương,✅ Toàn bộ
Hồ Chí Minh,Hòa Phú,phường Bình Dương,✅ Toàn bộ
Hồ Chí Minh,Phú Tân và Phú Chánh,phường Bình Dương,✅ Toàn bộ
Hồ Chí Minh,phường Tân Định (thành phố Bến Cát),phường Hòa Lợi,✅ Toàn bộ
Hồ Chí Minh,phường Hòa Lợi,phường Hòa Lợi,✅ Toàn bộ
Hồ Chí Minh,phường Tân An,phường Phú An,✅ Toàn bộ
Hồ Chí Minh,xã Phú An,phường Phú An,✅ Toàn bộ
Hồ Chí Minh,phần còn lại của phường Hiệp An sau khi sắp xếp theo quy định tại khoản 89 Điều này,phường Phú An,✅ Toàn bộ
Hồ Chí Minh,phường An Tây,phường Tây Nam,✅ Toàn bộ
Hồ Chí Minh,xã Thanh Tuyền,phường Tây Nam,⚠️ Một phần (Cần check)
Hồ Chí Minh,xã An Lập,phường Tây Nam,⚠️ Một phần (Cần check)
Hồ Chí Minh,phường An Điền,phường Long Nguyên,✅ Toàn bộ
Hồ Chí Minh,xã Long Nguyên,phường Long Nguyên,✅ Toàn bộ
Hồ Chí Minh,phường Mỹ Phước,phường Long Nguyên,⚠️ Một phần (Cần check)
Hồ Chí Minh,xã Tân Hưng (huyện Bàu Bàng),phường Bến Cát,✅ Toàn bộ
Hồ Chí Minh,xã Lai Hưng,phường Bến Cát,✅ Toàn bộ
Hồ Chí Minh,phần còn lại của phường Mỹ Phước sau khi sắp xếp theo quy định tại khoản 94 Điều này,phường Bến Cát,✅ Toàn bộ
Hồ Chí Minh,phường Chánh Phú Hòa,phường Chánh Phú Hòa,✅ Toàn bộ
Hồ Chí Minh,xã Hưng Hòa,phường Chánh Phú Hòa,✅ Toàn bộ
Hồ Chí Minh,phường Vĩnh Tân,phường Vĩnh Tân,✅ Toàn bộ
Hồ Chí Minh,thị trấn Tân Bình,phường Vĩnh Tân,✅ Toàn bộ
Hồ Chí Minh,xã Bình Mỹ (huyện Bắc Tân Uyên) và phường Hội Nghĩa,phường Bình Cơ,✅ Toàn bộ
Hồ Chí Minh,phường Uyên Hưng,phường Tân Uyên,✅ Toàn bộ
Hồ Chí Minh,xã Bạch Đằng,phường Tân Uyên,✅ Toàn bộ
Hồ Chí Minh,xã Tân Lập,phường Tân Uyên,✅ Toàn bộ
Hồ Chí Minh,xã Tân Mỹ,phường Tân Uyên,⚠️ Một phần (Cần check)
Hồ Chí Minh,phường Khánh Bình,phường Tân Hiệp,✅ Toàn bộ
Hồ Chí Minh,phường Tân Hiệp,phường Tân Hiệp,✅ Toàn bộ
Hồ Chí Minh,phường Thạnh Phước,phường Tân Khánh,✅ Toàn bộ
Hồ Chí Minh,Tân Phước Khánh,phường Tân Khánh,✅ Toàn bộ
Hồ Chí Minh,Tân Vĩnh Hiệp,phường Tân Khánh,✅ Toàn bộ
Hồ Chí Minh,xã Thạnh Hội,phường Tân Khánh,✅ Toàn bộ
Hồ Chí Minh,phần còn lại của phường Thái Hòa sau khi sắp xếp theo quy định tại khoản 81 Điều này,phường Tân Khánh,✅ Toàn bộ
Hồ Chí Minh,Phường 1,phường Vũng Tàu,✅ Toàn bộ
Hồ Chí Minh,Phường 2,phường Vũng Tàu,✅ Toàn bộ
Hồ Chí Minh,Phường 3,phường Vũng Tàu,✅ Toàn bộ
Hồ Chí Minh,Phường 4,phường Vũng Tàu,✅ Toàn bộ
Hồ Chí Minh,Phường 5 (thành phố Vũng Tàu),phường Vũng Tàu,✅ Toàn bộ
Hồ Chí Minh,phường Thắng Nhì,phường Vũng Tàu,✅ Toàn bộ
Hồ Chí Minh,phường Thắng Tam,phường Vũng Tàu,✅ Toàn bộ
Hồ Chí Minh,Phường 7,phường Tam Thắng,✅ Toàn bộ
Hồ Chí Minh,Phường 8,phường Tam Thắng,✅ Toàn bộ
Hồ Chí Minh,Phường 9 (thành phố Vũng Tàu),phường Tam Thắng,✅ Toàn bộ
Hồ Chí Minh,phường Nguyễn An Ninh,phường Tam Thắng,✅ Toàn bộ
Hồ Chí Minh,Phường 10 (thành phố Vũng Tàu),phường Rạch Dừa,✅ Toàn bộ
Hồ Chí Minh,phường Thắng Nhất và phường Rạch Dừa,phường Rạch Dừa,✅ Toàn bộ
Hồ Chí Minh,Phường 11,phường Phước Thắng,✅ Toàn bộ
Hồ Chí Minh,Phường 12 (thành phố Vũng Tàu),phường Phước Thắng,✅ Toàn bộ
Hồ Chí Minh,xã Tân Hưng (thành phố Bà Rịa),phường Long Hương,✅ Toàn bộ
Hồ Chí Minh,phường Kim Dinh và phường Long Hương,phường Long Hương,✅ Toàn bộ
Hồ Chí Minh,phường Phước Trung,phường Bà Rịa,✅ Toàn bộ
Hồ Chí Minh,Phước Nguyên,phường Bà Rịa,✅ Toàn bộ
Hồ Chí Minh,Long Toàn,phường Bà Rịa,✅ Toàn bộ
Hồ Chí Minh,Phước Hưng,phường Bà Rịa,✅ Toàn bộ
Hồ Chí Minh,phường Long Tâm,phường Tam Long,✅ Toàn bộ
Hồ Chí Minh,xã Hòa Long,phường Tam Long,✅ Toàn bộ
Hồ Chí Minh,xã Long Phước,phường Tam Long,✅ Toàn bộ
Hồ Chí Minh,phường Tân Hòa,phường Tân Hải,✅ Toàn bộ
Hồ Chí Minh,phường Tân Hải,phường Tân Hải,✅ Toàn bộ
Hồ Chí Minh,phường Phước Hòa,phường Tân Phước,✅ Toàn bộ
Hồ Chí Minh,phường Tân Phước,phường Tân Phước,✅ Toàn bộ
Hồ Chí Minh,phường Phú Mỹ (thành phố Phú Mỹ) và phường Mỹ Xuân,phường Phú Mỹ,✅ Toàn bộ
Hồ Chí Minh,phường Hắc Dịch,phường Tân Thành,✅ Toàn bộ
Hồ Chí Minh,xã Sông Xoài,phường Tân Thành,✅ Toàn bộ
Hồ Chí Minh,xã Vĩnh Lộc A,xã Vĩnh Lộc,✅ Toàn bộ
Hồ Chí Minh,xã Phạm Văn Hai,xã Vĩnh Lộc,⚠️ Một phần (Cần check)
Hồ Chí Minh,xã Vĩnh Lộc B,xã Tân Vĩnh Lộc,✅ Toàn bộ
Hồ Chí Minh,phần còn lại của xã Phạm Văn Hai sau khi sắp xếp theo quy định tại khoản 113 Điều này và phần còn lại của phường Tân Tạo sau khi sắp xếp theo quy định tại khoản 38,xã Tân Vĩnh Lộc,✅ Toàn bộ
Hồ Chí Minh,khoản 39 Điều này,xã Tân Vĩnh Lộc,✅ Toàn bộ
Hồ Chí Minh,xã Lê Minh Xuân,xã Bình Lợi,✅ Toàn bộ
Hồ Chí Minh,xã Bình Lợi,xã Bình Lợi,✅ Toàn bộ
Hồ Chí Minh,thị trấn Tân Túc,xã Tân Nhựt,✅ Toàn bộ
Hồ Chí Minh,xã Tân Nhựt,xã Tân Nhựt,✅ Toàn bộ
Hồ Chí Minh,phần còn lại của phường Tân Tạo A,xã Tân Nhựt,✅ Toàn bộ
Hồ Chí Minh,xã Tân Kiên sau khi sắp xếp theo quy định tại khoản 39 Điều này và phần còn lại của Phường 16 (Quận 8) sau khi sắp xếp theo quy định tại khoản 16,xã Tân Nhựt,✅ Toàn bộ
Hồ Chí Minh,khoản 23 Điều này,xã Tân Nhựt,✅ Toàn bộ
Hồ Chí Minh,xã Tân Quý Tây,xã Bình Chánh,✅ Toàn bộ
Hồ Chí Minh,xã Bình Chánh,xã Bình Chánh,✅ Toàn bộ
Hồ Chí Minh,phần còn lại của xã An Phú Tây sau khi sắp xếp theo quy định tại khoản 24 Điều này,xã Bình Chánh,✅ Toàn bộ
Hồ Chí Minh,xã Đa Phước,xã Hưng Long,✅ Toàn bộ
Hồ Chí Minh,Qui Đức,xã Hưng Long,✅ Toàn bộ
Hồ Chí Minh,Hưng Long,xã Hưng Long,✅ Toàn bộ
Hồ Chí Minh,xã Phong Phú,xã Bình Hưng,✅ Toàn bộ
Hồ Chí Minh,xã Bình Hưng,xã Bình Hưng,✅ Toàn bộ
Hồ Chí Minh,phần còn lại của Phường 7 (Quận 8) sau khi sắp xếp theo quy định tại khoản 24 Điều này,xã Bình Hưng,✅ Toàn bộ
Hồ Chí Minh,xã Tam Thôn Hiệp,xã Bình Khánh,✅ Toàn bộ
Hồ Chí Minh,xã Bình Khánh,xã Bình Khánh,✅ Toàn bộ
Hồ Chí Minh,xã An Thới Đông,xã Bình Khánh,⚠️ Một phần (Cần check)
Hồ Chí Minh,xã Lý Nhơn,xã An Thới Đông,✅ Toàn bộ
Hồ Chí Minh,phần còn lại của xã An Thới Đông sau khi sắp xếp theo quy định tại khoản 120 Điều này,xã An Thới Đông,✅ Toàn bộ
Hồ Chí Minh,xã Long Hòa (huyện Cần Giờ) và thị trấn Cần Thạnh,xã Cần Giờ,✅ Toàn bộ
Hồ Chí Minh,xã Tân Phú Trung,xã Củ Chi,✅ Toàn bộ
Hồ Chí Minh,Tân Thông Hội,xã Củ Chi,✅ Toàn bộ
Hồ Chí Minh,Phước Vĩnh An,xã Củ Chi,✅ Toàn bộ
Hồ Chí Minh,thị trấn Củ Chi,xã Tân An Hội,✅ Toàn bộ
Hồ Chí Minh,xã Phước Hiệp,xã Tân An Hội,✅ Toàn bộ
Hồ Chí Minh,xã Tân An Hội,xã Tân An Hội,✅ Toàn bộ
Hồ Chí Minh,xã Trung Lập Thượng,xã Thái Mỹ,✅ Toàn bộ
Hồ Chí Minh,Phước Thạnh,xã Thái Mỹ,✅ Toàn bộ
Hồ Chí Minh,Thái Mỹ,xã Thái Mỹ,✅ Toàn bộ
Hồ Chí Minh,xã Phú Mỹ Hưng,xã An Nhơn Tây,✅ Toàn bộ
Hồ Chí Minh,An Phú,xã An Nhơn Tây,✅ Toàn bộ
Hồ Chí Minh,An Nhơn Tây,xã An Nhơn Tây,✅ Toàn bộ
Hồ Chí Minh,xã Phạm Văn Cội,xã Nhuận Đức,✅ Toàn bộ
Hồ Chí Minh,Trung Lập Hạ,xã Nhuận Đức,✅ Toàn bộ
Hồ Chí Minh,Nhuận Đức,xã Nhuận Đức,✅ Toàn bộ
Hồ Chí Minh,xã Tân Thạnh Tây,xã Phú Hòa Đông,✅ Toàn bộ
Hồ Chí Minh,Tân Thạnh Đông,xã Phú Hòa Đông,✅ Toàn bộ
Hồ Chí Minh,Phú Hòa Đông,xã Phú Hòa Đông,✅ Toàn bộ
Hồ Chí Minh,xã Bình Mỹ (huyện Củ Chi),xã Bình Mỹ,✅ Toàn bộ
Hồ Chí Minh,Hòa Phú và Trung An,xã Bình Mỹ,✅ Toàn bộ
Hồ Chí Minh,xã Thới Tam Thôn,xã Đông Thạnh,✅ Toàn bộ
Hồ Chí Minh,Nhị Bình,xã Đông Thạnh,✅ Toàn bộ
Hồ Chí Minh,Đông Thạnh,xã Đông Thạnh,✅ Toàn bộ
Hồ Chí Minh,xã Tân Hiệp (huyện Hóc Môn),xã Hóc Môn,✅ Toàn bộ
Hồ Chí Minh,xã Tân Xuân,xã Hóc Môn,✅ Toàn bộ
Hồ Chí Minh,thị trấn Hóc Môn,xã Hóc Môn,✅ Toàn bộ
Hồ Chí Minh,xã Tân Thới Nhì,xã Xuân Thới Sơn,✅ Toàn bộ
Hồ Chí Minh,Xuân Thới Đông,xã Xuân Thới Sơn,✅ Toàn bộ
Hồ Chí Minh,Xuân Thới Sơn,xã Xuân Thới Sơn,✅ Toàn bộ
Hồ Chí Minh,xã Xuân Thới Thượng,xã Bà Điểm,✅ Toàn bộ
Hồ Chí Minh,Trung Chánh,xã Bà Điểm,✅ Toàn bộ
Hồ Chí Minh,Bà Điểm,xã Bà Điểm,✅ Toàn bộ
Hồ Chí Minh,thị trấn Nhà Bè,xã Nhà Bè,✅ Toàn bộ
Hồ Chí Minh,xã Phú Xuân,xã Nhà Bè,✅ Toàn bộ
Hồ Chí Minh,Phước Kiển,xã Nhà Bè,✅ Toàn bộ
Hồ Chí Minh,Phước Lộc,xã Nhà Bè,✅ Toàn bộ
Hồ Chí Minh,xã Nhơn Đức,xã Hiệp Phước,✅ Toàn bộ
Hồ Chí Minh,Long Thới,xã Hiệp Phước,✅ Toàn bộ
Hồ Chí Minh,Hiệp Phước,xã Hiệp Phước,✅ Toàn bộ
Hồ Chí Minh,xã Lạc An,xã Thường Tân,✅ Toàn bộ
Hồ Chí Minh,Hiếu Liêm,xã Thường Tân,✅ Toàn bộ
Hồ Chí Minh,Thường Tân,xã Thường Tân,✅ Toàn bộ
Hồ Chí Minh,phần còn lại của xã Tân Mỹ sau khi sắp xếp theo quy định tại khoản 99 Điều này,xã Thường Tân,✅ Toàn bộ
Hồ Chí Minh,thị trấn Tân Thành,xã Bắc Tân Uyên,✅ Toàn bộ
Hồ Chí Minh,xã Đất Cuốc,xã Bắc Tân Uyên,✅ Toàn bộ
Hồ Chí Minh,xã Tân Định,xã Bắc Tân Uyên,✅ Toàn bộ
Hồ Chí Minh,thị trấn Phước Vĩnh,xã Phú Giáo,✅ Toàn bộ
Hồ Chí Minh,xã An Bình,xã Phú Giáo,✅ Toàn bộ
Hồ Chí Minh,xã Tam Lập,xã Phú Giáo,⚠️ Một phần (Cần check)
Hồ Chí Minh,xã Vĩnh Hòa,xã Phước Hòa,✅ Toàn bộ
Hồ Chí Minh,xã Phước Hòa,xã Phước Hòa,✅ Toàn bộ
Hồ Chí Minh,phần còn lại của xã Tam Lập sau khi sắp xếp theo quy định tại khoản 138 Điều này,xã Phước Hòa,✅ Toàn bộ
Hồ Chí Minh,xã Tân Hiệp (huyện Phú Giáo),xã Phước Thành,✅ Toàn bộ
Hồ Chí Minh,An Thái và Phước Sang,xã Phước Thành,✅ Toàn bộ
Hồ Chí Minh,xã An Linh,xã An Long,✅ Toàn bộ
Hồ Chí Minh,Tân Long,xã An Long,✅ Toàn bộ
Hồ Chí Minh,An Long,xã An Long,✅ Toàn bộ
Hồ Chí Minh,xã Trừ Văn Thố,xã Trừ Văn Thố,✅ Toàn bộ
Hồ Chí Minh,xã Cây Trường II,xã Trừ Văn Thố,✅ Toàn bộ
Hồ Chí Minh,thị trấn Lai Uyên,xã Trừ Văn Thố,⚠️ Một phần (Cần check)
Hồ Chí Minh,thị trấn Lai Uyên sau khi sắp xếp theo quy định tại khoản 142 Điều này,xã Bàu Bàng,✅ Toàn bộ
Hồ Chí Minh,xã Long Tân và xã Long Hòa (huyện Dầu Tiếng),xã Long Hòa,✅ Toàn bộ
Hồ Chí Minh,xã Minh Tân,xã Long Hòa,⚠️ Một phần (Cần check)
Hồ Chí Minh,xã Minh Thạnh,xã Long Hòa,⚠️ Một phần (Cần check)
Hồ Chí Minh,xã Thanh An,xã Thanh An,✅ Toàn bộ
Hồ Chí Minh,xã Định Hiệp và phần còn lại của xã Thanh Tuyền,xã Thanh An,⚠️ Một phần (Cần check)
Hồ Chí Minh,xã An Lập sau khi sắp xếp theo quy định tại khoản 93 Điều này,xã Thanh An,⚠️ Một phần (Cần check)
Hồ Chí Minh,thị trấn Dầu Tiếng,xã Dầu Tiếng,✅ Toàn bộ
Hồ Chí Minh,xã Định An,xã Dầu Tiếng,✅ Toàn bộ
Hồ Chí Minh,xã Định Thành,xã Dầu Tiếng,✅ Toàn bộ
Hồ Chí Minh,phần còn lại của xã Định Hiệp sau khi sắp xếp theo quy định tại khoản 145 Điều này,xã Dầu Tiếng,✅ Toàn bộ
Hồ Chí Minh,xã Minh Hòa và phần còn lại của xã Minh Tân,xã Minh Thạnh,✅ Toàn bộ
Hồ Chí Minh,xã Minh Thạnh sau khi sắp xếp theo quy định tại khoản 144 Điều này,xã Minh Thạnh,✅ Toàn bộ
Hồ Chí Minh,xã Tóc Tiên,xã Châu Pha,✅ Toàn bộ
Hồ Chí Minh,xã Châu Pha,xã Châu Pha,✅ Toàn bộ
Hồ Chí Minh,thị trấn Long Hải,xã Long Hải,✅ Toàn bộ
Hồ Chí Minh,xã Phước Tỉnh,xã Long Hải,✅ Toàn bộ
Hồ Chí Minh,xã Phước Hưng,xã Long Hải,✅ Toàn bộ
Hồ Chí Minh,thị trấn Long Điền,xã Long Điền,✅ Toàn bộ
Hồ Chí Minh,xã Tam An,xã Long Điền,✅ Toàn bộ
Hồ Chí Minh,thị trấn Phước Hải,xã Phước Hải,✅ Toàn bộ
Hồ Chí Minh,xã Phước Hội,xã Phước Hải,✅ Toàn bộ
Hồ Chí Minh,thị trấn Đất Đỏ,xã Đất Đỏ,✅ Toàn bộ
Hồ Chí Minh,xã Long Tân (huyện Long Đất),xã Đất Đỏ,✅ Toàn bộ
Hồ Chí Minh,Láng Dài,xã Đất Đỏ,✅ Toàn bộ
Hồ Chí Minh,Phước Long Thọ,xã Đất Đỏ,✅ Toàn bộ
Hồ Chí Minh,xã Đá Bạc,xã Nghĩa Thành,✅ Toàn bộ
Hồ Chí Minh,xã Nghĩa Thành,xã Nghĩa Thành,✅ Toàn bộ
Hồ Chí Minh,thị trấn Ngãi Giao,xã Ngãi Giao,✅ Toàn bộ
Hồ Chí Minh,xã Bình Ba,xã Ngãi Giao,✅ Toàn bộ
Hồ Chí Minh,xã Suối Nghệ,xã Ngãi Giao,✅ Toàn bộ
Hồ Chí Minh,thị trấn Kim Long,xã Kim Long,✅ Toàn bộ
Hồ Chí Minh,xã Bàu Chinh,xã Kim Long,✅ Toàn bộ
Hồ Chí Minh,xã Láng Lớn,xã Kim Long,✅ Toàn bộ
Hồ Chí Minh,xã Cù Bị,xã Châu Đức,✅ Toàn bộ
Hồ Chí Minh,xã Xà Bang,xã Châu Đức,✅ Toàn bộ
Hồ Chí Minh,xã Bình Trung,xã Bình Giã,✅ Toàn bộ
Hồ Chí Minh,Quảng Thành,xã Bình Giã,✅ Toàn bộ
Hồ Chí Minh,Bình Giã,xã Bình Giã,✅ Toàn bộ
Hồ Chí Minh,xã Suối Rao,xã Xuân Sơn,✅ Toàn bộ
Hồ Chí Minh,Sơn Bình,xã Xuân Sơn,✅ Toàn bộ
Hồ Chí Minh,Xuân Sơn,xã Xuân Sơn,✅ Toàn bộ
Hồ Chí Minh,thị trấn Phước Bửu,xã Hồ Tràm,✅ Toàn bộ
Hồ Chí Minh,xã Phước Tân,xã Hồ Tràm,✅ Toàn bộ
Hồ Chí Minh,xã Phước Thuận,xã Hồ Tràm,✅ Toàn bộ
Hồ Chí Minh,xã Bông Trang,xã Xuyên Mộc,✅ Toàn bộ
Hồ Chí Minh,Bưng Riềng,xã Xuyên Mộc,✅ Toàn bộ
Hồ Chí Minh,Xuyên Mộc,xã Xuyên Mộc,✅ Toàn bộ
Hồ Chí Minh,xã Hòa Hưng,xã Hòa Hội,✅ Toàn bộ
Hồ Chí Minh,Hòa Bình,xã Hòa Hội,✅ Toàn bộ
Hồ Chí Minh,Hòa Hội,xã Hòa Hội,✅ Toàn bộ
Hồ Chí Minh,xã Tân Lâm,xã Bàu Lâm,✅ Toàn bộ
Hồ Chí Minh,xã Bàu Lâm,xã Bàu Lâm,✅ Toàn bộ
Huế,phường Phong Thu,phường Phong Điền,✅ Toàn bộ
Huế,xã Phong Mỹ,phường Phong Điền,✅ Toàn bộ
Huế,xã Phong Xuân,phường Phong Điền,✅ Toàn bộ
Huế,phường Phong An,phường Phong Thái,✅ Toàn bộ
Huế,phườngPhong Hiền,phường Phong Thái,✅ Toàn bộ
Huế,xã Phong Sơn,phường Phong Thái,✅ Toàn bộ
Huế,phường Phong Hòa,phường Phong Dinh,✅ Toàn bộ
Huế,xã Phong Bình,phường Phong Dinh,✅ Toàn bộ
Huế,xã Phong Chương,phường Phong Dinh,✅ Toàn bộ
Huế,phường Phong Phú,phường Phong Phú,✅ Toàn bộ
Huế,xã Phong Thạnh,phường Phong Phú,✅ Toàn bộ
Huế,phường Phong Hải,phường Phong Quảng,✅ Toàn bộ
Huế,xã Quảng Công,phường Phong Quảng,✅ Toàn bộ
Huế,xã Quảng Ngạn,phường Phong Quảng,✅ Toàn bộ
Huế,phường Tứ Hạ,phường Hương Trà,✅ Toàn bộ
Huế,Hương Văn,phường Hương Trà,✅ Toàn bộ
Huế,Hương Vân,phường Hương Trà,✅ Toàn bộ
Huế,phường Hương Xuân,phường Kim Trà,✅ Toàn bộ
Huế,phường Hương Chữ,phường Kim Trà,✅ Toàn bộ
Huế,xã Hương Toàn,phường Kim Trà,✅ Toàn bộ
Huế,phường Long Hồ,phường Kim Long,✅ Toàn bộ
Huế,Hương Long,phường Kim Long,✅ Toàn bộ
Huế,Kim Long,phường Kim Long,✅ Toàn bộ
Huế,phường An Hòa,phường Hương An,✅ Toàn bộ
Huế,Hương Sơ,phường Hương An,✅ Toàn bộ
Huế,Hương An,phường Hương An,✅ Toàn bộ
Huế,phường Gia Hội,phường Phú Xuân,✅ Toàn bộ
Huế,Phú Hậu,phường Phú Xuân,✅ Toàn bộ
Huế,Tây Lộc,phường Phú Xuân,✅ Toàn bộ
Huế,Thuận Lộc,phường Phú Xuân,✅ Toàn bộ
Huế,Thuận Hòa,phường Phú Xuân,✅ Toàn bộ
Huế,Đông Ba,phường Phú Xuân,✅ Toàn bộ
Huế,phường Thuận An,phường Thuận An,✅ Toàn bộ
Huế,xã Phú Hải,phường Thuận An,✅ Toàn bộ
Huế,xã Phú Thuận,phường Thuận An,✅ Toàn bộ
Huế,phường Hương Phong,phường Hóa Châu,✅ Toàn bộ
Huế,phường Hương Vinh,phường Hóa Châu,✅ Toàn bộ
Huế,xã Quảng Thành,phường Hóa Châu,✅ Toàn bộ
Huế,phường Phú Thượng,phường Mỹ Thượng,✅ Toàn bộ
Huế,xã Phú An,phường Mỹ Thượng,✅ Toàn bộ
Huế,xã Phú Mỹ,phường Mỹ Thượng,✅ Toàn bộ
Huế,phường Thủy Vân,phường Vỹ Dạ,✅ Toàn bộ
Huế,Xuân Phú,phường Vỹ Dạ,✅ Toàn bộ
Huế,Vỹ Dạ,phường Vỹ Dạ,✅ Toàn bộ
Huế,phường Phú Hội,phường Thuận Hóa,✅ Toàn bộ
Huế,Phú Nhuận,phường Thuận Hóa,✅ Toàn bộ
Huế,Phường Đúc,phường Thuận Hóa,✅ Toàn bộ
Huế,Vĩnh Ninh,phường Thuận Hóa,✅ Toàn bộ
Huế,Phước Vĩnh,phường Thuận Hóa,✅ Toàn bộ
Huế,Trường An,phường Thuận Hóa,✅ Toàn bộ
Huế,phường An Đông,phường An Cựu,✅ Toàn bộ
Huế,An TâyvàAn Cựu,phường An Cựu,✅ Toàn bộ
Huế,phường Thủy Biều,phường Thủy Xuân,✅ Toàn bộ
Huế,Thủy Bằng,phường Thủy Xuân,✅ Toàn bộ
Huế,Thủy Xuân,phường Thủy Xuân,✅ Toàn bộ
Huế,phường Thủy Dương,phường Thanh Thủy,✅ Toàn bộ
Huế,phườngThủy Phương,phường Thanh Thủy,✅ Toàn bộ
Huế,xã Thủy Thanh,phường Thanh Thủy,✅ Toàn bộ
Huế,phường Thủy Lương,phường Hương Thủy,✅ Toàn bộ
Huế,phườngThủy Châu,phường Hương Thủy,✅ Toàn bộ
Huế,xã Thủy Tân,phường Hương Thủy,✅ Toàn bộ
Huế,phường Phú Bài,phường Phú Bài,✅ Toàn bộ
Huế,xã Thủy Phù,phường Phú Bài,✅ Toàn bộ
Huế,Phú Sơn,phường Phú Bài,✅ Toàn bộ
Huế,Dương Hòa,phường Phú Bài,✅ Toàn bộ
Huế,xã Quảng Thái,xã Đan Điền,✅ Toàn bộ
Huế,Quảng Lợi,xã Đan Điền,✅ Toàn bộ
Huế,Quảng Vinh,xã Đan Điền,✅ Toàn bộ
Huế,Quảng Phú,xã Đan Điền,✅ Toàn bộ
Huế,xã Phú Diên,xã Phú Vinh,✅ Toàn bộ
Huế,Vinh Xuân,xã Phú Vinh,✅ Toàn bộ
Huế,Vinh An,xã Phú Vinh,✅ Toàn bộ
Huế,Vinh Thanh,xã Phú Vinh,✅ Toàn bộ
Huế,xã Phú Xuân,xã Phú Hồ,✅ Toàn bộ
Huế,Phú Lương,xã Phú Hồ,✅ Toàn bộ
Huế,Phú Hồ,xã Phú Hồ,✅ Toàn bộ
Huế,xã Vinh Hưng,xã Vinh Lộc,✅ Toàn bộ
Huế,Vinh Mỹ,xã Vinh Lộc,✅ Toàn bộ
Huế,Giang Hải,xã Vinh Lộc,✅ Toàn bộ
Huế,Vinh Hiền,xã Vinh Lộc,✅ Toàn bộ
Huế,xã Lộc Hòa,xã Lộc An,✅ Toàn bộ
Huế,Lộc Điền,xã Lộc An,✅ Toàn bộ
Huế,Lộc An,xã Lộc An,✅ Toàn bộ
Huế,xã Thượng Quảng,xã Long Quảng,✅ Toàn bộ
Huế,Thượng Long,xã Long Quảng,✅ Toàn bộ
Huế,Hương Hữu,xã Long Quảng,✅ Toàn bộ
Huế,xã Hương Xuân,xã Nam Đông,✅ Toàn bộ
Huế,Thượng Nhật,xã Nam Đông,✅ Toàn bộ
Huế,Hương Sơn,xã Nam Đông,✅ Toàn bộ
Huế,thị trấn Khe Tre vàcác xã Hương Phú,xã Khe Tre,✅ Toàn bộ
Huế,Hương Lộc,xã Khe Tre,✅ Toàn bộ
Huế,Thượng Lộ,xã Khe Tre,✅ Toàn bộ
Huế,xã Hồng Thủy,xã A Lưới 1,✅ Toàn bộ
Huế,Hồng Vân,xã A Lưới 1,✅ Toàn bộ
Huế,Trung Sơn,xã A Lưới 1,✅ Toàn bộ
Huế,Hồng Kim,xã A Lưới 1,✅ Toàn bộ
Huế,xã Sơn Thủy,xã A Lưới 3,✅ Toàn bộ
Huế,Hồng Thượng,xã A Lưới 3,✅ Toàn bộ
Huế,Phú Vinh,xã A Lưới 3,✅ Toàn bộ
Huế,Hồng Thái,xã A Lưới 3,✅ Toàn bộ
Huế,xã Hương Phong,xã A Lưới 4,✅ Toàn bộ
Huế,A Roàng,xã A Lưới 4,✅ Toàn bộ
Huế,Đông Sơn,xã A Lưới 4,✅ Toàn bộ
Huế,Lâm Đớt,xã A Lưới 4,✅ Toàn bộ
Huế,xã Hương Nguyên,xã A Lưới 5,✅ Toàn bộ
Huế,xã Hồng Hạ,xã A Lưới 5,✅ Toàn bộ
Vĩnh Long,xã An Phước (huyện Mang Thít),xã Cái Nhum,✅ Toàn bộ
Vĩnh Long,xã Chánh An và thị trấn Cái Nhum,xã Cái Nhum,✅ Toàn bộ
Vĩnh Long,xã Nhơn Bình,xã Trà Côn,✅ Toàn bộ
Vĩnh Long,Trà Côn,xã Trà Côn,✅ Toàn bộ
Vĩnh Long,Tân Mỹ,xã Trà Côn,✅ Toàn bộ
Vĩnh Long,xã Hựu Thành,xã Vĩnh Xuân,✅ Toàn bộ
Vĩnh Long,Thuận Thới,xã Vĩnh Xuân,✅ Toàn bộ
Vĩnh Long,Vĩnh Xuân,xã Vĩnh Xuân,✅ Toàn bộ
Vĩnh Long,xã Xuân Hiệp,xã Hòa Bình,✅ Toàn bộ
Vĩnh Long,Thới Hòa,xã Hòa Bình,✅ Toàn bộ
Vĩnh Long,Hòa Bình,xã Hòa Bình,✅ Toàn bộ
Vĩnh Long,xã Hòa Thạnh,xã Hòa Hiệp,✅ Toàn bộ
Vĩnh Long,Hòa Lộc,xã Hòa Hiệp,✅ Toàn bộ
Vĩnh Long,Hòa Hiệp,xã Hòa Hiệp,✅ Toàn bộ
Vĩnh Long,xã Loan Mỹ,xã Ngãi Tứ,✅ Toàn bộ
Vĩnh Long,xã Bình Ninh,xã Ngãi Tứ,✅ Toàn bộ
Vĩnh Long,một phần diện tích tự nhiên,xã Ngãi Tứ,✅ Toàn bộ
Vĩnh Long,quy mô dân số của xã Ngãi Tứ,xã Ngãi Tứ,✅ Toàn bộ
Vĩnh Long,phần còn lại của thị trấn Trà Ôn sau khi sắp xếp theo quy định tại khoản 16 Điều này,xã Ngãi Tứ,✅ Toàn bộ
Vĩnh Long,xã Tân Phú (huyện Tam Bình),xã Song Phú,✅ Toàn bộ
Vĩnh Long,Long Phú,xã Song Phú,✅ Toàn bộ
Vĩnh Long,Phú Thịnhvà Song Phú,xã Song Phú,✅ Toàn bộ
Vĩnh Long,xã Mỹ Lộc,xã Cái Ngang,✅ Toàn bộ
Vĩnh Long,Tân Lộc,xã Cái Ngang,✅ Toàn bộ
Vĩnh Long,Hậu Lộc,xã Cái Ngang,✅ Toàn bộ
Vĩnh Long,Phú Lộc,xã Cái Ngang,✅ Toàn bộ
Vĩnh Long,xã Tân Bình (huyện Bình Tân),xã Tân Quới,✅ Toàn bộ
Vĩnh Long,xã Thành Lợi và thị trấn Tân Quới,xã Tân Quới,✅ Toàn bộ
Vĩnh Long,xã Tân Thành,xã Tân Lược,✅ Toàn bộ
Vĩnh Long,Tân An Thạnh,xã Tân Lược,✅ Toàn bộ
Vĩnh Long,Tân Lược,xã Tân Lược,✅ Toàn bộ
Vĩnh Long,xã Thành Trung,xã Mỹ Thuận,✅ Toàn bộ
Vĩnh Long,Nguyễn Văn Thảnh,xã Mỹ Thuận,✅ Toàn bộ
Vĩnh Long,Mỹ Thuận,xã Mỹ Thuận,✅ Toàn bộ
Vĩnh Long,thị trấn Châu Thành(huyện Châu Thành,xã Phú Túc,✅ Toàn bộ
Vĩnh Long,tỉnh Bến Tre) vàcác xã Tân Thạch,xã Phú Túc,✅ Toàn bộ
Vĩnh Long,Tường Đa,xã Phú Túc,✅ Toàn bộ
Vĩnh Long,Phú Túc,xã Phú Túc,✅ Toàn bộ
Vĩnh Long,xã An Phước (huyện Châu Thành),xã Giao Long,✅ Toàn bộ
Vĩnh Long,Quới Sơn,xã Giao Long,✅ Toàn bộ
Vĩnh Long,Giao Long,xã Giao Long,✅ Toàn bộ
Vĩnh Long,thị trấn Tiên Thủy,xã Tiên Thủy,✅ Toàn bộ
Vĩnh Long,xã Thành Triệu,xã Tiên Thủy,✅ Toàn bộ
Vĩnh Long,xã Quới Thành,xã Tiên Thủy,✅ Toàn bộ
Vĩnh Long,xã Sơn Định,xã Phú Phụng,✅ Toàn bộ
Vĩnh Long,Vĩnh Bình,xã Phú Phụng,✅ Toàn bộ
Vĩnh Long,Phú Phụng,xã Phú Phụng,✅ Toàn bộ
Vĩnh Long,xãPhú Sơn,xã Vĩnh Thành,✅ Toàn bộ
Vĩnh Long,Tân Thiềng,xã Vĩnh Thành,✅ Toàn bộ
Vĩnh Long,Vĩnh Thành,xã Vĩnh Thành,✅ Toàn bộ
Vĩnh Long,thị trấn Phước Mỹ Trung,xã Phước Mỹ Trung,✅ Toàn bộ
Vĩnh Long,xã Phú Mỹ,xã Phước Mỹ Trung,✅ Toàn bộ
Vĩnh Long,Thạnh Ngãi,xã Phước Mỹ Trung,✅ Toàn bộ
Vĩnh Long,Tân Phú Tây,xã Phước Mỹ Trung,✅ Toàn bộ
Vĩnh Long,xãTân Bình (huyện Mỏ Cày Bắc),xã Tân Thành Bình,✅ Toàn bộ
Vĩnh Long,Thành An,xã Tân Thành Bình,✅ Toàn bộ
Vĩnh Long,Hòa Lộc,xã Tân Thành Bình,✅ Toàn bộ
Vĩnh Long,Tân Thành Bình,xã Tân Thành Bình,✅ Toàn bộ
Vĩnh Long,xã Khánh Thạnh Tân,xã Nhuận Phú Tân,✅ Toàn bộ
Vĩnh Long,Tân Thanh Tây,xã Nhuận Phú Tân,✅ Toàn bộ
Vĩnh Long,Nhuận Phú Tân,xã Nhuận Phú Tân,✅ Toàn bộ
Vĩnh Long,xã Định Thủy,xã Đồng Khởi,✅ Toàn bộ
Vĩnh Long,Phước Hiệp,xã Đồng Khởi,✅ Toàn bộ
Vĩnh Long,Bình Khánh,xã Đồng Khởi,✅ Toàn bộ
Vĩnh Long,xã An Thới,xã Thành Thới,✅ Toàn bộ
Vĩnh Long,Thành Thới A,xã Thành Thới,✅ Toàn bộ
Vĩnh Long,Thành Thới B,xã Thành Thới,✅ Toàn bộ
Vĩnh Long,xã Ngãi Đăng,xã Hương Mỹ,✅ Toàn bộ
Vĩnh Long,Cẩm Sơn,xã Hương Mỹ,✅ Toàn bộ
Vĩnh Long,Hương Mỹ,xã Hương Mỹ,✅ Toàn bộ
Vĩnh Long,xã Phú Khánh,xã Đại Điền,✅ Toàn bộ
Vĩnh Long,Tân Phong,xã Đại Điền,✅ Toàn bộ
Vĩnh Long,Thới Thạnh,xã Đại Điền,✅ Toàn bộ
Vĩnh Long,Đại Điền,xã Đại Điền,✅ Toàn bộ
Vĩnh Long,xã Hòa Lợi (huyện Thạnh Phú),xã Quới Điền,✅ Toàn bộ
Vĩnh Long,Mỹ Hưng,xã Quới Điền,✅ Toàn bộ
Vĩnh Long,Quới Điền,xã Quới Điền,✅ Toàn bộ
Vĩnh Long,xã An Điền,xã Thạnh Hải,✅ Toàn bộ
Vĩnh Long,xã Thạnh Hải,xã Thạnh Hải,✅ Toàn bộ
Vĩnh Long,xã Giao Thạnh,xã Thạnh Phong,✅ Toàn bộ
Vĩnh Long,xã Thạnh Phong,xã Thạnh Phong,✅ Toàn bộ
Vĩnh Long,thị trấn Tiệm Tôm,xã Tân Thủy,✅ Toàn bộ
Vĩnh Long,xã An Hòa Tây,xã Tân Thủy,✅ Toàn bộ
Vĩnh Long,xã Tân Thủy,xã Tân Thủy,✅ Toàn bộ
Vĩnh Long,xã Bảo Thuận,xã Bảo Thạnh,✅ Toàn bộ
Vĩnh Long,xã Bảo Thạnh,xã Bảo Thạnh,✅ Toàn bộ
Vĩnh Long,thị trấn Ba Tri,xã Ba Tri,✅ Toàn bộ
Vĩnh Long,xã Vĩnh Hòa (huyện Ba Tri),xã Ba Tri,✅ Toàn bộ
Vĩnh Long,An Đức,xã Ba Tri,✅ Toàn bộ
Vĩnh Long,Vĩnh An,xã Ba Tri,✅ Toàn bộ
Vĩnh Long,An Bình Tây,xã Ba Tri,✅ Toàn bộ
Vĩnh Long,xã Phú Lễ,xã Tân Xuân,✅ Toàn bộ
Vĩnh Long,Phước Ngãi,xã Tân Xuân,✅ Toàn bộ
Vĩnh Long,Tân Xuân,xã Tân Xuân,✅ Toàn bộ
Vĩnh Long,xã Mỹ Thạnh (huyện Ba Tri),xã An Ngãi Trung,✅ Toàn bộ
Vĩnh Long,An Phú Trung,xã An Ngãi Trung,✅ Toàn bộ
Vĩnh Long,An Ngãi Trung,xã An Ngãi Trung,✅ Toàn bộ
Vĩnh Long,xã Tân Hưng,xã An Hiệp,✅ Toàn bộ
Vĩnh Long,An Ngãi Tây,xã An Hiệp,✅ Toàn bộ
Vĩnh Long,An Hiệp,xã An Hiệp,✅ Toàn bộ
Vĩnh Long,xã Tân Thanh,xã Hưng Nhượng,✅ Toàn bộ
Vĩnh Long,Hưng Lễ,xã Hưng Nhượng,✅ Toàn bộ
Vĩnh Long,Hưng Nhượng,xã Hưng Nhượng,✅ Toàn bộ
Vĩnh Long,thị trấn Giồng Trôm,xã Giồng Trôm,✅ Toàn bộ
Vĩnh Long,xã Bình Hòa,xã Giồng Trôm,✅ Toàn bộ
Vĩnh Long,xã Bình Thành,xã Giồng Trôm,✅ Toàn bộ
Vĩnh Long,xã Thừa Đứcvà xã Thới Thuận,xã Thới Thuận,✅ Toàn bộ
Vĩnh Long,xã Đại Hòa Lộc,xã Thạnh Phước,✅ Toàn bộ
Vĩnh Long,xã Thạnh Phước,xã Thạnh Phước,✅ Toàn bộ
Vĩnh Long,thị trấn Bình Đại,xã Bình Đại,✅ Toàn bộ
Vĩnh Long,xã Bình Thới,xã Bình Đại,✅ Toàn bộ
Vĩnh Long,xã Bình Thắng,xã Bình Đại,✅ Toàn bộ
Vĩnh Long,Phường 5 (thành phố Vĩnh Long),phường Thanh Đức,✅ Toàn bộ
Vĩnh Long,xã Thanh Đức,phường Thanh Đức,✅ Toàn bộ
Vĩnh Long,xã Ngãi Tứ sau khi sắp xếp theo quy định tại khoản 22 Điều này,phường Cái Vồn,✅ Toàn bộ
Vĩnh Long,phần còn lại của phường Thành Phước,phường Cái Vồn,✅ Toàn bộ
Vĩnh Long,phường Cái Vồn sau khi sắp xếp theo quy định tại khoản 107 Điều này,phường Cái Vồn,✅ Toàn bộ
Vĩnh Long,phường An Hội vàcác xã Mỹ Thạnh An,phường An Hội,✅ Toàn bộ
Vĩnh Long,Phú Nhuận,phường An Hội,✅ Toàn bộ
Vĩnh Long,Sơn Phú,phường An Hội,✅ Toàn bộ
Vĩnh Long,phường Phú Tân,phường Phú Tân,✅ Toàn bộ
Vĩnh Long,xã Hữu Định,phường Phú Tân,✅ Toàn bộ
Vĩnh Long,xã Phước Thạnh,phường Phú Tân,✅ Toàn bộ
Hà Nội,phường Hàng Bạc,phường Hoàn Kiếm,✅ Toàn bộ
Hà Nội,Hàng Bồ,phường Hoàn Kiếm,✅ Toàn bộ
Hà Nội,Hàng Buồm,phường Hoàn Kiếm,✅ Toàn bộ
Hà Nội,Hàng Đào,phường Hoàn Kiếm,✅ Toàn bộ
Hà Nội,Hàng Gai,phường Hoàn Kiếm,✅ Toàn bộ
Hà Nội,Hàng Mã,phường Hoàn Kiếm,✅ Toàn bộ
Hà Nội,Lý Thái Tổ,phường Hoàn Kiếm,✅ Toàn bộ
Hà Nội,phường Cửa Đông,phường Hoàn Kiếm,⚠️ Một phần (Cần check)
Hà Nội,Cửa Nam,phường Hoàn Kiếm,⚠️ Một phần (Cần check)
Hà Nội,Điện Biên,phường Hoàn Kiếm,⚠️ Một phần (Cần check)
Hà Nội,Đồng Xuân,phường Hoàn Kiếm,⚠️ Một phần (Cần check)
Hà Nội,Hàng Bông,phường Hoàn Kiếm,⚠️ Một phần (Cần check)
Hà Nội,Hàng Trống,phường Hoàn Kiếm,⚠️ Một phần (Cần check)
Hà Nội,Tràng Tiền,phường Hoàn Kiếm,⚠️ Một phần (Cần check)
Hà Nội,phường Hàng Bài,phường Cửa Nam,✅ Toàn bộ
Hà Nội,Phan Chu Trinh,phường Cửa Nam,✅ Toàn bộ
Hà Nội,Trần Hưng Đạo,phường Cửa Nam,✅ Toàn bộ
Hà Nội,phường Cửa Nam,phường Cửa Nam,⚠️ Một phần (Cần check)
Hà Nội,Nguyễn Du,phường Cửa Nam,⚠️ Một phần (Cần check)
Hà Nội,Phạm Đình Hổ,phường Cửa Nam,⚠️ Một phần (Cần check)
Hà Nội,phần còn lại của,phường Cửa Nam,⚠️ Một phần (Cần check)
Hà Nội,phường Hàng Bông,phường Cửa Nam,⚠️ Một phần (Cần check)
Hà Nội,Hàng Trống,phường Cửa Nam,⚠️ Một phần (Cần check)
Hà Nội,Tràng Tiền sau khi sắp xếp theo quy định tại khoản 1 Điều này,phường Cửa Nam,⚠️ Một phần (Cần check)
Hà Nội,phường Quán Thánh,phường Ba Đình,✅ Toàn bộ
Hà Nội,phường Trúc Bạch,phường Ba Đình,✅ Toàn bộ
Hà Nội,phường Cửa Nam,phường Ba Đình,⚠️ Một phần (Cần check)
Hà Nội,Điện Biên,phường Ba Đình,⚠️ Một phần (Cần check)
Hà Nội,Đội Cấn,phường Ba Đình,⚠️ Một phần (Cần check)
Hà Nội,Kim Mã,phường Ba Đình,⚠️ Một phần (Cần check)
Hà Nội,Ngọc Hà,phường Ba Đình,⚠️ Một phần (Cần check)
Hà Nội,một phần diện tích tự nhiên của phường Thụy Khuê,phường Ba Đình,⚠️ Một phần (Cần check)
Hà Nội,phần còn lại của phường Cửa Đông,phường Ba Đình,⚠️ Một phần (Cần check)
Hà Nội,phường Đồng Xuân sau khi sắp xếp theo quy định tại khoản 1 Điều này,phường Ba Đình,⚠️ Một phần (Cần check)
Hà Nội,phường Vĩnh Phúc,phường Ngọc Hà,✅ Toàn bộ
Hà Nội,phường Liễu Giai,phường Ngọc Hà,✅ Toàn bộ
Hà Nội,phường Cống Vị,phường Ngọc Hà,⚠️ Một phần (Cần check)
Hà Nội,Kim Mã,phường Ngọc Hà,⚠️ Một phần (Cần check)
Hà Nội,Ngọc Khánh,phường Ngọc Hà,⚠️ Một phần (Cần check)
Hà Nội,Nghĩa Đô,phường Ngọc Hà,⚠️ Một phần (Cần check)
Hà Nội,phần còn lại của phường Đội Cấn,phường Ngọc Hà,⚠️ Một phần (Cần check)
Hà Nội,phường Ngọc Hà sau khi sắp xếp theo quy định tại khoản 3 Điều này,phường Ngọc Hà,⚠️ Một phần (Cần check)
Hà Nội,phường Giảng Võ,phường Giảng Võ,✅ Toàn bộ
Hà Nội,phường Cát Linh,phường Giảng Võ,⚠️ Một phần (Cần check)
Hà Nội,Láng Hạ,phường Giảng Võ,⚠️ Một phần (Cần check)
Hà Nội,Ngọc Khánh,phường Giảng Võ,⚠️ Một phần (Cần check)
Hà Nội,Thành Công,phường Giảng Võ,⚠️ Một phần (Cần check)
Hà Nội,phần còn lại của phường Cống Vị sau khi sắp xếp theo quy định tại khoản 4 Điều này,phường Giảng Võ,⚠️ Một phần (Cần check)
Hà Nội,phần còn lại của phường Kim Mã sau khi sắp xếp theo quy định tại khoản 3,phường Giảng Võ,⚠️ Một phần (Cần check)
Hà Nội,khoản 4 Điều này,phường Giảng Võ,⚠️ Một phần (Cần check)
Hà Nội,phường Đồng Nhân,phường Hai Bà Trưng,✅ Toàn bộ
Hà Nội,phường Phố Huế,phường Hai Bà Trưng,✅ Toàn bộ
Hà Nội,phường Bạch Đằng,phường Hai Bà Trưng,⚠️ Một phần (Cần check)
Hà Nội,Lê Đại Hành,phường Hai Bà Trưng,⚠️ Một phần (Cần check)
Hà Nội,Nguyễn Du,phường Hai Bà Trưng,⚠️ Một phần (Cần check)
Hà Nội,Thanh Nhàn,phường Hai Bà Trưng,⚠️ Một phần (Cần check)
Hà Nội,phần còn lại của phường Phạm Đình Hổ sau khi sắp xếp theo quy định tại khoản 2 Điều này,phường Hai Bà Trưng,⚠️ Một phần (Cần check)
Hà Nội,phường Mai Động,phường Vĩnh Tuy,⚠️ Một phần (Cần check)
Hà Nội,Thanh Lương,phường Vĩnh Tuy,⚠️ Một phần (Cần check)
Hà Nội,Vĩnh Hưng,phường Vĩnh Tuy,⚠️ Một phần (Cần check)
Hà Nội,Vĩnh Tuy,phường Vĩnh Tuy,⚠️ Một phần (Cần check)
Hà Nội,phường               Bạch Mai,phường Bạch Mai,✅ Toàn bộ
Hà Nội,Bách Khoa,phường Bạch Mai,✅ Toàn bộ
Hà Nội,Quỳnh Mai,phường Bạch Mai,✅ Toàn bộ
Hà Nội,phường Minh Khai (quận Hai Bà Trưng),phường Bạch Mai,⚠️ Một phần (Cần check)
Hà Nội,Đồng Tâm,phường Bạch Mai,⚠️ Một phần (Cần check)
Hà Nội,Lê Đại Hành,phường Bạch Mai,⚠️ Một phần (Cần check)
Hà Nội,Phương Mai,phường Bạch Mai,⚠️ Một phần (Cần check)
Hà Nội,Trương Định,phường Bạch Mai,⚠️ Một phần (Cần check)
Hà Nội,phần còn lại của phường Thanh Nhàn sau khi sắp xếp theo quy định tại khoản 6 Điều này,phường Bạch Mai,⚠️ Một phần (Cần check)
Hà Nội,phường Thịnh Quang,phường Đống Đa,✅ Toàn bộ
Hà Nội,phường Quang Trung (quận Đống Đa),phường Đống Đa,⚠️ Một phần (Cần check)
Hà Nội,Láng Hạ,phường Đống Đa,⚠️ Một phần (Cần check)
Hà Nội,Nam Đồng,phường Đống Đa,⚠️ Một phần (Cần check)
Hà Nội,Ô Chợ Dừa,phường Đống Đa,⚠️ Một phần (Cần check)
Hà Nội,Trung Liệt,phường Đống Đa,⚠️ Một phần (Cần check)
Hà Nội,phường Kim Liên,phường Kim Liên,✅ Toàn bộ
Hà Nội,phường Khương Thượng,phường Kim Liên,✅ Toàn bộ
Hà Nội,phường Nam Đồng,phường Kim Liên,⚠️ Một phần (Cần check)
Hà Nội,Phương Liên - Trung Tự,phường Kim Liên,⚠️ Một phần (Cần check)
Hà Nội,Trung Liệt,phường Kim Liên,⚠️ Một phần (Cần check)
Hà Nội,phần còn lại của phường Phương Mai sau khi sắp xếp theo quy định tại khoản 8 Điều này,phường Kim Liên,⚠️ Một phần (Cần check)
Hà Nội,phần còn lại của phường Quang Trung (quận Đống Đa) sau khi sắp xếp theo quy định tại khoản 9 Điều này,phường Kim Liên,⚠️ Một phần (Cần check)
Hà Nội,phường Khâm Thiên,phường Văn Miếu - Quốc Tử Giám,✅ Toàn bộ
Hà Nội,Thổ Quan,phường Văn Miếu - Quốc Tử Giám,✅ Toàn bộ
Hà Nội,Văn Chương,phường Văn Miếu - Quốc Tử Giám,✅ Toàn bộ
Hà Nội,phường Điện Biên,phường Văn Miếu - Quốc Tử Giám,⚠️ Một phần (Cần check)
Hà Nội,Hàng Bột,phường Văn Miếu - Quốc Tử Giám,⚠️ Một phần (Cần check)
Hà Nội,Văn Miếu - Quốc Tử Giám,phường Văn Miếu - Quốc Tử Giám,⚠️ Một phần (Cần check)
Hà Nội,phần còn lại của phường Cửa Nam sau khi sắp xếp theo quy định tại,phường Văn Miếu - Quốc Tử Giám,⚠️ Một phần (Cần check)
Hà Nội,khoản 1,phường Văn Miếu - Quốc Tử Giám,⚠️ Một phần (Cần check)
Hà Nội,2,phường Văn Miếu - Quốc Tử Giám,⚠️ Một phần (Cần check)
Hà Nội,3 Điều này,phường Văn Miếu - Quốc Tử Giám,⚠️ Một phần (Cần check)
Hà Nội,phần còn lại của phường Lê Đại Hành sau khi sắp xếp theo quy định tại khoản 6,phường Văn Miếu - Quốc Tử Giám,⚠️ Một phần (Cần check)
Hà Nội,khoản 8 Điều này,phường Văn Miếu - Quốc Tử Giám,⚠️ Một phần (Cần check)
Hà Nội,phần còn lại của phường Nam Đồng sau khi sắp xếp theo quy định tại khoản 9,phường Văn Miếu - Quốc Tử Giám,⚠️ Một phần (Cần check)
Hà Nội,khoản 10 Điều này,phường Văn Miếu - Quốc Tử Giám,⚠️ Một phần (Cần check)
Hà Nội,phần còn lại của phường Nguyễn Du sau khi sắp xếp theo quy định tại khoản 2,phường Văn Miếu - Quốc Tử Giám,⚠️ Một phần (Cần check)
Hà Nội,khoản 6 Điều này,phường Văn Miếu - Quốc Tử Giám,⚠️ Một phần (Cần check)
Hà Nội,phần còn lại của phường Phương Liên - Trung Tự sau khi sắp xếp theo quy định tại khoản 10 Điều này,phường Văn Miếu - Quốc Tử Giám,⚠️ Một phần (Cần check)
Hà Nội,phường Láng Thượng,phường Láng,✅ Toàn bộ
Hà Nội,phần còn lại của phường Láng Hạ sau khi sắp xếp theo quy định tại  khoản 5,phường Láng,✅ Toàn bộ
Hà Nội,khoản 9 Điều này,phường Láng,✅ Toàn bộ
Hà Nội,phần còn lại của phường Ngọc Khánh sau khi sắp xếp theo quy định tại khoản 4,phường Láng,✅ Toàn bộ
Hà Nội,khoản 5 Điều này,phường Láng,✅ Toàn bộ
Hà Nội,phường Cát Linh sau khi sắp xếp theo quy định tại khoản 5 Điều này,phường Ô Chợ Dừa,✅ Toàn bộ
Hà Nội,phần còn lại của phường Điện Biên sau khi sắp xếp theo quy định tại,phường Ô Chợ Dừa,✅ Toàn bộ
Hà Nội,khoản 1,phường Ô Chợ Dừa,✅ Toàn bộ
Hà Nội,3,phường Ô Chợ Dừa,✅ Toàn bộ
Hà Nội,11 Điều này,phường Ô Chợ Dừa,✅ Toàn bộ
Hà Nội,phần còn lại của phường Thành Công sau khi sắp xếp theo quy định tại khoản 5 Điều này,phường Ô Chợ Dừa,✅ Toàn bộ
Hà Nội,phần còn lại của phường Ô Chợ Dừa sau khi sắp xếp theo quy định tại khoản 9 Điều này,phường Ô Chợ Dừa,✅ Toàn bộ
Hà Nội,phần còn lại của phường Trung Liệt sau khi sắp xếp theo quy định tại khoản 9,phường Ô Chợ Dừa,✅ Toàn bộ
Hà Nội,khoản 10 Điều này,phường Ô Chợ Dừa,✅ Toàn bộ
Hà Nội,phần còn lại của phường Hàng Bột,phường Ô Chợ Dừa,✅ Toàn bộ
Hà Nội,phường Văn Miếu - Quốc Tử Giám sau khi sắp xếp theo quy định tại khoản 11 Điều này,phường Ô Chợ Dừa,✅ Toàn bộ
Hà Nội,phường Chương Dương,phường Hồng Hà,✅ Toàn bộ
Hà Nội,Phúc Tân,phường Hồng Hà,✅ Toàn bộ
Hà Nội,Phúc Xá,phường Hồng Hà,✅ Toàn bộ
Hà Nội,phường Nhật Tân,phường Hồng Hà,⚠️ Một phần (Cần check)
Hà Nội,Phú Thượng,phường Hồng Hà,⚠️ Một phần (Cần check)
Hà Nội,Quảng An,phường Hồng Hà,⚠️ Một phần (Cần check)
Hà Nội,Thanh Lương,phường Hồng Hà,⚠️ Một phần (Cần check)
Hà Nội,Tứ Liên,phường Hồng Hà,⚠️ Một phần (Cần check)
Hà Nội,Yên Phụ,phường Hồng Hà,⚠️ Một phần (Cần check)
Hà Nội,một phần diện tích tự nhiên của phường Bồ Đề,phường Hồng Hà,⚠️ Một phần (Cần check)
Hà Nội,phường Ngọc Thụy,phường Hồng Hà,⚠️ Một phần (Cần check)
Hà Nội,phần còn lại của phường Bạch Đằng sau khi sắp xếp theo quy định tại khoản 6 Điều này,phường Hồng Hà,⚠️ Một phần (Cần check)
Hà Nội,phường Lĩnh Nam,phường Lĩnh Nam,⚠️ Một phần (Cần check)
Hà Nội,Thanh Trì,phường Lĩnh Nam,⚠️ Một phần (Cần check)
Hà Nội,Trần Phú,phường Lĩnh Nam,⚠️ Một phần (Cần check)
Hà Nội,một phần diện tích tự nhiên của phường Yên Sở,phường Lĩnh Nam,⚠️ Một phần (Cần check)
Hà Nội,phần còn lại của phường Thanh Lương sau khi sắp xếp theo quy định tại khoản 7,phường Lĩnh Nam,⚠️ Một phần (Cần check)
Hà Nội,khoản 14 Điều này,phường Lĩnh Nam,⚠️ Một phần (Cần check)
Hà Nội,phường Giáp Bát,phường Hoàng Mai,⚠️ Một phần (Cần check)
Hà Nội,Hoàng Liệt,phường Hoàng Mai,⚠️ Một phần (Cần check)
Hà Nội,Hoàng Văn Thụ,phường Hoàng Mai,⚠️ Một phần (Cần check)
Hà Nội,Lĩnh Nam,phường Hoàng Mai,⚠️ Một phần (Cần check)
Hà Nội,Tân Mai,phường Hoàng Mai,⚠️ Một phần (Cần check)
Hà Nội,Thịnh Liệt,phường Hoàng Mai,⚠️ Một phần (Cần check)
Hà Nội,Tương Mai,phường Hoàng Mai,⚠️ Một phần (Cần check)
Hà Nội,Trần Phú,phường Hoàng Mai,⚠️ Một phần (Cần check)
Hà Nội,Vĩnh Hưng,phường Hoàng Mai,⚠️ Một phần (Cần check)
Hà Nội,Yên Sở,phường Hoàng Mai,⚠️ Một phần (Cần check)
Hà Nội,phường                Vĩnh Hưng,phường Vĩnh Hưng,⚠️ Một phần (Cần check)
Hà Nội,phần còn lại của phường Lĩnh Nam sau khi sắp xếp theo quy định          tại khoản 15,phường Vĩnh Hưng,⚠️ Một phần (Cần check)
Hà Nội,khoản 16 Điều này,phường Vĩnh Hưng,⚠️ Một phần (Cần check)
Hà Nội,phần còn lại của phường Thanh Trì sau khi sắp xếp theo quy định tại khoản 15 Điều này,phường Vĩnh Hưng,⚠️ Một phần (Cần check)
Hà Nội,phần còn lại của phường Vĩnh Tuy sau khi sắp xếp theo quy định tại khoản 7 Điều này,phường Vĩnh Hưng,⚠️ Một phần (Cần check)
Hà Nội,phường Giáp Bát,phường Tương Mai,⚠️ Một phần (Cần check)
Hà Nội,phường Phương Liệt,phường Tương Mai,⚠️ Một phần (Cần check)
Hà Nội,phần còn lại của phường Mai Động sau khi sắp xếp theo quy định tại khoản 7 Điều này,phường Tương Mai,⚠️ Một phần (Cần check)
Hà Nội,phần còn lại của,phường Tương Mai,⚠️ Một phần (Cần check)
Hà Nội,phường Minh Khai (quận Hai Bà Trưng),phường Tương Mai,⚠️ Một phần (Cần check)
Hà Nội,Đồng Tâm,phường Tương Mai,⚠️ Một phần (Cần check)
Hà Nội,Trương Định sau khi sắp xếp theo quy định tại khoản 8 Điều này,phường Tương Mai,⚠️ Một phần (Cần check)
Hà Nội,phần còn lại của,phường Tương Mai,⚠️ Một phần (Cần check)
Hà Nội,phường Hoàng Văn Thụ,phường Tương Mai,⚠️ Một phần (Cần check)
Hà Nội,Tân Mai,phường Tương Mai,⚠️ Một phần (Cần check)
Hà Nội,Tương Mai sau khi sắp xếp theo quy định tại khoản 16 Điều này,phường Tương Mai,⚠️ Một phần (Cần check)
Hà Nội,phần còn lại của phường Vĩnh Hưng sau khi sắp xếp theo quy định tại,phường Tương Mai,⚠️ Một phần (Cần check)
Hà Nội,khoản 7,phường Tương Mai,⚠️ Một phần (Cần check)
Hà Nội,16,phường Tương Mai,⚠️ Một phần (Cần check)
Hà Nội,17 Điều này,phường Tương Mai,⚠️ Một phần (Cần check)
Hà Nội,phường Định Công,phường Định Công,⚠️ Một phần (Cần check)
Hà Nội,Hoàng Liệt,phường Định Công,⚠️ Một phần (Cần check)
Hà Nội,Thịnh Liệt,phường Định Công,⚠️ Một phần (Cần check)
Hà Nội,xã Tân Triều,phường Định Công,⚠️ Một phần (Cần check)
Hà Nội,xã Thanh Liệt,phường Định Công,⚠️ Một phần (Cần check)
Hà Nội,một phần diện tích tự nhiên,phường Định Công,⚠️ Một phần (Cần check)
Hà Nội,toàn bộ quy mô dân số của phường Đại Kim,phường Định Công,⚠️ Một phần (Cần check)
Hà Nội,phần còn lại của phường Giáp Bát sau khi sắp xếp theo quy định tại khoản 16,phường Định Công,⚠️ Một phần (Cần check)
Hà Nội,khoản 18 Điều này,phường Định Công,⚠️ Một phần (Cần check)
Hà Nội,phường Hoàng Liệt,phường Hoàng Liệt,⚠️ Một phần (Cần check)
Hà Nội,thị trấn Văn Điển,phường Hoàng Liệt,⚠️ Một phần (Cần check)
Hà Nội,xã Tam Hiệp (huyện Thanh Trì),phường Hoàng Liệt,⚠️ Một phần (Cần check)
Hà Nội,xã Thanh Liệt,phường Hoàng Liệt,⚠️ Một phần (Cần check)
Hà Nội,một phần diện tích tự nhiên của phường Đại Kim,phường Hoàng Liệt,⚠️ Một phần (Cần check)
Hà Nội,phường Thịnh Liệt,phường Yên Sở,⚠️ Một phần (Cần check)
Hà Nội,phường Yên Sở,phường Yên Sở,⚠️ Một phần (Cần check)
Hà Nội,xã Tứ Hiệp,phường Yên Sở,⚠️ Một phần (Cần check)
Hà Nội,phần còn lại của phường Hoàng Liệt sau khi sắp xếp theo quy định tại,phường Yên Sở,⚠️ Một phần (Cần check)
Hà Nội,khoản 16,phường Yên Sở,⚠️ Một phần (Cần check)
Hà Nội,19,phường Yên Sở,⚠️ Một phần (Cần check)
Hà Nội,20 Điều này,phường Yên Sở,⚠️ Một phần (Cần check)
Hà Nội,phần còn lại của phường Trần Phú sau khi sắp xếp theo quy định tại khoản 15,phường Yên Sở,⚠️ Một phần (Cần check)
Hà Nội,khoản 16 Điều này,phường Yên Sở,⚠️ Một phần (Cần check)
Hà Nội,phường Nhân Chính,phường Thanh Xuân,⚠️ Một phần (Cần check)
Hà Nội,Thanh Xuân Bắc,phường Thanh Xuân,⚠️ Một phần (Cần check)
Hà Nội,Thanh Xuân Trung,phường Thanh Xuân,⚠️ Một phần (Cần check)
Hà Nội,Thượng Đình,phường Thanh Xuân,⚠️ Một phần (Cần check)
Hà Nội,Trung Hoà,phường Thanh Xuân,⚠️ Một phần (Cần check)
Hà Nội,Trung Văn,phường Thanh Xuân,⚠️ Một phần (Cần check)
Hà Nội,phường Hạ Đình,phường Khương Đình,⚠️ Một phần (Cần check)
Hà Nội,Khương Đình,phường Khương Đình,⚠️ Một phần (Cần check)
Hà Nội,Khương Trung,phường Khương Đình,⚠️ Một phần (Cần check)
Hà Nội,một phần diện tích tự nhiên của phường Đại Kim,phường Khương Đình,⚠️ Một phần (Cần check)
Hà Nội,xã Tân Triều,phường Khương Đình,⚠️ Một phần (Cần check)
Hà Nội,phần còn lại của phường Thanh Xuân Trung,phường Khương Đình,⚠️ Một phần (Cần check)
Hà Nội,phường Thượng Đình sau khi sắp xếp theo quy định tại khoản 22 Điều này,phường Khương Đình,⚠️ Một phần (Cần check)
Hà Nội,phường Khương Mai,phường Phương Liệt,✅ Toàn bộ
Hà Nội,phần còn lại của phường Thịnh Liệt sau khi sắp xếp theo quy định tại,phường Phương Liệt,✅ Toàn bộ
Hà Nội,khoản 16,phường Phương Liệt,✅ Toàn bộ
Hà Nội,19,phường Phương Liệt,✅ Toàn bộ
Hà Nội,21 Điều này,phường Phương Liệt,✅ Toàn bộ
Hà Nội,phần còn lại của phường Phương Liệt sau khi sắp xếp theo quy định tại khoản 18 Điều này,phường Phương Liệt,✅ Toàn bộ
Hà Nội,phần còn lại của phường Định Công sau khi sắp xếp theo quy định tại khoản 19 Điều này,phường Phương Liệt,✅ Toàn bộ
Hà Nội,phần còn lại của phường Khương Đình,phường Phương Liệt,✅ Toàn bộ
Hà Nội,phường Khương Trung sau khi sắp xếp theo quy định tại khoản 23 Điều này,phường Phương Liệt,✅ Toàn bộ
Hà Nội,phường Dịch Vọng,phường Cầu Giấy,⚠️ Một phần (Cần check)
Hà Nội,Dịch Vọng Hậu,phường Cầu Giấy,⚠️ Một phần (Cần check)
Hà Nội,Quan Hoa,phường Cầu Giấy,⚠️ Một phần (Cần check)
Hà Nội,Mỹ Đình 1,phường Cầu Giấy,⚠️ Một phần (Cần check)
Hà Nội,Mỹ Đình 2,phường Cầu Giấy,⚠️ Một phần (Cần check)
Hà Nội,Yên Hòa,phường Cầu Giấy,⚠️ Một phần (Cần check)
Hà Nội,phường Nghĩa Tân,phường Nghĩa Đô,✅ Toàn bộ
Hà Nội,phường Cổ Nhuế 1,phường Nghĩa Đô,⚠️ Một phần (Cần check)
Hà Nội,Mai Dịch,phường Nghĩa Đô,⚠️ Một phần (Cần check)
Hà Nội,Nghĩa Đô,phường Nghĩa Đô,⚠️ Một phần (Cần check)
Hà Nội,Xuân La,phường Nghĩa Đô,⚠️ Một phần (Cần check)
Hà Nội,Xuân Tảo,phường Nghĩa Đô,⚠️ Một phần (Cần check)
Hà Nội,phần còn lại của,phường Nghĩa Đô,⚠️ Một phần (Cần check)
Hà Nội,phường Dịch Vọng,phường Nghĩa Đô,⚠️ Một phần (Cần check)
Hà Nội,Dịch Vọng Hậu,phường Nghĩa Đô,⚠️ Một phần (Cần check)
Hà Nội,Quan Hoa sau khi sắp xếp theo quy định tại khoản 25 Điều này,phường Nghĩa Đô,⚠️ Một phần (Cần check)
Hà Nội,phường Mễ Trì,phường Yên Hòa,⚠️ Một phần (Cần check)
Hà Nội,Nhân Chính,phường Yên Hòa,⚠️ Một phần (Cần check)
Hà Nội,Trung Hòa,phường Yên Hòa,⚠️ Một phần (Cần check)
Hà Nội,phần còn lại của phường Yên Hòa sau khi sắp xếp theo quy định tại khoản 25 Điều này,phường Yên Hòa,⚠️ Một phần (Cần check)
Hà Nội,phường Bưởi,phường Tây Hồ,✅ Toàn bộ
Hà Nội,phường Phú Thượng,phường Tây Hồ,⚠️ Một phần (Cần check)
Hà Nội,phường Xuân La,phường Tây Hồ,⚠️ Một phần (Cần check)
Hà Nội,phần còn lại của,phường Tây Hồ,⚠️ Một phần (Cần check)
Hà Nội,phường Nhật Tân,phường Tây Hồ,⚠️ Một phần (Cần check)
Hà Nội,Quảng An,phường Tây Hồ,⚠️ Một phần (Cần check)
Hà Nội,Tứ Liên,phường Tây Hồ,⚠️ Một phần (Cần check)
Hà Nội,Yên Phụ sau khi sắp xếp theo quy định tại khoản 14 Điều này,phường Tây Hồ,⚠️ Một phần (Cần check)
Hà Nội,phần còn lại của phường Nghĩa Đô sau khi sắp xếp theo quy định tại khoản 4,phường Tây Hồ,⚠️ Một phần (Cần check)
Hà Nội,khoản 26 Điều này,phường Tây Hồ,⚠️ Một phần (Cần check)
Hà Nội,phần còn lại của phường Thụy Khuê sau khi sắp xếp theo quy định tại khoản 3 Điều này,phường Tây Hồ,⚠️ Một phần (Cần check)
Hà Nội,phường Đông Ngạc,phường Phú Thượng,⚠️ Một phần (Cần check)
Hà Nội,Xuân La,phường Phú Thượng,⚠️ Một phần (Cần check)
Hà Nội,Xuân Đỉnh,phường Phú Thượng,⚠️ Một phần (Cần check)
Hà Nội,Xuân Tảo,phường Phú Thượng,⚠️ Một phần (Cần check)
Hà Nội,phần còn lại của phường Phú Thượng sau khi sắp xếp theo quy định tại khoản 14,phường Phú Thượng,⚠️ Một phần (Cần check)
Hà Nội,khoản 28 Điều này,phường Phú Thượng,⚠️ Một phần (Cần check)
Hà Nội,phường Minh Khai (quận Bắc Từ Liêm),phường Tây Tựu,⚠️ Một phần (Cần check)
Hà Nội,một phần diện tích tự nhiên,phường Tây Tựu,⚠️ Một phần (Cần check)
Hà Nội,toàn bộ quy mô dân số của phường Tây Tựu,phường Tây Tựu,⚠️ Một phần (Cần check)
Hà Nội,một phần diện tích tự nhiên của xã Kim Chung (huyện Hoài Đức),phường Tây Tựu,⚠️ Một phần (Cần check)
Hà Nội,phường Phú Diễn,phường Phú Diễn,✅ Toàn bộ
Hà Nội,phường Cổ Nhuế 1,phường Phú Diễn,⚠️ Một phần (Cần check)
Hà Nội,Mai Dịch,phường Phú Diễn,⚠️ Một phần (Cần check)
Hà Nội,Phúc Diễn,phường Phú Diễn,⚠️ Một phần (Cần check)
Hà Nội,phường Xuân Đỉnh,phường Xuân Đỉnh,⚠️ Một phần (Cần check)
Hà Nội,phần còn lại của phường Cổ Nhuế 1 sau khi sắp xếp theo quy định tại khoản 26,phường Xuân Đỉnh,⚠️ Một phần (Cần check)
Hà Nội,khoản 31 Điều này,phường Xuân Đỉnh,⚠️ Một phần (Cần check)
Hà Nội,phần còn lại của phường Xuân La sau khi sắp xếp theo quy định tại,phường Xuân Đỉnh,⚠️ Một phần (Cần check)
Hà Nội,khoản 26,phường Xuân Đỉnh,⚠️ Một phần (Cần check)
Hà Nội,28,phường Xuân Đỉnh,⚠️ Một phần (Cần check)
Hà Nội,29 Điều này,phường Xuân Đỉnh,⚠️ Một phần (Cần check)
Hà Nội,phần còn lại của phường Xuân Tảo sau khi sắp xếp theo quy định tại khoản 26,phường Xuân Đỉnh,⚠️ Một phần (Cần check)
Hà Nội,khoản 29 Điều này,phường Xuân Đỉnh,⚠️ Một phần (Cần check)
Hà Nội,phường Đức Thắng,phường Đông Ngạc,✅ Toàn bộ
Hà Nội,phường Cổ Nhuế 2,phường Đông Ngạc,⚠️ Một phần (Cần check)
Hà Nội,phường Thụy Phương,phường Đông Ngạc,⚠️ Một phần (Cần check)
Hà Nội,một phần diện tích tự nhiên của phường Minh Khai (quận Bắc Từ Liêm),phường Đông Ngạc,⚠️ Một phần (Cần check)
Hà Nội,phần còn lại của phường Đông Ngạc sau khi sắp xếp theo quy định tại khoản 29 Điều này,phường Đông Ngạc,⚠️ Một phần (Cần check)
Hà Nội,phần còn lại của phường Xuân Đỉnh sau khi sắp xếp theo quy định tại khoản 29,phường Đông Ngạc,⚠️ Một phần (Cần check)
Hà Nội,khoản 32 Điều này,phường Đông Ngạc,⚠️ Một phần (Cần check)
Hà Nội,phường Liên Mạc,phường Thượng Cát,✅ Toàn bộ
Hà Nội,phường Thượng Cát,phường Thượng Cát,✅ Toàn bộ
Hà Nội,phường Minh Khai (quận Bắc Từ Liêm),phường Thượng Cát,⚠️ Một phần (Cần check)
Hà Nội,phường Tây Tựu,phường Thượng Cát,⚠️ Một phần (Cần check)
Hà Nội,phần còn lại của phường Cổ Nhuế 2,phường Thượng Cát,⚠️ Một phần (Cần check)
Hà Nội,phường Thụy Phương sau khi sắp xếp theo quy định tại khoản 33 Điều này,phường Thượng Cát,⚠️ Một phần (Cần check)
Hà Nội,phường Cầu Diễn,phường Từ Liêm,✅ Toàn bộ
Hà Nội,phường Mễ Trì,phường Từ Liêm,⚠️ Một phần (Cần check)
Hà Nội,phường Phú Đô,phường Từ Liêm,⚠️ Một phần (Cần check)
Hà Nội,phần còn lại của phường Mai Dịch sau khi sắp xếp theo quy định tại khoản 26,phường Từ Liêm,⚠️ Một phần (Cần check)
Hà Nội,khoản 31 Điều này,phường Từ Liêm,⚠️ Một phần (Cần check)
Hà Nội,phần còn lại của phường Mỹ Đình 1,phường Từ Liêm,⚠️ Một phần (Cần check)
Hà Nội,phường Mỹ Đình 2  sau khi sắp xếp theo quy định tại khoản 25 Điều này,phường Từ Liêm,⚠️ Một phần (Cần check)
Hà Nội,phường Phương Canh,phường Xuân Phương,✅ Toàn bộ
Hà Nội,phường Xuân Phương,phường Xuân Phương,✅ Toàn bộ
Hà Nội,phường Đại Mỗ,phường Xuân Phương,⚠️ Một phần (Cần check)
Hà Nội,phường Tây Mỗ,phường Xuân Phương,⚠️ Một phần (Cần check)
Hà Nội,một phần diện tích tự nhiên của xã Vân Canh,phường Xuân Phương,⚠️ Một phần (Cần check)
Hà Nội,phần còn lại của phường Minh Khai (quận Bắc Từ Liêm) sau khi sắp xếp theo quy định tại,phường Xuân Phương,⚠️ Một phần (Cần check)
Hà Nội,khoản 30,phường Xuân Phương,⚠️ Một phần (Cần check)
Hà Nội,33,phường Xuân Phương,⚠️ Một phần (Cần check)
Hà Nội,34,phường Xuân Phương,⚠️ Một phần (Cần check)
Hà Nội,phần còn lại của phường Phúc Diễn sau khi sắp xếp theo quy định tại khoản 31 Điều này,phường Xuân Phương,⚠️ Một phần (Cần check)
Hà Nội,phường Đại Mỗ,phường Tây Mỗ,⚠️ Một phần (Cần check)
Hà Nội,phường Dương Nội,phường Tây Mỗ,⚠️ Một phần (Cần check)
Hà Nội,xã An Khánh,phường Tây Mỗ,⚠️ Một phần (Cần check)
Hà Nội,phần còn lại của phường Tây Mỗ sau khi sắp xếp theo quy định tại khoản 36 Điều này,phường Tây Mỗ,⚠️ Một phần (Cần check)
Hà Nội,phường Dương Nội,phường Đại Mỗ,⚠️ Một phần (Cần check)
Hà Nội,Đại Mỗ,phường Đại Mỗ,⚠️ Một phần (Cần check)
Hà Nội,Mộ Lao,phường Đại Mỗ,⚠️ Một phần (Cần check)
Hà Nội,phần còn lại của phường Mễ Trì sau khi sắp xếp theo quy định tại khoản 27,phường Đại Mỗ,⚠️ Một phần (Cần check)
Hà Nội,khoản 35 Điều này,phường Đại Mỗ,⚠️ Một phần (Cần check)
Hà Nội,phần còn lại của phường                  Nhân Chính,phường Đại Mỗ,⚠️ Một phần (Cần check)
Hà Nội,phường Trung Hòa sau khi sắp xếp theo quy định tại khoản 22,phường Đại Mỗ,⚠️ Một phần (Cần check)
Hà Nội,khoản 27 Điều này,phường Đại Mỗ,⚠️ Một phần (Cần check)
Hà Nội,phần còn lại của phường Phú Đô sau khi sắp xếp theo quy định tại khoản 35 Điều này,phường Đại Mỗ,⚠️ Một phần (Cần check)
Hà Nội,phần còn lại của phường Trung Văn sau khi sắp xếp theo quy định tại khoản 22 Điều này,phường Đại Mỗ,⚠️ Một phần (Cần check)
Hà Nội,phường Cự Khối,phường Long Biên,⚠️ Một phần (Cần check)
Hà Nội,Phúc Đồng,phường Long Biên,⚠️ Một phần (Cần check)
Hà Nội,Thạch Bàn,phường Long Biên,⚠️ Một phần (Cần check)
Hà Nội,xã Bát Tràng,phường Long Biên,⚠️ Một phần (Cần check)
Hà Nội,một phần diện tích tự nhiên,phường Long Biên,⚠️ Một phần (Cần check)
Hà Nội,toàn bộ quy mô dân số của phường Long Biên,phường Long Biên,⚠️ Một phần (Cần check)
Hà Nội,một phần diện tích tự nhiên của phường Bồ Đề,phường Long Biên,⚠️ Một phần (Cần check)
Hà Nội,phường Gia Thụy,phường Long Biên,⚠️ Một phần (Cần check)
Hà Nội,phường Ngọc Lâm,phường Bồ Đề,✅ Toàn bộ
Hà Nội,phường Đức Giang,phường Bồ Đề,⚠️ Một phần (Cần check)
Hà Nội,Gia Thụy,phường Bồ Đề,⚠️ Một phần (Cần check)
Hà Nội,Thượng Thanh,phường Bồ Đề,⚠️ Một phần (Cần check)
Hà Nội,một phần diện tích tự nhiên của phường Phúc Đồng,phường Bồ Đề,⚠️ Một phần (Cần check)
Hà Nội,phần còn lại của phường Ngọc Thụy sau khi sắp xếp theo quy định tại khoản 14 Điều này,phường Bồ Đề,⚠️ Một phần (Cần check)
Hà Nội,phần còn lại của phường Bồ Đề sau khi sắp xếp theo quy định tại khoản 14,phường Bồ Đề,⚠️ Một phần (Cần check)
Hà Nội,khoản 39 Điều này,phường Bồ Đề,⚠️ Một phần (Cần check)
Hà Nội,phần còn lại của phường Long Biên sau khi sắp xếp theo quy định tại khoản 39 Điều này,phường Bồ Đề,⚠️ Một phần (Cần check)
Hà Nội,phường Giang Biên,phường Việt Hưng,⚠️ Một phần (Cần check)
Hà Nội,Phúc Đồng,phường Việt Hưng,⚠️ Một phần (Cần check)
Hà Nội,Việt Hưng,phường Việt Hưng,⚠️ Một phần (Cần check)
Hà Nội,một phần diện tích tự nhiên của phường Phúc Lợi,phường Việt Hưng,⚠️ Một phần (Cần check)
Hà Nội,phần còn lại của phường Gia Thụy sau khi sắp xếp theo quy định tại khoản 39,phường Việt Hưng,⚠️ Một phần (Cần check)
Hà Nội,khoản 40 Điều này,phường Việt Hưng,⚠️ Một phần (Cần check)
Hà Nội,phần còn lại của phường Đức Giang,phường Việt Hưng,⚠️ Một phần (Cần check)
Hà Nội,phường Thượng Thanh sau khi sắp xếp theo quy định tại khoản 40 Điều này,phường Việt Hưng,⚠️ Một phần (Cần check)
Hà Nội,phường Thạch Bàn,phường Phúc Lợi,⚠️ Một phần (Cần check)
Hà Nội,xã Cổ Bi,phường Phúc Lợi,⚠️ Một phần (Cần check)
Hà Nội,phần còn lại của,phường Phúc Lợi,⚠️ Một phần (Cần check)
Hà Nội,phường Giang Biên,phường Phúc Lợi,⚠️ Một phần (Cần check)
Hà Nội,Việt Hưng,phường Phúc Lợi,⚠️ Một phần (Cần check)
Hà Nội,Phúc Lợi  sau khi sắp xếp theo quy định tại khoản 41 Điều này,phường Phúc Lợi,⚠️ Một phần (Cần check)
Hà Nội,phần còn lại của phường Phúc Đồng sau khi sắp xếp theo quy định tại,phường Phúc Lợi,⚠️ Một phần (Cần check)
Hà Nội,khoản 39,phường Phúc Lợi,⚠️ Một phần (Cần check)
Hà Nội,40,phường Phúc Lợi,⚠️ Một phần (Cần check)
Hà Nội,41 Điều này,phường Phúc Lợi,⚠️ Một phần (Cần check)
Hà Nội,phường Phúc La,phường Hà Đông,✅ Toàn bộ
Hà Nội,phường Vạn Phúc,phường Hà Đông,✅ Toàn bộ
Hà Nội,phường Quang Trung (quận Hà Đông),phường Hà Đông,⚠️ Một phần (Cần check)
Hà Nội,Đại Mỗ,phường Hà Đông,⚠️ Một phần (Cần check)
Hà Nội,Hà Cầu,phường Hà Đông,⚠️ Một phần (Cần check)
Hà Nội,La Khê,phường Hà Đông,⚠️ Một phần (Cần check)
Hà Nội,Văn Quán,phường Hà Đông,⚠️ Một phần (Cần check)
Hà Nội,xã Tân Triều,phường Hà Đông,⚠️ Một phần (Cần check)
Hà Nội,phần còn lại của phường Mộ Lao sau khi sắp xếp theo quy định tại                 khoản 38 Điều này,phường Hà Đông,⚠️ Một phần (Cần check)
Hà Nội,phường Dương Nội,phường Dương Nội,⚠️ Một phần (Cần check)
Hà Nội,Phú La,phường Dương Nội,⚠️ Một phần (Cần check)
Hà Nội,Yên Nghĩa,phường Dương Nội,⚠️ Một phần (Cần check)
Hà Nội,xã La Phù,phường Dương Nội,⚠️ Một phần (Cần check)
Hà Nội,phần còn lại của phường Đại Mỗ sau khi sắp xếp theo quy định tại,phường Dương Nội,⚠️ Một phần (Cần check)
Hà Nội,khoản 36,phường Dương Nội,⚠️ Một phần (Cần check)
Hà Nội,37,phường Dương Nội,⚠️ Một phần (Cần check)
Hà Nội,38,phường Dương Nội,⚠️ Một phần (Cần check)
Hà Nội,43 Điều này,phường Dương Nội,⚠️ Một phần (Cần check)
Hà Nội,phần còn lại của phường La Khê sau khi sắp xếp theo quy định tại khoản 43 Điều này,phường Dương Nội,⚠️ Một phần (Cần check)
Hà Nội,phường Đồng Mai,phường Yên Nghĩa,⚠️ Một phần (Cần check)
Hà Nội,phần còn lại của phường Yên Nghĩa sau khi sắp xếp theo quy định tại khoản 44 Điều này,phường Yên Nghĩa,⚠️ Một phần (Cần check)
Hà Nội,phường Phú Lãm,phường Phú Lương,✅ Toàn bộ
Hà Nội,phường Kiến Hưng,phường Phú Lương,⚠️ Một phần (Cần check)
Hà Nội,phường Phú Lương,phường Phú Lương,⚠️ Một phần (Cần check)
Hà Nội,xã Cự Khê,phường Phú Lương,⚠️ Một phần (Cần check)
Hà Nội,xã Hữu Hòa,phường Phú Lương,⚠️ Một phần (Cần check)
Hà Nội,phường Kiến Hưng,phường Kiến Hưng,⚠️ Một phần (Cần check)
Hà Nội,phường Phú Lương,phường Kiến Hưng,⚠️ Một phần (Cần check)
Hà Nội,phần còn lại của phường Quang Trung (quận Hà Đông),phường Kiến Hưng,⚠️ Một phần (Cần check)
Hà Nội,phường Hà Cầu sau khi sắp xếp theo quy định tại khoản 43 Điều này,phường Kiến Hưng,⚠️ Một phần (Cần check)
Hà Nội,phần còn lại của phường Phú La sau khi sắp xếp theo quy định tại khoản 44 Điều này,phường Kiến Hưng,⚠️ Một phần (Cần check)
Hà Nội,xã Tả Thanh Oai,phường Thanh Liệt,⚠️ Một phần (Cần check)
Hà Nội,phần còn lại của phường Đại Kim sau khi sắp xếp theo quy định tại,phường Thanh Liệt,⚠️ Một phần (Cần check)
Hà Nội,khoản 19,phường Thanh Liệt,⚠️ Một phần (Cần check)
Hà Nội,20,phường Thanh Liệt,⚠️ Một phần (Cần check)
Hà Nội,23 Điều này,phường Thanh Liệt,⚠️ Một phần (Cần check)
Hà Nội,phần còn lại của phường Thanh Xuân Bắc sau khi sắp xếp theo quy định tại khoản 22 Điều này,phường Thanh Liệt,⚠️ Một phần (Cần check)
Hà Nội,phần còn lại của phường Hạ Đình sau khi sắp xếp theo quy định tại khoản 23 Điều này,phường Thanh Liệt,⚠️ Một phần (Cần check)
Hà Nội,phần còn lại của phường Văn Quán sau khi sắp xếp theo quy định tại khoản 43 Điều này,phường Thanh Liệt,⚠️ Một phần (Cần check)
Hà Nội,phần còn lại của xã Thanh Liệt sau khi sắp xếp theo quy định tại khoản 19,phường Thanh Liệt,⚠️ Một phần (Cần check)
Hà Nội,khoản 20 Điều này,phường Thanh Liệt,⚠️ Một phần (Cần check)
Hà Nội,phần còn lại của xã Tân Triều sau khi sắp xếp theo quy định tại,phường Thanh Liệt,⚠️ Một phần (Cần check)
Hà Nội,khoản 19,phường Thanh Liệt,⚠️ Một phần (Cần check)
Hà Nội,23,phường Thanh Liệt,⚠️ Một phần (Cần check)
Hà Nội,43 Điều này,phường Thanh Liệt,⚠️ Một phần (Cần check)
Hà Nội,phường Biên Giang,phường Chương Mỹ,✅ Toàn bộ
Hà Nội,thị trấn Chúc Sơn,phường Chương Mỹ,✅ Toàn bộ
Hà Nội,xã Đại Yên,phường Chương Mỹ,✅ Toàn bộ
Hà Nội,Ngọc Hòa,phường Chương Mỹ,✅ Toàn bộ
Hà Nội,Phụng Châu,phường Chương Mỹ,✅ Toàn bộ
Hà Nội,Tiên Phương,phường Chương Mỹ,✅ Toàn bộ
Hà Nội,Thuỵ Hương,phường Chương Mỹ,✅ Toàn bộ
Hà Nội,phần còn lại của phường Đồng Mai sau khi sắp xếp theo quy định tại khoản 45 Điều này,phường Chương Mỹ,✅ Toàn bộ
Hà Nội,phường Ngô Quyền,phường Sơn Tây,✅ Toàn bộ
Hà Nội,Phú Thịnh,phường Sơn Tây,✅ Toàn bộ
Hà Nội,Viên Sơn,phường Sơn Tây,✅ Toàn bộ
Hà Nội,xã Đường Lâm,phường Sơn Tây,✅ Toàn bộ
Hà Nội,phường Trung Hưng,phường Sơn Tây,⚠️ Một phần (Cần check)
Hà Nội,phường Sơn Lộc,phường Sơn Tây,⚠️ Một phần (Cần check)
Hà Nội,xã Thanh Mỹ,phường Sơn Tây,⚠️ Một phần (Cần check)
Hà Nội,phường Xuân Khanh,phường Tùng Thiện,✅ Toàn bộ
Hà Nội,phường Trung Sơn Trầm,phường Tùng Thiện,✅ Toàn bộ
Hà Nội,xã Xuân Sơn,phường Tùng Thiện,✅ Toàn bộ
Hà Nội,phần còn lại của phường Trung Hưng,phường Tùng Thiện,✅ Toàn bộ
Hà Nội,phường Sơn Lộc,phường Tùng Thiện,✅ Toàn bộ
Hà Nội,xã Thanh Mỹ sau khi sắp xếp theo quy định tại khoản 50 Điều này,phường Tùng Thiện,✅ Toàn bộ
Hà Nội,thị trấn Văn Điển,xã Thanh Trì,⚠️ Một phần (Cần check)
Hà Nội,xã Ngũ Hiệp,xã Thanh Trì,⚠️ Một phần (Cần check)
Hà Nội,xã Vĩnh Quỳnh,xã Thanh Trì,⚠️ Một phần (Cần check)
Hà Nội,một phần diện tích tự nhiên,xã Thanh Trì,⚠️ Một phần (Cần check)
Hà Nội,toàn bộ quy mô dân số của xã Yên Mỹ,xã Thanh Trì,⚠️ Một phần (Cần check)
Hà Nội,một phần diện tích tự nhiên của xã Duyên Hà,xã Thanh Trì,⚠️ Một phần (Cần check)
Hà Nội,phần còn lại của xã Tứ Hiệp sau khi sắp xếp theo quy định tại khoản 21 Điều này,xã Thanh Trì,⚠️ Một phần (Cần check)
Hà Nội,phần còn lại của phường Yên Sở sau khi sắp xếp theo quy định tại,xã Thanh Trì,⚠️ Một phần (Cần check)
Hà Nội,khoản 15,xã Thanh Trì,⚠️ Một phần (Cần check)
Hà Nội,16,xã Thanh Trì,⚠️ Một phần (Cần check)
Hà Nội,21 Điều này,xã Thanh Trì,⚠️ Một phần (Cần check)
Hà Nội,xã Tam Hiệp (huyện Thanh Trì) sau khi sắp xếp theo quy định tại khoản 20 Điều này,xã Đại Thanh,✅ Toàn bộ
Hà Nội,phần còn lại của xã Hữu Hòa sau khi sắp xếp theo quy định tại khoản 46 Điều này,xã Đại Thanh,✅ Toàn bộ
Hà Nội,phần còn lại của phường Kiến Hưng sau khi sắp xếp theo quy định tại khoản 46,xã Đại Thanh,✅ Toàn bộ
Hà Nội,khoản 47 Điều này,xã Đại Thanh,✅ Toàn bộ
Hà Nội,phần còn lại của thị trấn Văn Điển sau khi sắp xếp theo quy định tại khoản 20,xã Đại Thanh,✅ Toàn bộ
Hà Nội,khoản 52 Điều này,xã Đại Thanh,✅ Toàn bộ
Hà Nội,phần còn lại của xã Tả Thanh Oai sau khi sắp xếp theo quy định tại khoản 48 Điều này,xã Đại Thanh,✅ Toàn bộ
Hà Nội,phần còn lại của xã Vĩnh Quỳnh sau khi sắp xếp theo quy định tại khoản 52 Điều này,xã Đại Thanh,✅ Toàn bộ
Hà Nội,xã Vạn Phúc,xã Nam Phù,✅ Toàn bộ
Hà Nội,xã Liên Ninh,xã Nam Phù,⚠️ Một phần (Cần check)
Hà Nội,xã Ninh Sở,xã Nam Phù,⚠️ Một phần (Cần check)
Hà Nội,một phần diện tích tự nhiên,xã Nam Phù,⚠️ Một phần (Cần check)
Hà Nội,toàn bộ quy mô dân số của xã Đông Mỹ,xã Nam Phù,⚠️ Một phần (Cần check)
Hà Nội,một phần diện tích tự nhiên của xã Duyên Thái,xã Nam Phù,⚠️ Một phần (Cần check)
Hà Nội,phần còn lại của,xã Nam Phù,⚠️ Một phần (Cần check)
Hà Nội,xã Ngũ Hiệp,xã Nam Phù,⚠️ Một phần (Cần check)
Hà Nội,Yên Mỹ,xã Nam Phù,⚠️ Một phần (Cần check)
Hà Nội,Duyên Hà sau khi sắp xếp theo quy định tại khoản 52 Điều này,xã Nam Phù,⚠️ Một phần (Cần check)
Hà Nội,xã Ngọc Hồi,xã Ngọc Hồi,✅ Toàn bộ
Hà Nội,xã Duyên Thái,xã Ngọc Hồi,⚠️ Một phần (Cần check)
Hà Nội,Đại Áng,xã Ngọc Hồi,⚠️ Một phần (Cần check)
Hà Nội,Khánh Hà,xã Ngọc Hồi,⚠️ Một phần (Cần check)
Hà Nội,phần còn lại của xã Liên Ninh sau khi sắp xếp theo quy định tại khoản 54 Điều này,xã Ngọc Hồi,⚠️ Một phần (Cần check)
Hà Nội,xã Tân Minh (huyện Thường Tín),xã Thượng Phúc,✅ Toàn bộ
Hà Nội,Dũng Tiến,xã Thượng Phúc,✅ Toàn bộ
Hà Nội,Quất Động,xã Thượng Phúc,✅ Toàn bộ
Hà Nội,Nghiêm Xuyên,xã Thượng Phúc,✅ Toàn bộ
Hà Nội,Nguyễn Trãi,xã Thượng Phúc,✅ Toàn bộ
Hà Nội,thị trấn Thường Tín,xã Thường Tín,✅ Toàn bộ
Hà Nội,xã Tiền Phong (huyện Thường Tín),xã Thường Tín,✅ Toàn bộ
Hà Nội,Hiền Giang,xã Thường Tín,✅ Toàn bộ
Hà Nội,Hòa Bình,xã Thường Tín,✅ Toàn bộ
Hà Nội,Nhị Khê,xã Thường Tín,✅ Toàn bộ
Hà Nội,Văn Bình,xã Thường Tín,✅ Toàn bộ
Hà Nội,Văn Phú,xã Thường Tín,✅ Toàn bộ
Hà Nội,phần còn lại của xã Đại Áng,xã Thường Tín,✅ Toàn bộ
Hà Nội,xã Khánh Hà sau khi sắp xếp theo quy định tại khoản 55 Điều này,xã Thường Tín,✅ Toàn bộ
Hà Nội,xã Chương Dương,xã Chương Dương,✅ Toàn bộ
Hà Nội,Lê Lợi,xã Chương Dương,✅ Toàn bộ
Hà Nội,Thắng Lợi,xã Chương Dương,✅ Toàn bộ
Hà Nội,Tự Nhiên,xã Chương Dương,✅ Toàn bộ
Hà Nội,xã Tô Hiệu,xã Chương Dương,⚠️ Một phần (Cần check)
Hà Nội,xã Vạn Nhất,xã Chương Dương,⚠️ Một phần (Cần check)
Hà Nội,xã Hà Hồi,xã Hồng Vân,✅ Toàn bộ
Hà Nội,Hồng Vân,xã Hồng Vân,✅ Toàn bộ
Hà Nội,Liên Phương,xã Hồng Vân,✅ Toàn bộ
Hà Nội,Vân Tảo,xã Hồng Vân,✅ Toàn bộ
Hà Nội,phần còn lại của xã Duyên Thái sau khi sắp xếp theo quy định tại khoản 54,xã Hồng Vân,✅ Toàn bộ
Hà Nội,khoản 55 Điều này,xã Hồng Vân,✅ Toàn bộ
Hà Nội,phần còn lại của xã Ninh Sở,xã Hồng Vân,✅ Toàn bộ
Hà Nội,xã Đông Mỹ sau khi sắp xếp theo quy định tại khoản 54 Điều này,xã Hồng Vân,✅ Toàn bộ
Hà Nội,thị trấn Phú Minh,xã Phú Xuyên,✅ Toàn bộ
Hà Nội,thị trấn Phú Xuyên,xã Phú Xuyên,✅ Toàn bộ
Hà Nội,xã Hồng Thái,xã Phú Xuyên,✅ Toàn bộ
Hà Nội,Minh Cường,xã Phú Xuyên,✅ Toàn bộ
Hà Nội,Nam Phong,xã Phú Xuyên,✅ Toàn bộ
Hà Nội,Nam Tiến,xã Phú Xuyên,✅ Toàn bộ
Hà Nội,Quang Hà,xã Phú Xuyên,✅ Toàn bộ
Hà Nội,Văn Tự,xã Phú Xuyên,✅ Toàn bộ
Hà Nội,phần còn lại của xã Tô Hiệu,xã Phú Xuyên,✅ Toàn bộ
Hà Nội,xã Vạn Nhất sau khi sắp xếp theo quy định tại khoản 58 Điều này,xã Phú Xuyên,✅ Toàn bộ
Hà Nội,xã Hoàng Long,xã Phượng Dực,✅ Toàn bộ
Hà Nội,Hồng Minh,xã Phượng Dực,✅ Toàn bộ
Hà Nội,Phú Túc,xã Phượng Dực,✅ Toàn bộ
Hà Nội,Văn Hoàng,xã Phượng Dực,✅ Toàn bộ
Hà Nội,Phượng Dực,xã Phượng Dực,✅ Toàn bộ
Hà Nội,xã Tân Dân (huyện Phú Xuyên),xã Chuyên Mỹ,✅ Toàn bộ
Hà Nội,Châu Can,xã Chuyên Mỹ,✅ Toàn bộ
Hà Nội,Phú Yên,xã Chuyên Mỹ,✅ Toàn bộ
Hà Nội,Vân Từ,xã Chuyên Mỹ,✅ Toàn bộ
Hà Nội,Chuyên Mỹ,xã Chuyên Mỹ,✅ Toàn bộ
Hà Nội,xã Bạch Hạ,xã Đại Xuyên,✅ Toàn bộ
Hà Nội,Khai Thái,xã Đại Xuyên,✅ Toàn bộ
Hà Nội,Minh Tân,xã Đại Xuyên,✅ Toàn bộ
Hà Nội,Phúc Tiến,xã Đại Xuyên,✅ Toàn bộ
Hà Nội,Quang Lãng,xã Đại Xuyên,✅ Toàn bộ
Hà Nội,Tri Thủy,xã Đại Xuyên,✅ Toàn bộ
Hà Nội,Đại Xuyên,xã Đại Xuyên,✅ Toàn bộ
Hà Nội,thị trấn Kim Bài,xã Thanh Oai,✅ Toàn bộ
Hà Nội,xã Đỗ Động,xã Thanh Oai,✅ Toàn bộ
Hà Nội,Kim An,xã Thanh Oai,✅ Toàn bộ
Hà Nội,Phương Trung,xã Thanh Oai,✅ Toàn bộ
Hà Nội,Thanh Mai,xã Thanh Oai,✅ Toàn bộ
Hà Nội,xã Kim Thư,xã Thanh Oai,⚠️ Một phần (Cần check)
Hà Nội,xã Bích Hòa,xã Bình Minh,✅ Toàn bộ
Hà Nội,Bình Minh,xã Bình Minh,✅ Toàn bộ
Hà Nội,Cao Viên,xã Bình Minh,✅ Toàn bộ
Hà Nội,Thanh Cao,xã Bình Minh,✅ Toàn bộ
Hà Nội,xã Lam Điền,xã Bình Minh,⚠️ Một phần (Cần check)
Hà Nội,phần còn lại của xã Cự Khê sau khi sắp xếp theo quy định tại khoản 46 Điều này,xã Bình Minh,⚠️ Một phần (Cần check)
Hà Nội,phần còn lại của phường Phú Lương sau khi sắp xếp theo quy định tại khoản 46,xã Bình Minh,⚠️ Một phần (Cần check)
Hà Nội,khoản 47 Điều này,xã Bình Minh,⚠️ Một phần (Cần check)
Hà Nội,xã Mỹ Hưng,xã Tam Hưng,✅ Toàn bộ
Hà Nội,Thanh Thùy,xã Tam Hưng,✅ Toàn bộ
Hà Nội,Thanh Văn,xã Tam Hưng,✅ Toàn bộ
Hà Nội,Tam Hưng,xã Tam Hưng,✅ Toàn bộ
Hà Nội,xã Cao Xuân Dương,xã Dân Hòa,✅ Toàn bộ
Hà Nội,Hồng Dương,xã Dân Hòa,✅ Toàn bộ
Hà Nội,Liên Châu,xã Dân Hòa,✅ Toàn bộ
Hà Nội,Tân Ước,xã Dân Hòa,✅ Toàn bộ
Hà Nội,Dân Hòa,xã Dân Hòa,✅ Toàn bộ
Hà Nội,thị trấn Vân Đình,xã Vân Đình,✅ Toàn bộ
Hà Nội,xã Cao Sơn Tiến,xã Vân Đình,✅ Toàn bộ
Hà Nội,Phương Tú,xã Vân Đình,✅ Toàn bộ
Hà Nội,Tảo Dương Văn,xã Vân Đình,✅ Toàn bộ
Hà Nội,xã Hoa Viên,xã                       Ứng Thiên,✅ Toàn bộ
Hà Nội,Liên Bạt,xã                       Ứng Thiên,✅ Toàn bộ
Hà Nội,Quảng Phú Cầu,xã                       Ứng Thiên,✅ Toàn bộ
Hà Nội,Trường Thịnh,xã                       Ứng Thiên,✅ Toàn bộ
Hà Nội,xã Hòa Phú,xã Hòa Xá,✅ Toàn bộ
Hà Nội,xã Thái Hòa (huyện Ứng Hòa),xã Hòa Xá,✅ Toàn bộ
Hà Nội,xã Bình Lưu Quang,xã Hòa Xá,✅ Toàn bộ
Hà Nội,xã Phù Lưu,xã Hòa Xá,✅ Toàn bộ
Hà Nội,xã Đại Cường,xã Ứng Hòa,✅ Toàn bộ
Hà Nội,Đại Hùng,xã Ứng Hòa,✅ Toàn bộ
Hà Nội,Đông Lỗ,xã Ứng Hòa,✅ Toàn bộ
Hà Nội,Đồng Tân,xã Ứng Hòa,✅ Toàn bộ
Hà Nội,Kim Đường,xã Ứng Hòa,✅ Toàn bộ
Hà Nội,Minh Đức,xã Ứng Hòa,✅ Toàn bộ
Hà Nội,Trầm Lộng,xã Ứng Hòa,✅ Toàn bộ
Hà Nội,Trung Tú,xã Ứng Hòa,✅ Toàn bộ
Hà Nội,thị trấn Đại Nghĩa,xã Mỹ Đức,✅ Toàn bộ
Hà Nội,xã An Phú,xã Mỹ Đức,✅ Toàn bộ
Hà Nội,Đại Hưng,xã Mỹ Đức,✅ Toàn bộ
Hà Nội,Hợp Thanh,xã Mỹ Đức,✅ Toàn bộ
Hà Nội,Phù Lưu Tế,xã Mỹ Đức,✅ Toàn bộ
Hà Nội,xã Phùng Xá  (huyện Mỹ Đức),xã Hồng Sơn,✅ Toàn bộ
Hà Nội,An Mỹ,xã Hồng Sơn,✅ Toàn bộ
Hà Nội,Hợp Tiến,xã Hồng Sơn,✅ Toàn bộ
Hà Nội,Lê Thanh,xã Hồng Sơn,✅ Toàn bộ
Hà Nội,Xuy Xá,xã Hồng Sơn,✅ Toàn bộ
Hà Nội,Hồng Sơn,xã Hồng Sơn,✅ Toàn bộ
Hà Nội,xã Mỹ Xuyên,xã Phúc Sơn,✅ Toàn bộ
Hà Nội,Phúc Lâm,xã Phúc Sơn,✅ Toàn bộ
Hà Nội,Thượng Lâm,xã Phúc Sơn,✅ Toàn bộ
Hà Nội,Tuy Lai,xã Phúc Sơn,✅ Toàn bộ
Hà Nội,xã Đồng Tâm,xã Phúc Sơn,⚠️ Một phần (Cần check)
Hà Nội,xã An Tiến,xã Hương Sơn,✅ Toàn bộ
Hà Nội,Hùng Tiến,xã Hương Sơn,✅ Toàn bộ
Hà Nội,Vạn Tín,xã Hương Sơn,✅ Toàn bộ
Hà Nội,Hương Sơn,xã Hương Sơn,✅ Toàn bộ
Hà Nội,xã Đông Phương Yên,xã Phú Nghĩa,✅ Toàn bộ
Hà Nội,Đông Sơn,xã Phú Nghĩa,✅ Toàn bộ
Hà Nội,Thanh Bình,xã Phú Nghĩa,✅ Toàn bộ
Hà Nội,Trung Hòa,xã Phú Nghĩa,✅ Toàn bộ
Hà Nội,Trường Yên,xã Phú Nghĩa,✅ Toàn bộ
Hà Nội,Phú Nghĩa,xã Phú Nghĩa,✅ Toàn bộ
Hà Nội,thị trấn Xuân Mai,xã Xuân Mai,✅ Toàn bộ
Hà Nội,xã Nam Phương Tiến,xã Xuân Mai,✅ Toàn bộ
Hà Nội,xã Thủy Xuân Tiên,xã Xuân Mai,✅ Toàn bộ
Hà Nội,xã Tân Tiến,xã Xuân Mai,⚠️ Một phần (Cần check)
Hà Nội,xã Hoàng Văn Thụ,xã Trần Phú,✅ Toàn bộ
Hà Nội,Hữu Văn,xã Trần Phú,✅ Toàn bộ
Hà Nội,Mỹ Lương,xã Trần Phú,✅ Toàn bộ
Hà Nội,Trần Phú,xã Trần Phú,✅ Toàn bộ
Hà Nội,phần còn lại của xã Đồng Tâm sau khi sắp xếp theo quy định tại khoản 74 Điều này,xã Trần Phú,✅ Toàn bộ
Hà Nội,phần còn lại của xã Tân Tiến sau khi sắp xếp theo quy định tại khoản 77 Điều này,xã Trần Phú,✅ Toàn bộ
Hà Nội,xã Hòa Phú (huyện Chương Mỹ),xã Hòa Phú,✅ Toàn bộ
Hà Nội,Đồng Lạc,xã Hòa Phú,✅ Toàn bộ
Hà Nội,Hồng Phú,xã Hòa Phú,✅ Toàn bộ
Hà Nội,Thượng Vực,xã Hòa Phú,✅ Toàn bộ
Hà Nội,Văn Võ,xã Hòa Phú,✅ Toàn bộ
Hà Nội,phần còn lại của xã Kim Thư sau khi sắp xếp theo quy định tại khoản 64 Điều này,xã Hòa Phú,✅ Toàn bộ
Hà Nội,xã Hoàng Diệu,xã Quảng Bị,✅ Toàn bộ
Hà Nội,Hợp Đồng,xã Quảng Bị,✅ Toàn bộ
Hà Nội,Quảng Bị,xã Quảng Bị,✅ Toàn bộ
Hà Nội,Tốt Động,xã Quảng Bị,✅ Toàn bộ
Hà Nội,phần còn lại của xã Lam Điền sau                 khi sắp xếp theo quy định tại khoản 65 Điều này,xã Quảng Bị,✅ Toàn bộ
Hà Nội,xã Minh Châu,xã Minh Châu,✅ Toàn bộ
Hà Nội,thị trấn Tây Đằng,xã Minh Châu,⚠️ Một phần (Cần check)
Hà Nội,xã Chu Minh,xã Minh Châu,⚠️ Một phần (Cần check)
Hà Nội,xã Cam Thượng,xã Quảng Oai,✅ Toàn bộ
Hà Nội,Đông Quang,xã Quảng Oai,✅ Toàn bộ
Hà Nội,Tiên Phong,xã Quảng Oai,✅ Toàn bộ
Hà Nội,xã Thụy An,xã Quảng Oai,⚠️ Một phần (Cần check)
Hà Nội,phần còn lại của thị trấn Tây Đằng,xã Quảng Oai,⚠️ Một phần (Cần check)
Hà Nội,xã Chu Minh sau khi sắp xếp theo quy định tại khoản 81 Điều này,xã Quảng Oai,⚠️ Một phần (Cần check)
Hà Nội,xã Thái Hòa,xã Vật Lại,✅ Toàn bộ
Hà Nội,xã Phú Sơn (huyện Ba Vì),xã Vật Lại,✅ Toàn bộ
Hà Nội,xã Đồng Thái,xã Vật Lại,✅ Toàn bộ
Hà Nội,Phú Châu,xã Vật Lại,✅ Toàn bộ
Hà Nội,Vật Lại,xã Vật Lại,✅ Toàn bộ
Hà Nội,xã Phú Cường (huyện Ba Vì),xã Cổ Đô,✅ Toàn bộ
Hà Nội,Cổ Đô,xã Cổ Đô,✅ Toàn bộ
Hà Nội,Phong Vân,xã Cổ Đô,✅ Toàn bộ
Hà Nội,Phú Hồng,xã Cổ Đô,✅ Toàn bộ
Hà Nội,Phú Đông,xã Cổ Đô,✅ Toàn bộ
Hà Nội,Vạn Thắng,xã Cổ Đô,✅ Toàn bộ
Hà Nội,xã Thuần Mỹ,xã Bất Bạt,✅ Toàn bộ
Hà Nội,Tòng Bạt,xã Bất Bạt,✅ Toàn bộ
Hà Nội,Sơn Đà,xã Bất Bạt,✅ Toàn bộ
Hà Nội,xã Cẩm Lĩnh,xã Bất Bạt,⚠️ Một phần (Cần check)
Hà Nội,xã Minh Quang,xã Bất Bạt,⚠️ Một phần (Cần check)
Hà Nội,xã Ba Trại,xã Suối Hai,✅ Toàn bộ
Hà Nội,xã Tản Lĩnh,xã Suối Hai,✅ Toàn bộ
Hà Nội,phần còn lại của xã Thụy An sau khi sắp xếp theo quy định tại khoản 82,xã Suối Hai,✅ Toàn bộ
Hà Nội,phần còn lại của xã Cẩm Lĩnh sau khi sắp xếp theo quy định tại khoản 85 Điều này,xã Suối Hai,✅ Toàn bộ
Hà Nội,xã Ba Vì,xã Ba Vì,✅ Toàn bộ
Hà Nội,xã Khánh Thượng,xã Ba Vì,✅ Toàn bộ
Hà Nội,phần còn lại của xã Minh Quang sau khi sắp xếp theo quy định tại khoản 85 Điều này,xã Ba Vì,✅ Toàn bộ
Hà Nội,xã Vân Hòa,xã Yên Bài,✅ Toàn bộ
Hà Nội,xã Yên Bài,xã Yên Bài,✅ Toàn bộ
Hà Nội,xã Thạch Hòa,xã Yên Bài,⚠️ Một phần (Cần check)
Hà Nội,xã Kim Sơn,xã Đoài Phương,✅ Toàn bộ
Hà Nội,xã Sơn Đông,xã Đoài Phương,✅ Toàn bộ
Hà Nội,xã Cổ Đông,xã Đoài Phương,⚠️ Một phần (Cần check)
Hà Nội,thị trấn Phúc Thọ,xã Phúc Thọ,✅ Toàn bộ
Hà Nội,xã Long Thượng,xã Phúc Thọ,✅ Toàn bộ
Hà Nội,Phúc Hòa,xã Phúc Thọ,✅ Toàn bộ
Hà Nội,Phụng Thượng,xã Phúc Thọ,✅ Toàn bộ
Hà Nội,Tích Lộc,xã Phúc Thọ,✅ Toàn bộ
Hà Nội,Trạch Mỹ Lộc,xã Phúc Thọ,✅ Toàn bộ
Hà Nội,xã Nam Hà,xã Phúc Lộc,✅ Toàn bộ
Hà Nội,Sen Phương,xã Phúc Lộc,✅ Toàn bộ
Hà Nội,Vân Phúc,xã Phúc Lộc,✅ Toàn bộ
Hà Nội,Võng Xuyên,xã Phúc Lộc,✅ Toàn bộ
Hà Nội,Xuân Đình,xã Phúc Lộc,✅ Toàn bộ
Hà Nội,xã Tam Hiệp (huyện Phúc Thọ),xã Hát Môn,✅ Toàn bộ
Hà Nội,Hiệp Thuận,xã Hát Môn,✅ Toàn bộ
Hà Nội,Liên Hiệp,xã Hát Môn,✅ Toàn bộ
Hà Nội,Ngọc Tảo,xã Hát Môn,✅ Toàn bộ
Hà Nội,Tam Thuấn,xã Hát Môn,✅ Toàn bộ
Hà Nội,Thanh Đa,xã Hát Môn,✅ Toàn bộ
Hà Nội,Hát Môn,xã Hát Môn,✅ Toàn bộ
Hà Nội,thị trấn Liên Quan,xã Thạch Thất,✅ Toàn bộ
Hà Nội,xã Cẩm Yên,xã Thạch Thất,✅ Toàn bộ
Hà Nội,Đại Đồng,xã Thạch Thất,✅ Toàn bộ
Hà Nội,Kim Quan,xã Thạch Thất,✅ Toàn bộ
Hà Nội,Lại Thượng,xã Thạch Thất,✅ Toàn bộ
Hà Nội,Phú Kim,xã Thạch Thất,✅ Toàn bộ
Hà Nội,xã Cần Kiệm,xã Hạ Bằng,✅ Toàn bộ
Hà Nội,xã Đồng Trúc,xã Hạ Bằng,✅ Toàn bộ
Hà Nội,xã Bình Yên,xã Hạ Bằng,⚠️ Một phần (Cần check)
Hà Nội,Hạ Bằng,xã Hạ Bằng,⚠️ Một phần (Cần check)
Hà Nội,Tân Xã,xã Hạ Bằng,⚠️ Một phần (Cần check)
Hà Nội,một phần diện tích tự nhiên của xã Phú Cát,xã Hạ Bằng,⚠️ Một phần (Cần check)
Hà Nội,xã Phùng Xá (huyện Thạch Thất),xã Tây Phương,✅ Toàn bộ
Hà Nội,Hương Ngải,xã Tây Phương,✅ Toàn bộ
Hà Nội,Lam Sơn,xã Tây Phương,✅ Toàn bộ
Hà Nội,Thạch Xá,xã Tây Phương,✅ Toàn bộ
Hà Nội,xã Quang Trung,xã Tây Phương,⚠️ Một phần (Cần check)
Hà Nội,một phần diện tích tự nhiên của                thị trấn Quốc Oai,xã Tây Phương,⚠️ Một phần (Cần check)
Hà Nội,xã Ngọc Liệp,xã Tây Phương,⚠️ Một phần (Cần check)
Hà Nội,xã Phượng Sơn,xã Tây Phương,⚠️ Một phần (Cần check)
Hà Nội,xã Tiến Xuân,xã Hòa Lạc,⚠️ Một phần (Cần check)
Hà Nội,xã Thạch Hòa,xã Hòa Lạc,⚠️ Một phần (Cần check)
Hà Nội,phần còn lại của xã Cổ Đông sau khi sắp xếp theo quy định              tại khoản 89 Điều này,xã Hòa Lạc,⚠️ Một phần (Cần check)
Hà Nội,phần còn lại của,xã Hòa Lạc,⚠️ Một phần (Cần check)
Hà Nội,xã Bình Yên,xã Hòa Lạc,⚠️ Một phần (Cần check)
Hà Nội,Hạ Bằng,xã Hòa Lạc,⚠️ Một phần (Cần check)
Hà Nội,Tân Xã sau khi sắp xếp theo quy định tại khoản 94 Điều này,xã Hòa Lạc,⚠️ Một phần (Cần check)
Hà Nội,xã Đông Xuân (huyện Quốc Oai),xã Yên Xuân,✅ Toàn bộ
Hà Nội,Yên Bình,xã Yên Xuân,✅ Toàn bộ
Hà Nội,Yên Trung,xã Yên Xuân,✅ Toàn bộ
Hà Nội,phần còn lại của xã Tiến Xuân sau khi sắp xếp theo quy định tại khoản 96 Điều này,xã Yên Xuân,✅ Toàn bộ
Hà Nội,phần còn lại của xã Thạch Hòa sau khi sắp xếp theo quy định tại khoản 88,xã Yên Xuân,✅ Toàn bộ
Hà Nội,khoản 96 Điều này,xã Yên Xuân,✅ Toàn bộ
Hà Nội,xã Thạch Thán,xã Quốc Oai,✅ Toàn bộ
Hà Nội,xã Sài Sơn,xã Quốc Oai,✅ Toàn bộ
Hà Nội,xã Ngọc Mỹ,xã Quốc Oai,⚠️ Một phần (Cần check)
Hà Nội,phần còn lại của thị trấn Quốc Oai,xã Quốc Oai,⚠️ Một phần (Cần check)
Hà Nội,xã Phượng Sơn sau khi sắp xếp theo quy định tại khoản 95 Điều này,xã Quốc Oai,⚠️ Một phần (Cần check)
Hà Nội,xã Cộng Hoà,xã Hưng Đạo,✅ Toàn bộ
Hà Nội,Đồng Quang,xã Hưng Đạo,✅ Toàn bộ
Hà Nội,Hưng Đạo,xã Hưng Đạo,✅ Toàn bộ
Hà Nội,xã Cấn Hữu,xã Kiều Phú,✅ Toàn bộ
Hà Nội,Liệp Nghĩa,xã Kiều Phú,✅ Toàn bộ
Hà Nội,Tuyết Nghĩa,xã Kiều Phú,✅ Toàn bộ
Hà Nội,phần còn lại của xã Ngọc Liệp,xã Kiều Phú,✅ Toàn bộ
Hà Nội,xã Quang Trung sau khi sắp xếp theo quy định tại khoản 95 Điều này,xã Kiều Phú,✅ Toàn bộ
Hà Nội,phần còn lại của xã Ngọc Mỹ sau khi sắp xếp theo quy định tại khoản 98 Điều này,xã Kiều Phú,✅ Toàn bộ
Hà Nội,xã Đông Yên,xã Phú Cát,✅ Toàn bộ
Hà Nội,Hoà Thạch,xã Phú Cát,✅ Toàn bộ
Hà Nội,Phú Mãn,xã Phú Cát,✅ Toàn bộ
Hà Nội,phần còn lại của xã Phú Cát sau khi sắp xếp theo quy định tại khoản 94 Điều này,xã Phú Cát,✅ Toàn bộ
Hà Nội,thị trấn Trạm Trôi,xã Hoài Đức,✅ Toàn bộ
Hà Nội,xã Di Trạch,xã Hoài Đức,✅ Toàn bộ
Hà Nội,Đức Giang,xã Hoài Đức,✅ Toàn bộ
Hà Nội,Đức Thượng,xã Hoài Đức,✅ Toàn bộ
Hà Nội,phường Tây Tựu,xã Hoài Đức,⚠️ Một phần (Cần check)
Hà Nội,xã Tân Lập,xã Hoài Đức,⚠️ Một phần (Cần check)
Hà Nội,phần còn lại của xã Kim Chung (huyện Hoài Đức) sau khi sắp xếp theo quy định tại khoản 30 Điều này,xã Hoài Đức,⚠️ Một phần (Cần check)
Hà Nội,xã Cát Quế,xã             Dương Hòa,✅ Toàn bộ
Hà Nội,Dương Liễu,xã             Dương Hòa,✅ Toàn bộ
Hà Nội,Đắc Sở,xã             Dương Hòa,✅ Toàn bộ
Hà Nội,Minh Khai,xã             Dương Hòa,✅ Toàn bộ
Hà Nội,Yên Sở,xã             Dương Hòa,✅ Toàn bộ
Hà Nội,xã Lại Yên,xã Sơn Đồng,✅ Toàn bộ
Hà Nội,Sơn Đồng,xã Sơn Đồng,✅ Toàn bộ
Hà Nội,Tiền Yên,xã Sơn Đồng,✅ Toàn bộ
Hà Nội,xã                 An Khánh,xã Sơn Đồng,⚠️ Một phần (Cần check)
Hà Nội,Song Phương,xã Sơn Đồng,⚠️ Một phần (Cần check)
Hà Nội,Vân Côn,xã Sơn Đồng,⚠️ Một phần (Cần check)
Hà Nội,một phần diện tích tự nhiên của xã An Thượng,xã Sơn Đồng,⚠️ Một phần (Cần check)
Hà Nội,phần còn lại của xã Vân Canh sau khi sắp xếp theo quy định tại khoản 36 Điều này,xã Sơn Đồng,⚠️ Một phần (Cần check)
Hà Nội,xã Đông La,xã An Khánh,✅ Toàn bộ
Hà Nội,phần còn lại của phường Dương Nội sau khi sắp xếp theo quy định tại,xã An Khánh,✅ Toàn bộ
Hà Nội,khoản 37,xã An Khánh,✅ Toàn bộ
Hà Nội,38,xã An Khánh,✅ Toàn bộ
Hà Nội,44 Điều này,xã An Khánh,✅ Toàn bộ
Hà Nội,phần còn lại của xã An Khánh sau khi sắp xếp theo quy định tại khoản 37,xã An Khánh,✅ Toàn bộ
Hà Nội,khoản 104 Điều này,xã An Khánh,✅ Toàn bộ
Hà Nội,phần còn lại của xã La Phù sau khi sắp xếp theo quy định tại khoản 44 Điều này,xã An Khánh,✅ Toàn bộ
Hà Nội,phần còn lại của,xã An Khánh,✅ Toàn bộ
Hà Nội,xã Song Phương,xã An Khánh,✅ Toàn bộ
Hà Nội,Vân Côn,xã An Khánh,✅ Toàn bộ
Hà Nội,An Thượng sau khi sắp xếp theo quy định tại khoản 104 Điều này,xã An Khánh,✅ Toàn bộ
Hà Nội,thị trấn Phùng,xã Đan Phượng,✅ Toàn bộ
Hà Nội,xã Đồng Tháp,xã Đan Phượng,✅ Toàn bộ
Hà Nội,Song Phượng,xã Đan Phượng,✅ Toàn bộ
Hà Nội,Thượng Mỗ,xã Đan Phượng,✅ Toàn bộ
Hà Nội,Đan Phượng,xã Đan Phượng,✅ Toàn bộ
Hà Nội,xã Hạ Mỗ,xã Ô Diên,✅ Toàn bộ
Hà Nội,xã Tân Hội,xã Ô Diên,✅ Toàn bộ
Hà Nội,xã Liên Hà (huyện Đan Phượng),xã Ô Diên,⚠️ Một phần (Cần check)
Hà Nội,Hồng Hà,xã Ô Diên,⚠️ Một phần (Cần check)
Hà Nội,Liên Hồng,xã Ô Diên,⚠️ Một phần (Cần check)
Hà Nội,Liên Trung,xã Ô Diên,⚠️ Một phần (Cần check)
Hà Nội,một phần diện tích tự nhiên của xã Văn Khê,xã Ô Diên,⚠️ Một phần (Cần check)
Hà Nội,phần còn lại của phường Tây Tựu sau khi sắp xếp theo quy định tại,xã Ô Diên,⚠️ Một phần (Cần check)
Hà Nội,khoản 30,xã Ô Diên,⚠️ Một phần (Cần check)
Hà Nội,34,xã Ô Diên,⚠️ Một phần (Cần check)
Hà Nội,102 Điều này,xã Ô Diên,⚠️ Một phần (Cần check)
Hà Nội,phần còn lại của xã Tân Lập sau khi sắp xếp theo quy định tại khoản 102 Điều này,xã Ô Diên,⚠️ Một phần (Cần check)
Hà Nội,xã Phương Đình,xã Liên Minh,✅ Toàn bộ
Hà Nội,xã Trung Châu,xã Liên Minh,⚠️ Một phần (Cần check)
Hà Nội,Thọ Xuân,xã Liên Minh,⚠️ Một phần (Cần check)
Hà Nội,Thọ An,xã Liên Minh,⚠️ Một phần (Cần check)
Hà Nội,một phần diện tích tự nhiên của xã Hồng Hà,xã Liên Minh,⚠️ Một phần (Cần check)
Hà Nội,xã Tiến Thịnh,xã Liên Minh,⚠️ Một phần (Cần check)
Hà Nội,xã Dương Xá,xã Gia Lâm,✅ Toàn bộ
Hà Nội,xã Kiêu Kỵ,xã Gia Lâm,✅ Toàn bộ
Hà Nội,thị trấn Trâu Quỳ,xã Gia Lâm,⚠️ Một phần (Cần check)
Hà Nội,một phần diện tích tự nhiên,xã Gia Lâm,⚠️ Một phần (Cần check)
Hà Nội,quy mô dân số của phường Thạch Bàn,xã Gia Lâm,⚠️ Một phần (Cần check)
Hà Nội,xã Phú Sơn (huyện Gia Lâm),xã Gia Lâm,⚠️ Một phần (Cần check)
Hà Nội,Cổ Bi,xã Gia Lâm,⚠️ Một phần (Cần check)
Hà Nội,Đa Tốn,xã Gia Lâm,⚠️ Một phần (Cần check)
Hà Nội,một phần diện tích tự nhiên của xã Bát Tràng,xã Gia Lâm,⚠️ Một phần (Cần check)
Hà Nội,xã Dương Quang,xã Thuận An,✅ Toàn bộ
Hà Nội,xã Lệ Chi,xã Thuận An,✅ Toàn bộ
Hà Nội,xã Đặng Xá,xã Thuận An,⚠️ Một phần (Cần check)
Hà Nội,phần còn lại của xã Phú Sơn (huyện Gia Lâm) sau khi sắp xếp theo quy định tại khoản 109 Điều này,xã Thuận An,⚠️ Một phần (Cần check)
Hà Nội,xã Kim Đức,xã Bát Tràng,✅ Toàn bộ
Hà Nội,phần còn lại của phường Cự Khối sau khi sắp xếp theo quy định tại khoản 39  Điều này,xã Bát Tràng,✅ Toàn bộ
Hà Nội,phần còn lại của phường Thạch Bàn sau khi sắp xếp theo quy định tại,xã Bát Tràng,✅ Toàn bộ
Hà Nội,khoản 39,xã Bát Tràng,✅ Toàn bộ
Hà Nội,42,xã Bát Tràng,✅ Toàn bộ
Hà Nội,109 Điều này,xã Bát Tràng,✅ Toàn bộ
Hà Nội,phần còn lại của thị trấn Trâu Quỳ,xã Bát Tràng,✅ Toàn bộ
Hà Nội,xã Đa Tốn sau khi sắp xếp theo quy định tại khoản 109 Điều này,xã Bát Tràng,✅ Toàn bộ
Hà Nội,phần còn lại của xã Bát Tràng sau khi sắp xếp theo quy định tại khoản 39,xã Bát Tràng,✅ Toàn bộ
Hà Nội,khoản 109 Điều này,xã Bát Tràng,✅ Toàn bộ
Hà Nội,thị trấn Yên Viên,xã Phù Đổng,✅ Toàn bộ
Hà Nội,xã Ninh Hiệp,xã Phù Đổng,✅ Toàn bộ
Hà Nội,Phù Đổng,xã Phù Đổng,✅ Toàn bộ
Hà Nội,Thiên Đức,xã Phù Đổng,✅ Toàn bộ
Hà Nội,Yên Thường,xã Phù Đổng,✅ Toàn bộ
Hà Nội,Yên Viên,xã Phù Đổng,✅ Toàn bộ
Hà Nội,phần còn lại của xã Cổ Bi sau khi sắp xếp theo quy định tại khoản 42,xã Phù Đổng,✅ Toàn bộ
Hà Nội,khoản 109 Điều này,xã Phù Đổng,✅ Toàn bộ
Hà Nội,phần còn lại của xã Đặng Xá sau khi sắp xếp theo quy định tại khoản 110 Điều này,xã Phù Đổng,✅ Toàn bộ
Hà Nội,xã Thụy Lâm,xã Thư Lâm,✅ Toàn bộ
Hà Nội,xã Vân Hà,xã Thư Lâm,✅ Toàn bộ
Hà Nội,xã Xuân Nộn,xã Thư Lâm,⚠️ Một phần (Cần check)
Hà Nội,một phần diện tích tự nhiên,xã Thư Lâm,⚠️ Một phần (Cần check)
Hà Nội,quy mô dân số của thị trấn Đông Anh,xã Thư Lâm,⚠️ Một phần (Cần check)
Hà Nội,xã Liên Hà (huyện Đông Anh),xã Thư Lâm,⚠️ Một phần (Cần check)
Hà Nội,Dục Tú,xã Thư Lâm,⚠️ Một phần (Cần check)
Hà Nội,Nguyên Khê,xã Thư Lâm,⚠️ Một phần (Cần check)
Hà Nội,Uy Nỗ,xã Thư Lâm,⚠️ Một phần (Cần check)
Hà Nội,Việt Hùng,xã Thư Lâm,⚠️ Một phần (Cần check)
Hà Nội,xã Cổ Loa,xã Đông Anh,✅ Toàn bộ
Hà Nội,Đông Hội,xã Đông Anh,✅ Toàn bộ
Hà Nội,Mai Lâm,xã Đông Anh,✅ Toàn bộ
Hà Nội,thị trấn Đông Anh,xã Đông Anh,⚠️ Một phần (Cần check)
Hà Nội,xã Tàm Xá,xã Đông Anh,⚠️ Một phần (Cần check)
Hà Nội,Tiên Dương,xã Đông Anh,⚠️ Một phần (Cần check)
Hà Nội,Vĩnh Ngọc,xã Đông Anh,⚠️ Một phần (Cần check)
Hà Nội,Xuân Canh,xã Đông Anh,⚠️ Một phần (Cần check)
Hà Nội,phần còn lại của,xã Đông Anh,⚠️ Một phần (Cần check)
Hà Nội,xã Liên Hà (huyện Đông Anh),xã Đông Anh,⚠️ Một phần (Cần check)
Hà Nội,Dục Tú,xã Đông Anh,⚠️ Một phần (Cần check)
Hà Nội,Uy Nỗ,xã Đông Anh,⚠️ Một phần (Cần check)
Hà Nội,Việt Hùng sau khi sắp xếp theo quy định tại khoản 113 Điều này,xã Đông Anh,⚠️ Một phần (Cần check)
Hà Nội,xã Bắc Hồng,xã Phúc Thịnh,✅ Toàn bộ
Hà Nội,Nam Hồng,xã Phúc Thịnh,✅ Toàn bộ
Hà Nội,Vân Nội,xã Phúc Thịnh,✅ Toàn bộ
Hà Nội,xã Vĩnh Ngọc,xã Phúc Thịnh,⚠️ Một phần (Cần check)
Hà Nội,phần còn lại của xã Nguyên Khê,xã Phúc Thịnh,⚠️ Một phần (Cần check)
Hà Nội,xã Xuân Nộn sau khi sắp xếp theo quy định tại khoản 113 Điều này,xã Phúc Thịnh,⚠️ Một phần (Cần check)
Hà Nội,phần còn lại của xã Tiên Dương sau khi sắp xếp theo quy định tại                 khoản 114 Điều này,xã Phúc Thịnh,⚠️ Một phần (Cần check)
Hà Nội,phần còn lại của thị trấn Đông Anh sau khi sắp xếp theo quy định tại khoản 113,xã Phúc Thịnh,⚠️ Một phần (Cần check)
Hà Nội,khoản 114 Điều này,xã Phúc Thịnh,⚠️ Một phần (Cần check)
Hà Nội,xã Võng La,xã Thiên Lộc,✅ Toàn bộ
Hà Nội,xã Kim Chung (huyện Đông Anh),xã Thiên Lộc,⚠️ Một phần (Cần check)
Hà Nội,Đại Mạch,xã Thiên Lộc,⚠️ Một phần (Cần check)
Hà Nội,Kim Nỗ,xã Thiên Lộc,⚠️ Một phần (Cần check)
Hà Nội,một phần diện tích tự nhiên của xã Tiền Phong (huyện Mê Linh),xã Thiên Lộc,⚠️ Một phần (Cần check)
Hà Nội,xã Hải Bối,xã Thiên Lộc,⚠️ Một phần (Cần check)
Hà Nội,xã Tàm Xá,xã Vĩnh Thanh,✅ Toàn bộ
Hà Nội,xã Xuân Canh sau khi sắp xếp theo quy định tại khoản 114 Điều này,xã Vĩnh Thanh,✅ Toàn bộ
Hà Nội,phần còn lại của xã Vĩnh Ngọc sau khi sắp xếp theo quy định tại khoản 114,xã Vĩnh Thanh,✅ Toàn bộ
Hà Nội,khoản 115 Điều này,xã Vĩnh Thanh,✅ Toàn bộ
Hà Nội,phần còn lại của,xã Vĩnh Thanh,✅ Toàn bộ
Hà Nội,xã Kim Chung (huyện Đông Anh),xã Vĩnh Thanh,✅ Toàn bộ
Hà Nội,Hải Bối,xã Vĩnh Thanh,✅ Toàn bộ
Hà Nội,Kim Nỗ sau khi sắp xếp theo quy định tại khoản 116 Điều này,xã Vĩnh Thanh,✅ Toàn bộ
Hà Nội,xã Tráng Việt,xã Mê Linh,✅ Toàn bộ
Hà Nội,xã Tiền Phong (huyện Mê Linh),xã Mê Linh,⚠️ Một phần (Cần check)
Hà Nội,Văn Khê,xã Mê Linh,⚠️ Một phần (Cần check)
Hà Nội,Mê Linh,xã Mê Linh,⚠️ Một phần (Cần check)
Hà Nội,một phần diện tích tự nhiên của xã Đại Thịnh,xã Mê Linh,⚠️ Một phần (Cần check)
Hà Nội,xã Hồng Hà,xã Mê Linh,⚠️ Một phần (Cần check)
Hà Nội,phần còn lại của,xã Mê Linh,⚠️ Một phần (Cần check)
Hà Nội,xã Liên Hà (huyện Đan Phượng),xã Mê Linh,⚠️ Một phần (Cần check)
Hà Nội,Liên Hồng,xã Mê Linh,⚠️ Một phần (Cần check)
Hà Nội,Liên Trung sau khi sắp xếp theo quy định tại khoản 107 Điều này,xã Mê Linh,⚠️ Một phần (Cần check)
Hà Nội,phần còn lại của xã Đại Mạch sau khi sắp xếp theo quy định tại khoản 116 Điều này,xã Mê Linh,⚠️ Một phần (Cần check)
Hà Nội,xã                         Chu Phan,xã                          Yên Lãng,✅ Toàn bộ
Hà Nội,Hoàng Kim,xã                          Yên Lãng,✅ Toàn bộ
Hà Nội,Liên Mạc,xã                          Yên Lãng,✅ Toàn bộ
Hà Nội,xã Thạch Đà,xã                          Yên Lãng,⚠️ Một phần (Cần check)
Hà Nội,một phần diện tích tự nhiên của xã Văn Khê,xã                          Yên Lãng,⚠️ Một phần (Cần check)
Hà Nội,phần còn lại của,xã                          Yên Lãng,⚠️ Một phần (Cần check)
Hà Nội,xã Tiến Thịnh,xã                          Yên Lãng,⚠️ Một phần (Cần check)
Hà Nội,Trung Châu,xã                          Yên Lãng,⚠️ Một phần (Cần check)
Hà Nội,Thọ Xuân,xã                          Yên Lãng,⚠️ Một phần (Cần check)
Hà Nội,Thọ An sau khi sắp xếp theo quy định tại khoản 108 Điều này,xã                          Yên Lãng,⚠️ Một phần (Cần check)
Hà Nội,phần còn lại của xã Hồng Hà sau khi sắp xếp theo quy định tại,xã                          Yên Lãng,⚠️ Một phần (Cần check)
Hà Nội,khoản 107,xã                          Yên Lãng,⚠️ Một phần (Cần check)
Hà Nội,108,xã                          Yên Lãng,⚠️ Một phần (Cần check)
Hà Nội,118 Điều này,xã                          Yên Lãng,⚠️ Một phần (Cần check)
Hà Nội,xã Tam Đồng,xã Tiến Thắng,✅ Toàn bộ
Hà Nội,Tiến Thắng,xã Tiến Thắng,✅ Toàn bộ
Hà Nội,Tự Lập,xã Tiến Thắng,✅ Toàn bộ
Hà Nội,xã Đại Thịnh,xã Tiến Thắng,⚠️ Một phần (Cần check)
Hà Nội,Kim Hoa,xã Tiến Thắng,⚠️ Một phần (Cần check)
Hà Nội,Thanh Lâm,xã Tiến Thắng,⚠️ Một phần (Cần check)
Hà Nội,phần còn lại của xã Văn Khê sau khi sắp xếp theo quy định tại,xã Tiến Thắng,⚠️ Một phần (Cần check)
Hà Nội,khoản 107,xã Tiến Thắng,⚠️ Một phần (Cần check)
Hà Nội,118,xã Tiến Thắng,⚠️ Một phần (Cần check)
Hà Nội,119 Điều này,xã Tiến Thắng,⚠️ Một phần (Cần check)
Hà Nội,phần còn lại của xã Thạch Đà sau khi sắp xếp theo quy định tại khoản 119 Điều này,xã Tiến Thắng,⚠️ Một phần (Cần check)
Hà Nội,thị trấn Chi Đông,xã Quang Minh,✅ Toàn bộ
Hà Nội,thị trấn Quang Minh,xã Quang Minh,✅ Toàn bộ
Hà Nội,phần còn lại của xã Mê Linh sau khi sắp xếp theo quy định tại khoản 118 Điều này,xã Quang Minh,✅ Toàn bộ
Hà Nội,phần còn lại của xã Tiền Phong (huyện Mê Linh) sau khi sắp xếp theo quy định tại khoản 116,xã Quang Minh,✅ Toàn bộ
Hà Nội,khoản 118 Điều này,xã Quang Minh,✅ Toàn bộ
Hà Nội,phần còn lại của xã Đại Thịnh sau khi sắp xếp theo quy định tại khoản 118,xã Quang Minh,✅ Toàn bộ
Hà Nội,khoản 120 Điều này,xã Quang Minh,✅ Toàn bộ
Hà Nội,phần còn lại của xã Kim Hoa,xã Quang Minh,✅ Toàn bộ
Hà Nội,xã Thanh Lâm sau khi sắp xếp theo quy định tại khoản 120 Điều này,xã Quang Minh,✅ Toàn bộ
Hà Nội,thị trấn Sóc Sơn,xã Sóc Sơn,✅ Toàn bộ
Hà Nội,xã Tân Minh,xã Sóc Sơn,✅ Toàn bộ
Hà Nội,xã Đông Xuân (huyện Sóc Sơn),xã Sóc Sơn,✅ Toàn bộ
Hà Nội,xã Phù Lỗ,xã Sóc Sơn,✅ Toàn bộ
Hà Nội,Phù Linh,xã Sóc Sơn,✅ Toàn bộ
Hà Nội,Tiên Dược,xã Sóc Sơn,✅ Toàn bộ
Hà Nội,xã Mai Đình,xã Sóc Sơn,⚠️ Một phần (Cần check)
Hà Nội,một phần diện tích tự nhiên của xã Phú Minh,xã Sóc Sơn,⚠️ Một phần (Cần check)
Hà Nội,xã Quang Tiến,xã Sóc Sơn,⚠️ Một phần (Cần check)
Hà Nội,xã Bắc Phú,xã Đa Phúc,✅ Toàn bộ
Hà Nội,Đức Hoà,xã Đa Phúc,✅ Toàn bộ
Hà Nội,Kim Lũ,xã Đa Phúc,✅ Toàn bộ
Hà Nội,Tân Hưng,xã Đa Phúc,✅ Toàn bộ
Hà Nội,Việt Long,xã Đa Phúc,✅ Toàn bộ
Hà Nội,Xuân Giang,xã Đa Phúc,✅ Toàn bộ
Hà Nội,Xuân Thu,xã Đa Phúc,✅ Toàn bộ
Hà Nội,xã Phú Cường (huyện Sóc Sơn),xã Nội Bài,✅ Toàn bộ
Hà Nội,Hiền Ninh,xã Nội Bài,✅ Toàn bộ
Hà Nội,Thanh Xuân,xã Nội Bài,✅ Toàn bộ
Hà Nội,phần còn lại của,xã Nội Bài,✅ Toàn bộ
Hà Nội,xã Mai Đình,xã Nội Bài,✅ Toàn bộ
Hà Nội,Phú Minh,xã Nội Bài,✅ Toàn bộ
Hà Nội,Quang Tiến sau khi sắp xếp theo quy định tại khoản 122 Điều này,xã Nội Bài,✅ Toàn bộ
Hà Nội,xã Bắc Sơn,xã Trung Giã,✅ Toàn bộ
Hà Nội,Hồng Kỳ,xã Trung Giã,✅ Toàn bộ
Hà Nội,Nam Sơn và Trung Giã,xã Trung Giã,✅ Toàn bộ
Hà Nội,xã Tân Dân (huyện Sóc Sơn),xã Kim Anh,✅ Toàn bộ
Hà Nội,Minh Phú,xã Kim Anh,✅ Toàn bộ
Hà Nội,Minh Trí,xã Kim Anh,✅ Toàn bộ
Cần Thơ,phường Tân An,phường Ninh Kiều,✅ Toàn bộ
Cần Thơ,Thới Bình,phường Ninh Kiều,✅ Toàn bộ
Cần Thơ,Xuân Khánh,phường Ninh Kiều,✅ Toàn bộ
Cần Thơ,phường An Hòa,phường Cái Khế,✅ Toàn bộ
Cần Thơ,phường Cái Khế,phường Cái Khế,✅ Toàn bộ
Cần Thơ,phường Bùi Hữu Nghĩa,phường Cái Khế,⚠️ Một phần (Cần check)
Cần Thơ,phường An Khánh,phường Tân An,✅ Toàn bộ
Cần Thơ,phường Hưng Lợi,phường Tân An,✅ Toàn bộ
Cần Thơ,phường An Bình,phường An Bình,✅ Toàn bộ
Cần Thơ,xã Mỹ Khánh,phường An Bình,✅ Toàn bộ
Cần Thơ,phường Long Tuyền,phường An Bình,⚠️ Một phần (Cần check)
Cần Thơ,phường Trà An,phường Thới An Đông,✅ Toàn bộ
Cần Thơ,Trà Nóc,phường Thới An Đông,✅ Toàn bộ
Cần Thơ,Thới An Đông,phường Thới An Đông,✅ Toàn bộ
Cần Thơ,phường An Thới,phường Bình Thủy,✅ Toàn bộ
Cần Thơ,phường Bình Thủy,phường Bình Thủy,✅ Toàn bộ
Cần Thơ,phần còn lại của phường Bùi Hữu Nghĩa sau khi sắp xếp theo quy định tại khoản 2 Điều này,phường Bình Thủy,✅ Toàn bộ
Cần Thơ,phường Long Hòa,phường Long Tuyền,✅ Toàn bộ
Cần Thơ,phần còn lại của phường Long Tuyền sau khi sắp xếp theo quy định tại                khoản 4 Điều này,phường Long Tuyền,✅ Toàn bộ
Cần Thơ,phường Lê Bình,phường Cái Răng,✅ Toàn bộ
Cần Thơ,Thường Thạnh,phường Cái Răng,✅ Toàn bộ
Cần Thơ,Ba Láng,phường Cái Răng,✅ Toàn bộ
Cần Thơ,Hưng Thạnh,phường Cái Răng,✅ Toàn bộ
Cần Thơ,phường Tân Phú,phường Hưng Phú,✅ Toàn bộ
Cần Thơ,Phú Thứ,phường Hưng Phú,✅ Toàn bộ
Cần Thơ,Hưng Phú,phường Hưng Phú,✅ Toàn bộ
Cần Thơ,phường Châu Văn Liêm,phường Ô Môn,✅ Toàn bộ
Cần Thơ,Thới Hòa,phường Ô Môn,✅ Toàn bộ
Cần Thơ,Thới An,phường Ô Môn,✅ Toàn bộ
Cần Thơ,xã Thới Thạnh,phường Ô Môn,✅ Toàn bộ
Cần Thơ,phường Trường Lạc,phường Phước Thới,✅ Toàn bộ
Cần Thơ,phường Phước Thới,phường Phước Thới,✅ Toàn bộ
Cần Thơ,phường Long Hưng,phường Thới Long,✅ Toàn bộ
Cần Thơ,Tân Hưng,phường Thới Long,✅ Toàn bộ
Cần Thơ,Thới Long,phường Thới Long,✅ Toàn bộ
Cần Thơ,phường Thạnh Hòa,phường Trung Nhứt,✅ Toàn bộ
Cần Thơ,phường Trung Nhứt,phường Trung Nhứt,✅ Toàn bộ
Cần Thơ,xã Trung An,phường Trung Nhứt,✅ Toàn bộ
Cần Thơ,phường Trung Kiên,phường Thuận Hưng,✅ Toàn bộ
Cần Thơ,phường Thuận Hưng,phường Thuận Hưng,✅ Toàn bộ
Cần Thơ,phường Thốt Nốt,phường Thuận Hưng,⚠️ Một phần (Cần check)
Cần Thơ,phường Thuận An (quận Thốt Nốt),phường Thốt Nốt,✅ Toàn bộ
Cần Thơ,phường Thới Thuận,phường Thốt Nốt,✅ Toàn bộ
Cần Thơ,phần còn lại của phường Thốt Nốt sau khi sắp xếp theo quy định tại khoản 14 Điều này,phường Thốt Nốt,✅ Toàn bộ
Cần Thơ,Phường I,phường Vị Thanh,✅ Toàn bộ
Cần Thơ,Phường III,phường Vị Thanh,✅ Toàn bộ
Cần Thơ,Phường VII,phường Vị Thanh,✅ Toàn bộ
Cần Thơ,Phường IV,phường Vị Tân,✅ Toàn bộ
Cần Thơ,Phường V,phường Vị Tân,✅ Toàn bộ
Cần Thơ,xã Vị Tân,phường Vị Tân,✅ Toàn bộ
Cần Thơ,phường Bình Thạnh,phường Long Bình,✅ Toàn bộ
Cần Thơ,phường Vĩnh Tường,phường Long Bình,✅ Toàn bộ
Cần Thơ,xã Long Bình,phường Long Bình,✅ Toàn bộ
Cần Thơ,phường Thuận An (thị xã Long Mỹ),phường Long Mỹ,✅ Toàn bộ
Cần Thơ,xã Long Trị,phường Long Mỹ,✅ Toàn bộ
Cần Thơ,xã Long Trị A,phường Long Mỹ,✅ Toàn bộ
Cần Thơ,phường Trà Lồng,phường Long Phú 1,✅ Toàn bộ
Cần Thơ,xã Tân Phú,phường Long Phú 1,✅ Toàn bộ
Cần Thơ,xã Long Phú,phường Long Phú 1,✅ Toàn bộ
Cần Thơ,phường Hiệp Lợi,phường Đại Thành,✅ Toàn bộ
Cần Thơ,xã Tân Thành,phường Đại Thành,✅ Toàn bộ
Cần Thơ,xã Đại Thành,phường Đại Thành,✅ Toàn bộ
Cần Thơ,phường Lái Hiếu,phường Ngã Bảy,✅ Toàn bộ
Cần Thơ,Hiệp Thành,phường Ngã Bảy,✅ Toàn bộ
Cần Thơ,Ngã Bảy,phường Ngã Bảy,✅ Toàn bộ
Cần Thơ,Phường 1,phường Phú Lợi,✅ Toàn bộ
Cần Thơ,Phường 2,phường Phú Lợi,✅ Toàn bộ
Cần Thơ,Phường 3 (thành phố Sóc Trăng),phường Phú Lợi,✅ Toàn bộ
Cần Thơ,Phường 4,phường Phú Lợi,✅ Toàn bộ
Cần Thơ,Phường 5,phường Sóc Trăng,✅ Toàn bộ
Cần Thơ,Phường 6,phường Sóc Trăng,✅ Toàn bộ
Cần Thơ,Phường 7,phường Sóc Trăng,✅ Toàn bộ
Cần Thơ,Phường 8,phường Sóc Trăng,✅ Toàn bộ
Cần Thơ,Phường 10,phường Mỹ Xuyên,✅ Toàn bộ
Cần Thơ,thị trấn Mỹ Xuyên,phường Mỹ Xuyên,✅ Toàn bộ
Cần Thơ,xã Đại Tâm,phường Mỹ Xuyên,✅ Toàn bộ
Cần Thơ,phường Vĩnh Phước,phường Vĩnh Phước,✅ Toàn bộ
Cần Thơ,xã Vĩnh Tân,phường Vĩnh Phước,✅ Toàn bộ
Cần Thơ,Phường 1,phường Vĩnh Châu,✅ Toàn bộ
Cần Thơ,Phường 2 (thị xã Vĩnh Châu),phường Vĩnh Châu,✅ Toàn bộ
Cần Thơ,xã Lạc Hòa,phường Vĩnh Châu,✅ Toàn bộ
Cần Thơ,phường Khánh Hòa,phường Khánh Hòa,✅ Toàn bộ
Cần Thơ,xã Vĩnh Hiệp,phường Khánh Hòa,✅ Toàn bộ
Cần Thơ,xã Hòa Đông,phường Khánh Hòa,✅ Toàn bộ
Cần Thơ,Phường 1,phường Ngã Năm,✅ Toàn bộ
Cần Thơ,Phường 2 (thị xã Ngã Năm),phường Ngã Năm,✅ Toàn bộ
Cần Thơ,xã Vĩnh Quới,phường Ngã Năm,✅ Toàn bộ
Cần Thơ,Phường 3 (thị xã Ngã Năm),phường Mỹ Quới,✅ Toàn bộ
Cần Thơ,xã Mỹ Bình,phường Mỹ Quới,✅ Toàn bộ
Cần Thơ,xã Mỹ Quới,phường Mỹ Quới,✅ Toàn bộ
Cần Thơ,thị trấn Phong Điền,xã Phong Điền,✅ Toàn bộ
Cần Thơ,xã Tân Thới,xã Phong Điền,✅ Toàn bộ
Cần Thơ,xã Giai Xuân,xã Phong Điền,✅ Toàn bộ
Cần Thơ,xã Nhơn Nghĩa,xã Nhơn Ái,✅ Toàn bộ
Cần Thơ,xã Nhơn Ái,xã Nhơn Ái,✅ Toàn bộ
Cần Thơ,thị trấn Thới Lai,xã Thới Lai,✅ Toàn bộ
Cần Thơ,xã Thới Tân,xã Thới Lai,✅ Toàn bộ
Cần Thơ,xã Trường Thắng,xã Thới Lai,✅ Toàn bộ
Cần Thơ,xã Đông Bình,xã Đông Thuận,✅ Toàn bộ
Cần Thơ,xã Đông Thuận,xã Đông Thuận,✅ Toàn bộ
Cần Thơ,xã Trường Xuân A,xã Trường Xuân,✅ Toàn bộ
Cần Thơ,Trường Xuân B,xã Trường Xuân,✅ Toàn bộ
Cần Thơ,Trường Xuân,xã Trường Xuân,✅ Toàn bộ
Cần Thơ,xã Tân Thạnh,xã Trường Thành,✅ Toàn bộ
Cần Thơ,Định Môn,xã Trường Thành,✅ Toàn bộ
Cần Thơ,Trường Thành,xã Trường Thành,✅ Toàn bộ
Cần Thơ,thị trấn Cờ Đỏ,xã Cờ Đỏ,✅ Toàn bộ
Cần Thơ,xã Thới Đông,xã Cờ Đỏ,✅ Toàn bộ
Cần Thơ,xã Thới Xuân,xã Cờ Đỏ,✅ Toàn bộ
Cần Thơ,xã Đông Thắng,xã Đông Hiệp,✅ Toàn bộ
Cần Thơ,Xuân Thắng,xã Đông Hiệp,✅ Toàn bộ
Cần Thơ,Đông Hiệp,xã Đông Hiệp,✅ Toàn bộ
Cần Thơ,xã Trung Thạnh,xã Trung Hưng,✅ Toàn bộ
Cần Thơ,xã Trung Hưng,xã Trung Hưng,✅ Toàn bộ
Cần Thơ,thị trấn Vĩnh Thạnh,xã Vĩnh Thạnh,✅ Toàn bộ
Cần Thơ,xã Thạnh Lộc,xã Vĩnh Thạnh,✅ Toàn bộ
Cần Thơ,xã Thạnh Mỹ,xã Vĩnh Thạnh,✅ Toàn bộ
Cần Thơ,xã Vĩnh Bình,xã Vĩnh Trinh,✅ Toàn bộ
Cần Thơ,xã Vĩnh Trinh,xã Vĩnh Trinh,✅ Toàn bộ
Cần Thơ,thị trấn Thạnh An,xã Thạnh An,✅ Toàn bộ
Cần Thơ,xã Thạnh Lợi,xã Thạnh An,✅ Toàn bộ
Cần Thơ,xã Thạnh Thắng,xã Thạnh An,✅ Toàn bộ
Cần Thơ,xã Thạnh Tiến,xã Thạnh Quới,✅ Toàn bộ
Cần Thơ,Thạnh An,xã Thạnh Quới,✅ Toàn bộ
Cần Thơ,Thạnh Quới,xã Thạnh Quới,✅ Toàn bộ
Cần Thơ,xã Tân Tiến,xã Hỏa Lựu,✅ Toàn bộ
Cần Thơ,Hỏa Tiến,xã Hỏa Lựu,✅ Toàn bộ
Cần Thơ,Hỏa Lựu,xã Hỏa Lựu,✅ Toàn bộ
Cần Thơ,thị trấn Nàng Mau,xã Vị Thủy,✅ Toàn bộ
Cần Thơ,xã Vị Thắng,xã Vị Thủy,✅ Toàn bộ
Cần Thơ,xã Vị Trung,xã Vị Thủy,✅ Toàn bộ
Cần Thơ,xã Vĩnh Thuận Tây,xã Vĩnh Thuận Đông,✅ Toàn bộ
Cần Thơ,Vị Thủy,xã Vĩnh Thuận Đông,✅ Toàn bộ
Cần Thơ,Vĩnh Thuận Đông,xã Vĩnh Thuận Đông,✅ Toàn bộ
Cần Thơ,xã Vị Đông,xã Vị Thanh 1,✅ Toàn bộ
Cần Thơ,Vị Bình,xã Vị Thanh 1,✅ Toàn bộ
Cần Thơ,Vị Thanh,xã Vị Thanh 1,✅ Toàn bộ
Cần Thơ,xã Vĩnh Trung,xã Vĩnh Tường,✅ Toàn bộ
Cần Thơ,xã Vĩnh Tường,xã Vĩnh Tường,✅ Toàn bộ
Cần Thơ,thị trấn Vĩnh Viễn,xã Vĩnh Viễn,✅ Toàn bộ
Cần Thơ,xã Vĩnh Viễn A,xã Vĩnh Viễn,✅ Toàn bộ
Cần Thơ,xã Thuận Hòa (huyện Long Mỹ),xã Xà Phiên,✅ Toàn bộ
Cần Thơ,Thuận Hưng,xã Xà Phiên,✅ Toàn bộ
Cần Thơ,Xà Phiên,xã Xà Phiên,✅ Toàn bộ
Cần Thơ,xã Lương Nghĩa,xã Lương Tâm,✅ Toàn bộ
Cần Thơ,xã Lương Tâm,xã Lương Tâm,✅ Toàn bộ
Cần Thơ,thị trấn Rạch Gòi,xã Thạnh Xuân,✅ Toàn bộ
Cần Thơ,xã Tân Phú Thạnh,xã Thạnh Xuân,✅ Toàn bộ
Cần Thơ,xã Thạnh Xuân,xã Thạnh Xuân,✅ Toàn bộ
Cần Thơ,thị trấn Một Ngàn,xã Tân Hòa,✅ Toàn bộ
Cần Thơ,thị trấn Bảy Ngàn,xã Tân Hòa,✅ Toàn bộ
Cần Thơ,xã Nhơn Nghĩa A,xã Tân Hòa,✅ Toàn bộ
Cần Thơ,xã Tân Hòa,xã Tân Hòa,✅ Toàn bộ
Cần Thơ,xã Trường Long A,xã Trường Long Tây,✅ Toàn bộ
Cần Thơ,xã Trường Long Tây,xã Trường Long Tây,✅ Toàn bộ
Cần Thơ,thị trấn Mái Dầm,xã Châu Thành,✅ Toàn bộ
Cần Thơ,thị trấn Ngã Sáu,xã Châu Thành,✅ Toàn bộ
Cần Thơ,xã Đông Phú,xã Châu Thành,✅ Toàn bộ
Cần Thơ,thị trấn Cái Tắc,xã Đông Phước,✅ Toàn bộ
Cần Thơ,xã Đông Thạnh,xã Đông Phước,✅ Toàn bộ
Cần Thơ,xã Đông Phước A,xã Đông Phước,✅ Toàn bộ
Cần Thơ,xã Phú Tân,xã Phú Hữu,✅ Toàn bộ
Cần Thơ,Đông Phước,xã Phú Hữu,✅ Toàn bộ
Cần Thơ,Phú Hữu,xã Phú Hữu,✅ Toàn bộ
Cần Thơ,xã Bình Thành,xã Tân Bình,✅ Toàn bộ
Cần Thơ,xã Tân Bình,xã Tân Bình,✅ Toàn bộ
Cần Thơ,thị trấn Kinh Cùng,xã Hòa An,✅ Toàn bộ
Cần Thơ,xã Hòa An,xã Hòa An,✅ Toàn bộ
Cần Thơ,xã Phương Phú,xã Phương Bình,✅ Toàn bộ
Cần Thơ,xã Phương Bình,xã Phương Bình,✅ Toàn bộ
Cần Thơ,thị trấn Búng Tàu,xã Tân Phước Hưng,✅ Toàn bộ
Cần Thơ,xã Tân Phước Hưng,xã Tân Phước Hưng,✅ Toàn bộ
Cần Thơ,thị trấn Cây Dương,xã Hiệp Hưng,✅ Toàn bộ
Cần Thơ,xã Hiệp Hưng,xã Hiệp Hưng,✅ Toàn bộ
Cần Thơ,xã Hòa Mỹ,xã Phụng Hiệp,✅ Toàn bộ
Cần Thơ,xã Phụng Hiệp,xã Phụng Hiệp,✅ Toàn bộ
Cần Thơ,xã Long Thạnh,xã Thạnh Hòa,✅ Toàn bộ
Cần Thơ,Tân Long,xã Thạnh Hòa,✅ Toàn bộ
Cần Thơ,Thạnh Hòa,xã Thạnh Hòa,✅ Toàn bộ
Cần Thơ,xã Hòa Tú 1,xã Hòa Tú,✅ Toàn bộ
Cần Thơ,xã Hòa Tú 2,xã Hòa Tú,✅ Toàn bộ
Cần Thơ,xã Thạnh Quới,xã Gia Hòa,✅ Toàn bộ
Cần Thơ,xã Gia Hòa 2,xã Gia Hòa,✅ Toàn bộ
Cần Thơ,xã Thạnh Phú,xã Nhu Gia,✅ Toàn bộ
Cần Thơ,xã Gia Hòa 1,xã Nhu Gia,✅ Toàn bộ
Cần Thơ,xã Tham Đôn,xã Ngọc Tố,✅ Toàn bộ
Cần Thơ,Ngọc Đông,xã Ngọc Tố,✅ Toàn bộ
Cần Thơ,Ngọc Tố,xã Ngọc Tố,✅ Toàn bộ
Cần Thơ,xã Hậu Thạnh,xã Trường Khánh,✅ Toàn bộ
Cần Thơ,Phú Hữu,xã Trường Khánh,✅ Toàn bộ
Cần Thơ,Trường Khánh,xã Trường Khánh,✅ Toàn bộ
Cần Thơ,thị trấn Đại Ngãi,xã Đại Ngãi,✅ Toàn bộ
Cần Thơ,xã Long Đức,xã Đại Ngãi,✅ Toàn bộ
Cần Thơ,xã Tân Hưng,xã Tân Thạnh,✅ Toàn bộ
Cần Thơ,Châu Khánh,xã Tân Thạnh,✅ Toàn bộ
Cần Thơ,Tân Thạnh,xã Tân Thạnh,✅ Toàn bộ
Cần Thơ,thị trấn Long Phú,xã Long Phú,✅ Toàn bộ
Cần Thơ,xã Long Phú,xã Long Phú,✅ Toàn bộ
Cần Thơ,xã An Mỹ,xã Nhơn Mỹ,✅ Toàn bộ
Cần Thơ,Song Phụng,xã Nhơn Mỹ,✅ Toàn bộ
Cần Thơ,Nhơn Mỹ,xã Nhơn Mỹ,✅ Toàn bộ
Cần Thơ,thị trấn An Lạc Thôn,xã An Lạc Thôn,✅ Toàn bộ
Cần Thơ,xã Xuân Hòa,xã An Lạc Thôn,✅ Toàn bộ
Cần Thơ,xã Trinh Phú,xã An Lạc Thôn,✅ Toàn bộ
Cần Thơ,thị trấn Kế Sách,xã Kế Sách,✅ Toàn bộ
Cần Thơ,xã Kế An,xã Kế Sách,✅ Toàn bộ
Cần Thơ,xã Kế Thành,xã Kế Sách,✅ Toàn bộ
Cần Thơ,xã An Lạc Tây,xã Thới An Hội,✅ Toàn bộ
Cần Thơ,xã Thới An Hội,xã Thới An Hội,✅ Toàn bộ
Cần Thơ,xã Ba Trinh,xã Đại Hải,✅ Toàn bộ
Cần Thơ,xã Đại Hải,xã Đại Hải,✅ Toàn bộ
Cần Thơ,thị trấn Châu Thành,xã Phú Tâm,✅ Toàn bộ
Cần Thơ,xã Phú Tâm,xã Phú Tâm,✅ Toàn bộ
Cần Thơ,xã An Hiệp,xã An Ninh,✅ Toàn bộ
Cần Thơ,xã An Ninh,xã An Ninh,✅ Toàn bộ
Cần Thơ,xã Thuận Hòa (huyện Châu Thành),xã Thuận Hòa,✅ Toàn bộ
Cần Thơ,xã Phú Tân,xã Thuận Hòa,✅ Toàn bộ
Cần Thơ,xã Thiện Mỹ,xã Hồ Đắc Kiện,✅ Toàn bộ
Cần Thơ,xã Hồ Đắc Kiện,xã Hồ Đắc Kiện,✅ Toàn bộ
Cần Thơ,thị trấn Huỳnh Hữu Nghĩa,xã Mỹ Tú,✅ Toàn bộ
Cần Thơ,xã Mỹ Thuận,xã Mỹ Tú,✅ Toàn bộ
Cần Thơ,xã Mỹ Tú,xã Mỹ Tú,✅ Toàn bộ
Cần Thơ,xã Hưng Phú,xã Long Hưng,✅ Toàn bộ
Cần Thơ,xã Long Hưng,xã Long Hưng,✅ Toàn bộ
Cần Thơ,xã Thuận Hưng,xã Mỹ Hương,✅ Toàn bộ
Cần Thơ,Phú Mỹ,xã Mỹ Hương,✅ Toàn bộ
Cần Thơ,Mỹ Hương,xã Mỹ Hương,✅ Toàn bộ
Cần Thơ,xã Thạnh Tân,xã Tân Long,✅ Toàn bộ
Cần Thơ,Long Bình,xã Tân Long,✅ Toàn bộ
Cần Thơ,Tân Long,xã Tân Long,✅ Toàn bộ
Cần Thơ,thị trấn Hưng Lợi,xã Phú Lộc,✅ Toàn bộ
Cần Thơ,thị trấn Phú Lộc,xã Phú Lộc,✅ Toàn bộ
Cần Thơ,xã Thạnh Trị,xã Phú Lộc,✅ Toàn bộ
Cần Thơ,xã Châu Hưng,xã Vĩnh Lợi,✅ Toàn bộ
Cần Thơ,Vĩnh Thành,xã Vĩnh Lợi,✅ Toàn bộ
Cần Thơ,Vĩnh Lợi,xã Vĩnh Lợi,✅ Toàn bộ
Cần Thơ,xã Tuân Tức,xã Lâm Tân,✅ Toàn bộ
Cần Thơ,Lâm Kiết,xã Lâm Tân,✅ Toàn bộ
Cần Thơ,Lâm Tân,xã Lâm Tân,✅ Toàn bộ
Cần Thơ,xã Thạnh Thới Thuận,xã Thạnh Thới An,✅ Toàn bộ
Cần Thơ,xã Thạnh Thới An,xã Thạnh Thới An,✅ Toàn bộ
Cần Thơ,xã Viên An,xã Tài Văn,✅ Toàn bộ
Cần Thơ,xã Tài Văn,xã Tài Văn,✅ Toàn bộ
Cần Thơ,xã Viên Bình,xã Liêu Tú,✅ Toàn bộ
Cần Thơ,xã Liêu Tú,xã Liêu Tú,✅ Toàn bộ
Cần Thơ,thị trấn Lịch Hội Thượng,xã Lịch Hội Thượng,✅ Toàn bộ
Cần Thơ,xã Lịch Hội Thượng,xã Lịch Hội Thượng,✅ Toàn bộ
Cần Thơ,thị trấn Trần Đề,xã Trần Đề,✅ Toàn bộ
Cần Thơ,xã Đại Ân 2,xã Trần Đề,✅ Toàn bộ
Cần Thơ,xã Trung Bình,xã Trần Đề,✅ Toàn bộ
Cần Thơ,thị trấn Cù Lao Dung,xã An Thạnh,✅ Toàn bộ
Cần Thơ,xã An Thạnh 1,xã An Thạnh,✅ Toàn bộ
Cần Thơ,An Thạnh Tây,xã An Thạnh,✅ Toàn bộ
Cần Thơ,An Thạnh Đông,xã An Thạnh,✅ Toàn bộ
Cần Thơ,xã An Thạnh 2,xã Cù Lao Dung,✅ Toàn bộ
Cần Thơ,Đại Ân 1,xã Cù Lao Dung,✅ Toàn bộ
Cần Thơ,An Thạnh 3,xã Cù Lao Dung,✅ Toàn bộ
Cần Thơ,An Thạnh Nam,xã Cù Lao Dung,✅ Toàn bộ
Khánh Hòa,xã Cam Lập,xã Nam Cam Ranh,✅ Toàn bộ
Khánh Hòa,Cam Bình,xã Nam Cam Ranh,✅ Toàn bộ
Khánh Hòa,Cam Thịnh Đông,xã Nam Cam Ranh,✅ Toàn bộ
Khánh Hòa,Cam Thịnh Tây,xã Nam Cam Ranh,✅ Toàn bộ
Khánh Hòa,xã Ninh An,xã Bắc Ninh Hòa,✅ Toàn bộ
Khánh Hòa,Ninh Sơn,xã Bắc Ninh Hòa,✅ Toàn bộ
Khánh Hòa,Ninh Thọ,xã Bắc Ninh Hòa,✅ Toàn bộ
Khánh Hòa,xã Ninh Xuân,xã Tân Định,✅ Toàn bộ
Khánh Hòa,Ninh Quang,xã Tân Định,✅ Toàn bộ
Khánh Hòa,Ninh Bình,xã Tân Định,✅ Toàn bộ
Khánh Hòa,xã Ninh Lộc,xã Nam Ninh Hòa,✅ Toàn bộ
Khánh Hòa,Ninh Ích,xã Nam Ninh Hòa,✅ Toàn bộ
Khánh Hòa,Ninh Hưng,xã Nam Ninh Hòa,✅ Toàn bộ
Khánh Hòa,Ninh Tân,xã Nam Ninh Hòa,✅ Toàn bộ
Khánh Hòa,xã Ninh Tây,xã Tây Ninh Hòa,✅ Toàn bộ
Khánh Hòa,xã Ninh Sim,xã Tây Ninh Hòa,✅ Toàn bộ
Khánh Hòa,xã Ninh Thượng,xã Hòa Trí,✅ Toàn bộ
Khánh Hòa,Ninh Trung,xã Hòa Trí,✅ Toàn bộ
Khánh Hòa,Ninh Thân,xã Hòa Trí,✅ Toàn bộ
Khánh Hòa,xã Vạn Khánh,xã Tu Bông,✅ Toàn bộ
Khánh Hòa,Vạn Long,xã Tu Bông,✅ Toàn bộ
Khánh Hòa,Vạn Phước,xã Tu Bông,✅ Toàn bộ
Khánh Hòa,xã Vạn Bình,xã Vạn Thắng,✅ Toàn bộ
Khánh Hòa,xã Vạn Thắng,xã Vạn Thắng,✅ Toàn bộ
Khánh Hòa,thị trấn Vạn Giã,xã Vạn Ninh,✅ Toàn bộ
Khánh Hòa,xã Vạn Phú,xã Vạn Ninh,✅ Toàn bộ
Khánh Hòa,xã Vạn Lương,xã Vạn Ninh,✅ Toàn bộ
Khánh Hòa,xã Xuân Sơn,xã Vạn Hưng,✅ Toàn bộ
Khánh Hòa,xã Vạn Hưng,xã Vạn Hưng,✅ Toàn bộ
Khánh Hòa,thị trấn Diên Khánh,xã Diên Khánh,✅ Toàn bộ
Khánh Hòa,xã Diên An,xã Diên Khánh,✅ Toàn bộ
Khánh Hòa,xã Diên Toàn,xã Diên Khánh,✅ Toàn bộ
Khánh Hòa,xã Diên Thạnh,xã Diên Lạc,✅ Toàn bộ
Khánh Hòa,Diên Lạc,xã Diên Lạc,✅ Toàn bộ
Khánh Hòa,Diên Hòa,xã Diên Lạc,✅ Toàn bộ
Khánh Hòa,xã Xuân Đồng,xã Diên Lâm,✅ Toàn bộ
Khánh Hòa,xã Diên Lâm,xã Diên Lâm,✅ Toàn bộ
Khánh Hòa,xã Diên Tân,xã Diên Thọ,✅ Toàn bộ
Khánh Hòa,Diên Phước,xã Diên Thọ,✅ Toàn bộ
Khánh Hòa,Diên Thọ,xã Diên Thọ,✅ Toàn bộ
Khánh Hòa,xã Suối Tiên,xã Suối Hiệp,✅ Toàn bộ
Khánh Hòa,Bình Lộc,xã Suối Hiệp,✅ Toàn bộ
Khánh Hòa,Suối Hiệp,xã Suối Hiệp,✅ Toàn bộ
Khánh Hòa,xã Cam Hiệp Bắc,xã Cam Lâm,✅ Toàn bộ
Khánh Hòa,Cam Hiệp Nam,xã Cam Lâm,✅ Toàn bộ
Khánh Hòa,Cam Hòa,xã Cam Lâm,✅ Toàn bộ
Khánh Hòa,Cam Tân,xã Cam Lâm,✅ Toàn bộ
Khánh Hòa,Cam An Bắc,xã Cam Lâm,✅ Toàn bộ
Khánh Hòa,Cam An Nam,xã Cam Lâm,✅ Toàn bộ
Khánh Hòa,Suối Tân,xã Cam Lâm,✅ Toàn bộ
Khánh Hòa,xã Suối Cát,xã Suối Dầu,✅ Toàn bộ
Khánh Hòa,xã Cam Hòa,xã Suối Dầu,⚠️ Một phần (Cần check)
Khánh Hòa,Cam Tân,xã Suối Dầu,⚠️ Một phần (Cần check)
Khánh Hòa,Suối Tân,xã Suối Dầu,⚠️ Một phần (Cần check)
Khánh Hòa,xã Sơn Tân,xã Cam Hiệp,✅ Toàn bộ
Khánh Hòa,phần còn lại của xã Cam Hiệp Bắc,xã Cam Hiệp,✅ Toàn bộ
Khánh Hòa,xã Cam Hiệp Nam sau khi sắp xếp theo quy định tại khoản 18 Điều này,xã Cam Hiệp,✅ Toàn bộ
Khánh Hòa,phần còn lại của,xã Cam Hiệp,✅ Toàn bộ
Khánh Hòa,xã Cam Hòa,xã Cam Hiệp,✅ Toàn bộ
Khánh Hòa,Cam Tân,xã Cam Hiệp,✅ Toàn bộ
Khánh Hòa,Suối Tân sau khi sắp xếp theo quy định tại khoản 18,xã Cam Hiệp,✅ Toàn bộ
Khánh Hòa,khoản 19 Điều này,xã Cam Hiệp,✅ Toàn bộ
Khánh Hòa,xã Cam Phước Tây vàphần còn lại của xãCam An Bắc,xã Cam An,✅ Toàn bộ
Khánh Hòa,xã Cam An Nam sau khi thực hiện sắp xếp theo quy định tại khoản 18 Điều này,xã Cam An,✅ Toàn bộ
Khánh Hòa,xã Khánh Bình,xã Bắc Khánh Vĩnh,✅ Toàn bộ
Khánh Hòa,xã Khánh Đông,xã Bắc Khánh Vĩnh,✅ Toàn bộ
Khánh Hòa,xã Khánh Trung,xã Trung Khánh Vĩnh,✅ Toàn bộ
Khánh Hòa,xã Khánh Hiệp,xã Trung Khánh Vĩnh,✅ Toàn bộ
Khánh Hòa,xã Giang Ly,xã Tây Khánh Vĩnh,✅ Toàn bộ
Khánh Hòa,Khánh Thượng,xã Tây Khánh Vĩnh,✅ Toàn bộ
Khánh Hòa,Khánh Nam,xã Tây Khánh Vĩnh,✅ Toàn bộ
Khánh Hòa,xã Cầu Bà,xã Nam Khánh Vĩnh,✅ Toàn bộ
Khánh Hòa,Khánh Thành,xã Nam Khánh Vĩnh,✅ Toàn bộ
Khánh Hòa,Liên Sang,xã Nam Khánh Vĩnh,✅ Toàn bộ
Khánh Hòa,Sơn Thái,xã Nam Khánh Vĩnh,✅ Toàn bộ
Khánh Hòa,thị trấn Khánh Vĩnh,xã Khánh Vĩnh,✅ Toàn bộ
Khánh Hòa,xã Sông Cầu,xã Khánh Vĩnh,✅ Toàn bộ
Khánh Hòa,xã Khánh Phú,xã Khánh Vĩnh,✅ Toàn bộ
Khánh Hòa,thị trấn Tô Hạp,xã Khánh Sơn,✅ Toàn bộ
Khánh Hòa,xã Sơn Hiệp,xã Khánh Sơn,✅ Toàn bộ
Khánh Hòa,xã Sơn Bình,xã Khánh Sơn,✅ Toàn bộ
Khánh Hòa,xã Sơn Lâm,xã Tây Khánh Sơn,✅ Toàn bộ
Khánh Hòa,xã Thành Sơn,xã Tây Khánh Sơn,✅ Toàn bộ
Khánh Hòa,xã Sơn Trung,xã Đông Khánh Sơn,✅ Toàn bộ
Khánh Hòa,Ba Cụm Bắc,xã Đông Khánh Sơn,✅ Toàn bộ
Khánh Hòa,Ba Cụm Nam,xã Đông Khánh Sơn,✅ Toàn bộ
Khánh Hòa,thị trấn Phước Dân,xã Ninh Phước,✅ Toàn bộ
Khánh Hòa,xã Phước Thuận,xã Ninh Phước,✅ Toàn bộ
Khánh Hòa,xã Phước Hải,xã Ninh Phước,✅ Toàn bộ
Khánh Hòa,xã Phước Thái,xã Phước Hữu,✅ Toàn bộ
Khánh Hòa,xã Phước Hữu,xã Phước Hữu,✅ Toàn bộ
Khánh Hòa,xã Phước Vinh,xã Phước Hậu,✅ Toàn bộ
Khánh Hòa,Phước Sơn,xã Phước Hậu,✅ Toàn bộ
Khánh Hòa,Phước Hậu,xã Phước Hậu,✅ Toàn bộ
Khánh Hòa,xã Phước Nam,xã Thuận Nam,✅ Toàn bộ
Khánh Hòa,Phước Ninh,xã Thuận Nam,✅ Toàn bộ
Khánh Hòa,Phước Minh,xã Thuận Nam,✅ Toàn bộ
Khánh Hòa,xã Phước Diêm,xã Cà Ná,✅ Toàn bộ
Khánh Hòa,xã Cà Ná,xã Cà Ná,✅ Toàn bộ
Khánh Hòa,xã An Hải,xã Phước Dinh,✅ Toàn bộ
Khánh Hòa,xã Phước Dinh,xã Phước Dinh,✅ Toàn bộ
Khánh Hòa,phường Đông Hải,xã Phước Dinh,⚠️ Một phần (Cần check)
Khánh Hòa,xã Phương Hải,xã Ninh Hải,✅ Toàn bộ
Khánh Hòa,Tri Hải,xã Ninh Hải,✅ Toàn bộ
Khánh Hòa,Bắc Sơn,xã Ninh Hải,✅ Toàn bộ
Khánh Hòa,xãHộ Hải,xã Xuân Hải,✅ Toàn bộ
Khánh Hòa,Tân Hải,xã Xuân Hải,✅ Toàn bộ
Khánh Hòa,Xuân Hải,xã Xuân Hải,✅ Toàn bộ
Khánh Hòa,xã Bắc Phong,xã Thuận Bắc,✅ Toàn bộ
Khánh Hòa,Phước Kháng,xã Thuận Bắc,✅ Toàn bộ
Khánh Hòa,Lợi Hải,xã Thuận Bắc,✅ Toàn bộ
Khánh Hòa,xã Phước Chiến,xã Công Hải,✅ Toàn bộ
Khánh Hòa,xã Công Hải,xã Công Hải,✅ Toàn bộ
Khánh Hòa,thị trấn Tân Sơn,xã Ninh Sơn,✅ Toàn bộ
Khánh Hòa,xã Quảng Sơn,xã Ninh Sơn,✅ Toàn bộ
Khánh Hòa,xã Lương Sơn,xã Lâm Sơn,✅ Toàn bộ
Khánh Hòa,xã Lâm Sơn,xã Lâm Sơn,✅ Toàn bộ
Khánh Hòa,xã Ma Nới,xã Anh Dũng,✅ Toàn bộ
Khánh Hòa,xã Hòa Sơn,xã Anh Dũng,✅ Toàn bộ
Khánh Hòa,xã Phước Trung,xã Mỹ Sơn,✅ Toàn bộ
Khánh Hòa,xã Mỹ Sơn,xã Mỹ Sơn,✅ Toàn bộ
Khánh Hòa,xã Phước Đại,xã Bác Ái Đông,✅ Toàn bộ
Khánh Hòa,xã Phước Thành,xã Bác Ái Đông,✅ Toàn bộ
Khánh Hòa,xã Phước Tiến,xã Bác Ái,✅ Toàn bộ
Khánh Hòa,Phước Thắng,xã Bác Ái,✅ Toàn bộ
Khánh Hòa,Phước Chính,xã Bác Ái,✅ Toàn bộ
Khánh Hòa,xã Phước Hòa,xã Bác Ái Tây,✅ Toàn bộ
Khánh Hòa,Phước Tân,xã Bác Ái Tây,✅ Toàn bộ
Khánh Hòa,Phước Bình,xã Bác Ái Tây,✅ Toàn bộ
Khánh Hòa,phường Vạn Thạnh,phường Nha Trang,✅ Toàn bộ
Khánh Hòa,Lộc Thọ,phường Nha Trang,✅ Toàn bộ
Khánh Hòa,Vĩnh Nguyên,phường Nha Trang,✅ Toàn bộ
Khánh Hòa,Tân Tiến,phường Nha Trang,✅ Toàn bộ
Khánh Hòa,Phước Hòa,phường Nha Trang,✅ Toàn bộ
Khánh Hòa,phường Vĩnh Hòa,phường Bắc Nha Trang,✅ Toàn bộ
Khánh Hòa,Vĩnh Hải,phường Bắc Nha Trang,✅ Toàn bộ
Khánh Hòa,Vĩnh Phước,phường Bắc Nha Trang,✅ Toàn bộ
Khánh Hòa,Vĩnh Thọ,phường Bắc Nha Trang,✅ Toàn bộ
Khánh Hòa,xãVĩnh Lương,phường Bắc Nha Trang,✅ Toàn bộ
Khánh Hòa,xã Vĩnh Phương,phường Bắc Nha Trang,✅ Toàn bộ
Khánh Hòa,phường Ngọc Hiệp,phường Tây Nha Trang,✅ Toàn bộ
Khánh Hòa,phường Phương Sài,phường Tây Nha Trang,✅ Toàn bộ
Khánh Hòa,xã Vĩnh Ngọc,phường Tây Nha Trang,✅ Toàn bộ
Khánh Hòa,Vĩnh Thạnh,phường Tây Nha Trang,✅ Toàn bộ
Khánh Hòa,Vĩnh Hiệp,phường Tây Nha Trang,✅ Toàn bộ
Khánh Hòa,Vĩnh Trung,phường Tây Nha Trang,✅ Toàn bộ
Khánh Hòa,phường Phước Hải,phường Nam Nha Trang,✅ Toàn bộ
Khánh Hòa,Phước Long,phường Nam Nha Trang,✅ Toàn bộ
Khánh Hòa,Vĩnh Trường,phường Nam Nha Trang,✅ Toàn bộ
Khánh Hòa,xã Vĩnh Thái,phường Nam Nha Trang,✅ Toàn bộ
Khánh Hòa,xã Phước Đồng,phường Nam Nha Trang,✅ Toàn bộ
Khánh Hòa,phường Cam Nghĩa,phường Bắc Cam Ranh,✅ Toàn bộ
Khánh Hòa,phườngCam Phúc Bắc,phường Bắc Cam Ranh,✅ Toàn bộ
Khánh Hòa,xã Cam Thành Nam,phường Bắc Cam Ranh,✅ Toàn bộ
Khánh Hòa,phường Cam Phú,phường Cam Ranh,✅ Toàn bộ
Khánh Hòa,Cam Lộc,phường Cam Ranh,✅ Toàn bộ
Khánh Hòa,Cam Phúc Nam,phường Cam Ranh,✅ Toàn bộ
Khánh Hòa,phường Cam Thuận,phường Cam Linh,✅ Toàn bộ
Khánh Hòa,Cam Lợi,phường Cam Linh,✅ Toàn bộ
Khánh Hòa,Cam Linh,phường Cam Linh,✅ Toàn bộ
Khánh Hòa,phường Ba Ngòi,phường Ba Ngòi,✅ Toàn bộ
Khánh Hòa,xã Cam Phước Đông,phường Ba Ngòi,✅ Toàn bộ
Khánh Hòa,phường Ninh Hiệp,phường Ninh Hòa,✅ Toàn bộ
Khánh Hòa,phườngNinh Đa,phường Ninh Hòa,✅ Toàn bộ
Khánh Hòa,xã Ninh Đông,phường Ninh Hòa,✅ Toàn bộ
Khánh Hòa,xã Ninh Phụng,phường Ninh Hòa,✅ Toàn bộ
Khánh Hòa,phường Ninh Diêm,phường Đông Ninh Hòa,✅ Toàn bộ
Khánh Hòa,Ninh Hải,phường Đông Ninh Hòa,✅ Toàn bộ
Khánh Hòa,Ninh Thủy,phường Đông Ninh Hòa,✅ Toàn bộ
Khánh Hòa,xã Ninh Phước,phường Đông Ninh Hòa,✅ Toàn bộ
Khánh Hòa,phường Ninh Giang,phường Hòa Thắng,✅ Toàn bộ
Khánh Hòa,phườngNinh Hà,phường Hòa Thắng,✅ Toàn bộ
Khánh Hòa,xã Ninh Phú,phường Hòa Thắng,✅ Toàn bộ
Khánh Hòa,phường Kinh Dinh,phường Phan Rang,✅ Toàn bộ
Khánh Hòa,Phủ Hà,phường Phan Rang,✅ Toàn bộ
Khánh Hòa,Đài Sơn,phường Phan Rang,✅ Toàn bộ
Khánh Hòa,Đạo Long,phường Phan Rang,✅ Toàn bộ
Khánh Hòa,phường Văn Hải,phường Ninh Chử,✅ Toàn bộ
Khánh Hòa,thị trấn Khánh Hải,phường Ninh Chử,✅ Toàn bộ
Khánh Hòa,phường Phước Mỹ,phường Bảo An,✅ Toàn bộ
Khánh Hòa,phườngBảo An,phường Bảo An,✅ Toàn bộ
Khánh Hòa,xã Thành Hải,phường Bảo An,✅ Toàn bộ
Khánh Hòa,phường Đô Vinh,phường Đô Vinh,✅ Toàn bộ
Khánh Hòa,xã Nhơn Sơn,phường Đô Vinh,✅ Toàn bộ
Tây Ninh,xã Hưng Hà,xã Hưng Điền,✅ Toàn bộ
Tây Ninh,Hưng Điền B,xã Hưng Điền,✅ Toàn bộ
Tây Ninh,Hưng Điền,xã Hưng Điền,✅ Toàn bộ
Tây Ninh,xã Thạnh Hưng (huyện Tân Hưng),xã Vĩnh Thạnh,✅ Toàn bộ
Tây Ninh,Vĩnh Châu B và Hưng Thạnh,xã Vĩnh Thạnh,✅ Toàn bộ
Tây Ninh,thị trấn Tân Hưng,xã Tân Hưng,✅ Toàn bộ
Tây Ninh,xã Vĩnh Thạnh,xã Tân Hưng,✅ Toàn bộ
Tây Ninh,xã Vĩnh Lợi,xã Tân Hưng,✅ Toàn bộ
Tây Ninh,xã Vĩnh Đại,xã Vĩnh Châu,✅ Toàn bộ
Tây Ninh,Vĩnh Bửu,xã Vĩnh Châu,✅ Toàn bộ
Tây Ninh,Vĩnh Châu A,xã Vĩnh Châu,✅ Toàn bộ
Tây Ninh,xã Tuyên Bình,xã Tuyên Bình,✅ Toàn bộ
Tây Ninh,xã Tuyên Bình Tây,xã Tuyên Bình,✅ Toàn bộ
Tây Ninh,xã Vĩnh Bình,xã Tuyên Bình,⚠️ Một phần (Cần check)
Tây Ninh,Vĩnh Thuận,xã Tuyên Bình,⚠️ Một phần (Cần check)
Tây Ninh,Thái Bình Trung,xã Tuyên Bình,⚠️ Một phần (Cần check)
Tây Ninh,thị trấn Vĩnh Hưng,xã Vĩnh Hưng,✅ Toàn bộ
Tây Ninh,xã Vĩnh Thuận,xã Vĩnh Hưng,⚠️ Một phần (Cần check)
Tây Ninh,Vĩnh Bình sau khi sắp xếp theo quy định tại khoản 5 Điều này,xã Vĩnh Hưng,⚠️ Một phần (Cần check)
Tây Ninh,xã Hưng Điền A,xã Khánh Hưng,✅ Toàn bộ
Tây Ninh,phần còn lại của xã Thái Bình Trung sau khi sắp xếp theo quy định tại khoản 5 và khoản 6 Điều này,xã Khánh Hưng,✅ Toàn bộ
Tây Ninh,phần còn lại của,xã Khánh Hưng,✅ Toàn bộ
Tây Ninh,xã Vĩnh Trị,xã Khánh Hưng,✅ Toàn bộ
Tây Ninh,Thái Trị,xã Khánh Hưng,✅ Toàn bộ
Tây Ninh,Khánh Hưng sau khi sắp xếp theo quy định tại khoản 6 Điều này,xã Khánh Hưng,✅ Toàn bộ
Tây Ninh,xã Thạnh Hưng (thị xã Kiến Tường),xã Tuyên Thạnh,✅ Toàn bộ
Tây Ninh,xã Tuyên Thạnh,xã Tuyên Thạnh,✅ Toàn bộ
Tây Ninh,xã Bắc Hòa,xã Tuyên Thạnh,⚠️ Một phần (Cần check)
Tây Ninh,xã Thạnh Trị,xã Bình Hiệp,✅ Toàn bộ
Tây Ninh,Bình Tân,xã Bình Hiệp,✅ Toàn bộ
Tây Ninh,Bình Hòa Tây,xã Bình Hiệp,✅ Toàn bộ
Tây Ninh,Bình Hiệp,xã Bình Hiệp,✅ Toàn bộ
Tây Ninh,xã Bình Thạnh (huyện Mộc Hóa),xã Bình Hòa,✅ Toàn bộ
Tây Ninh,Bình Hòa Đông và Bình Hòa Trung,xã Bình Hòa,✅ Toàn bộ
Tây Ninh,xã Tân Thành,xã Mộc Hóa,✅ Toàn bộ
Tây Ninh,xã Tân Lập (huyện Mộc Hóa),xã Mộc Hóa,✅ Toàn bộ
Tây Ninh,thị trấn Bình Phong Thạnh,xã Mộc Hóa,✅ Toàn bộ
Tây Ninh,xã Hậu Thạnh Đông,xã Hậu Thạnh,✅ Toàn bộ
Tây Ninh,xã Hậu Thạnh Tây,xã Hậu Thạnh,✅ Toàn bộ
Tây Ninh,phần còn lại của xã Bắc Hòa sau khi sắp xếp theo quy định tại khoản 8 Điều này,xã Hậu Thạnh,✅ Toàn bộ
Tây Ninh,xã Tân Lập (huyện Tân Thạnh),xã Nhơn Hòa Lập,✅ Toàn bộ
Tây Ninh,Nhơn Hòa,xã Nhơn Hòa Lập,✅ Toàn bộ
Tây Ninh,Nhơn Hòa Lập,xã Nhơn Hòa Lập,✅ Toàn bộ
Tây Ninh,xã Tân Thành (huyện Tân Thạnh),xã Nhơn Ninh,✅ Toàn bộ
Tây Ninh,Tân Ninh,xã Nhơn Ninh,✅ Toàn bộ
Tây Ninh,Nhơn Ninh,xã Nhơn Ninh,✅ Toàn bộ
Tây Ninh,xã Tân Bình và xã Tân Hòa (huyện Tân Thạnh),xã Tân Thạnh,✅ Toàn bộ
Tây Ninh,xã Kiến Bình,xã Tân Thạnh,✅ Toàn bộ
Tây Ninh,thị trấn Tân Thạnh,xã Tân Thạnh,✅ Toàn bộ
Tây Ninh,xã Tân Hiệp (huyện Thạnh Hóa),xã Bình Thành,✅ Toàn bộ
Tây Ninh,Thuận Bình,xã Bình Thành,✅ Toàn bộ
Tây Ninh,Bình Hòa Hưng,xã Bình Thành,✅ Toàn bộ
Tây Ninh,xã Thuận Nghĩa Hòa,xã Thạnh Phước,✅ Toàn bộ
Tây Ninh,Thạnh Phú,xã Thạnh Phước,✅ Toàn bộ
Tây Ninh,Thạnh Phước,xã Thạnh Phước,✅ Toàn bộ
Tây Ninh,thị trấn Thạnh Hóa,xã Thạnh Hóa,✅ Toàn bộ
Tây Ninh,xã Thủy Tây,xã Thạnh Hóa,✅ Toàn bộ
Tây Ninh,xã Thạnh An,xã Thạnh Hóa,✅ Toàn bộ
Tây Ninh,xã Tân Đông (huyện Thạnh Hóa),xã Tân Tây,✅ Toàn bộ
Tây Ninh,Thủy Đông,xã Tân Tây,✅ Toàn bộ
Tây Ninh,Tân Tây,xã Tân Tây,✅ Toàn bộ
Tây Ninh,thị trấn Thủ Thừa,xã Thủ Thừa,✅ Toàn bộ
Tây Ninh,xã Bình Thạnh và xã Tân Thành (huyện Thủ Thừa),xã Thủ Thừa,⚠️ Một phần (Cần check)
Tây Ninh,xã Nhị Thành,xã Thủ Thừa,⚠️ Một phần (Cần check)
Tây Ninh,xã Mỹ Phú,xã Mỹ An,✅ Toàn bộ
Tây Ninh,xã Mỹ An,xã Mỹ An,✅ Toàn bộ
Tây Ninh,xã Bình An,xã Mỹ Thạnh,✅ Toàn bộ
Tây Ninh,Mỹ Lạc,xã Mỹ Thạnh,✅ Toàn bộ
Tây Ninh,Mỹ Thạnh,xã Mỹ Thạnh,✅ Toàn bộ
Tây Ninh,phần còn lại của xã Tân Thành (huyện Thủ Thừa) sau khi sắp xếp theo quy định tại khoản 20 Điều này,xã Mỹ Thạnh,✅ Toàn bộ
Tây Ninh,xã Long Thuận (huyện Thủ Thừa),xã Tân Long,✅ Toàn bộ
Tây Ninh,Long Thạnh,xã Tân Long,✅ Toàn bộ
Tây Ninh,Tân Long,xã Tân Long,✅ Toàn bộ
Tây Ninh,xã Mỹ Thạnh Bắc,xã Mỹ Quý,✅ Toàn bộ
Tây Ninh,Mỹ Quý Đông,xã Mỹ Quý,✅ Toàn bộ
Tây Ninh,Mỹ Quý Tây,xã Mỹ Quý,✅ Toàn bộ
Tây Ninh,thị trấn Đông Thành,xã Đông Thành,✅ Toàn bộ
Tây Ninh,xã Mỹ Thạnh Tây,xã Đông Thành,✅ Toàn bộ
Tây Ninh,Mỹ Thạnh Đông,xã Đông Thành,✅ Toàn bộ
Tây Ninh,Mỹ Bình,xã Đông Thành,✅ Toàn bộ
Tây Ninh,của,xã Đức Huệ,✅ Toàn bộ
Tây Ninh,xã Bình Hòa Bắc,xã Đức Huệ,✅ Toàn bộ
Tây Ninh,Bình Hòa Nam,xã Đức Huệ,✅ Toàn bộ
Tây Ninh,Bình Thành,xã Đức Huệ,✅ Toàn bộ
Tây Ninh,xã Lộc Giang,xã An Ninh,✅ Toàn bộ
Tây Ninh,An Ninh Đông,xã An Ninh,✅ Toàn bộ
Tây Ninh,An Ninh Tây,xã An Ninh,✅ Toàn bộ
Tây Ninh,xã Tân Phú (huyện Đức Hòa),xã Hiệp Hòa,✅ Toàn bộ
Tây Ninh,xã Hiệp Hòa và thị trấn Hiệp Hòa,xã Hiệp Hòa,✅ Toàn bộ
Tây Ninh,thị trấn Hậu Nghĩa,xã Hậu Nghĩa,✅ Toàn bộ
Tây Ninh,xã Đức Lập Thượng,xã Hậu Nghĩa,✅ Toàn bộ
Tây Ninh,xã Tân Mỹ,xã Hậu Nghĩa,✅ Toàn bộ
Tây Ninh,xã Hòa Khánh Tây,xã Hòa Khánh,✅ Toàn bộ
Tây Ninh,Hòa Khánh Nam,xã Hòa Khánh,✅ Toàn bộ
Tây Ninh,Hòa Khánh Đông,xã Hòa Khánh,✅ Toàn bộ
Tây Ninh,xã Đức Lập Hạ,xã Đức Lập,✅ Toàn bộ
Tây Ninh,xã Mỹ Hạnh Bắc,xã Đức Lập,✅ Toàn bộ
Tây Ninh,xã Đức Hòa Thượng,xã Đức Lập,⚠️ Một phần (Cần check)
Tây Ninh,xã Đức Hòa Đông,xã Mỹ Hạnh,✅ Toàn bộ
Tây Ninh,xã Mỹ Hạnh Nam,xã Mỹ Hạnh,✅ Toàn bộ
Tây Ninh,phần còn lại của xã Đức Hòa Thượng sau khi sắp xếp theo quy định tại khoản 31 Điều này,xã Mỹ Hạnh,✅ Toàn bộ
Tây Ninh,thị trấn Đức Hòa,xã Đức Hòa,✅ Toàn bộ
Tây Ninh,xã Hựu Thạnh,xã Đức Hòa,✅ Toàn bộ
Tây Ninh,xã Đức Hòa Hạ,xã Đức Hòa,✅ Toàn bộ
Tây Ninh,xã Thạnh Hòa,xã Thạnh Lợi,✅ Toàn bộ
Tây Ninh,Lương Bình,xã Thạnh Lợi,✅ Toàn bộ
Tây Ninh,Thạnh Lợi,xã Thạnh Lợi,✅ Toàn bộ
Tây Ninh,xã Thạnh Đức (huyện Bến Lức),xã Bình Đức,✅ Toàn bộ
Tây Ninh,Nhựt Chánh,xã Bình Đức,✅ Toàn bộ
Tây Ninh,Bình Đức,xã Bình Đức,✅ Toàn bộ
Tây Ninh,xã Tân Bửu,xã Lương Hòa,✅ Toàn bộ
Tây Ninh,xã Lương Hòa,xã Lương Hòa,✅ Toàn bộ
Tây Ninh,xã An Thạnh (huyện Bến Lức),xã Bến Lức,✅ Toàn bộ
Tây Ninh,xã Thanh Phú và thị trấn Bến Lức,xã Bến Lức,✅ Toàn bộ
Tây Ninh,xã Long Hiệp,xã Mỹ Yên,✅ Toàn bộ
Tây Ninh,Phước Lợi,xã Mỹ Yên,✅ Toàn bộ
Tây Ninh,Mỹ Yên,xã Mỹ Yên,✅ Toàn bộ
Tây Ninh,xã Long Định,xã Long Cang,✅ Toàn bộ
Tây Ninh,Phước Vân,xã Long Cang,✅ Toàn bộ
Tây Ninh,Long Cang,xã Long Cang,✅ Toàn bộ
Tây Ninh,xã Long Trạch,xã Rạch Kiến,✅ Toàn bộ
Tây Ninh,Long Khê,xã Rạch Kiến,✅ Toàn bộ
Tây Ninh,Long Hòa,xã Rạch Kiến,✅ Toàn bộ
Tây Ninh,xã Tân Trạch,xã Mỹ Lệ,✅ Toàn bộ
Tây Ninh,Long Sơn,xã Mỹ Lệ,✅ Toàn bộ
Tây Ninh,Mỹ Lệ,xã Mỹ Lệ,✅ Toàn bộ
Tây Ninh,xã Phước Đông (huyện Cần Đước),xã Tân Lân,✅ Toàn bộ
Tây Ninh,xã Tân Lân,xã Tân Lân,✅ Toàn bộ
Tây Ninh,thị trấn Cần Đước và,xã Cần Đước,✅ Toàn bộ
Tây Ninh,xã Phước Tuy,xã Cần Đước,✅ Toàn bộ
Tây Ninh,Tân Ân,xã Cần Đước,✅ Toàn bộ
Tây Ninh,Tân Chánh,xã Cần Đước,✅ Toàn bộ
Tây Ninh,xã Long Thượng,xã Phước Lý,✅ Toàn bộ
Tây Ninh,Phước Hậu,xã Phước Lý,✅ Toàn bộ
Tây Ninh,Phước Lý,xã Phước Lý,✅ Toàn bộ
Tây Ninh,xã Phước Lâm,xã Mỹ Lộc,✅ Toàn bộ
Tây Ninh,Thuận Thành,xã Mỹ Lộc,✅ Toàn bộ
Tây Ninh,Mỹ Lộc,xã Mỹ Lộc,✅ Toàn bộ
Tây Ninh,thị trấn Cần Giuộc,xã Cần Giuộc,✅ Toàn bộ
Tây Ninh,xã Phước Lại,xã Cần Giuộc,✅ Toàn bộ
Tây Ninh,xã Long Hậu,xã Cần Giuộc,✅ Toàn bộ
Tây Ninh,xã Long An,xã Phước Vĩnh Tây,✅ Toàn bộ
Tây Ninh,Long Phụng,xã Phước Vĩnh Tây,✅ Toàn bộ
Tây Ninh,Phước Vĩnh Tây,xã Phước Vĩnh Tây,✅ Toàn bộ
Tây Ninh,xã Đông Thạnh,xã Tân Tập,✅ Toàn bộ
Tây Ninh,Phước Vĩnh Đông,xã Tân Tập,✅ Toàn bộ
Tây Ninh,Tân Tập,xã Tân Tập,✅ Toàn bộ
Tây Ninh,xã Tân Phước Tây,xã Vàm Cỏ,✅ Toàn bộ
Tây Ninh,Nhựt Ninh,xã Vàm Cỏ,✅ Toàn bộ
Tây Ninh,Đức Tân,xã Vàm Cỏ,✅ Toàn bộ
Tây Ninh,thị trấn Tân Trụ,xã Tân Trụ,✅ Toàn bộ
Tây Ninh,xã Bình Trinh Đông,xã Tân Trụ,✅ Toàn bộ
Tây Ninh,Bình Lãng,xã Tân Trụ,✅ Toàn bộ
Tây Ninh,Bình Tịnh,xã Tân Trụ,✅ Toàn bộ
Tây Ninh,xã Tân Bình (huyện Tân Trụ),xã Nhựt Tảo,✅ Toàn bộ
Tây Ninh,Quê Mỹ Thạnh,xã Nhựt Tảo,✅ Toàn bộ
Tây Ninh,Lạc Tấn,xã Nhựt Tảo,✅ Toàn bộ
Tây Ninh,phần còn lại của xã Nhị Thành sau khi sắp xếp theo quy định tại khoản 20 Điều này,xã Nhựt Tảo,✅ Toàn bộ
Tây Ninh,xã Thanh Phú Long,xã Thuận Mỹ,✅ Toàn bộ
Tây Ninh,Thanh Vĩnh Đông,xã Thuận Mỹ,✅ Toàn bộ
Tây Ninh,Thuận Mỹ,xã Thuận Mỹ,✅ Toàn bộ
Tây Ninh,xã Dương Xuân Hội,xã An Lục Long,✅ Toàn bộ
Tây Ninh,Long Trì,xã An Lục Long,✅ Toàn bộ
Tây Ninh,An Lục Long,xã An Lục Long,✅ Toàn bộ
Tây Ninh,thị trấn Tầm Vu,xã Tầm Vu,✅ Toàn bộ
Tây Ninh,xã Hiệp Thạnh (huyện Châu Thành),xã Tầm Vu,✅ Toàn bộ
Tây Ninh,Phú Ngãi Trị,xã Tầm Vu,✅ Toàn bộ
Tây Ninh,Phước Tân Hưng,xã Tầm Vu,✅ Toàn bộ
Tây Ninh,xã Hòa Phú,xã Vĩnh Công,✅ Toàn bộ
Tây Ninh,Bình Quới,xã Vĩnh Công,✅ Toàn bộ
Tây Ninh,Vĩnh Công,xã Vĩnh Công,✅ Toàn bộ
Tây Ninh,xã Phước Bình,xã Phước Chỉ,✅ Toàn bộ
Tây Ninh,xã Phước Chỉ,xã Phước Chỉ,✅ Toàn bộ
Tây Ninh,xã Đôn Thuận,xã Hưng Thuận,✅ Toàn bộ
Tây Ninh,xã Hưng Thuận,xã Hưng Thuận,✅ Toàn bộ
Tây Ninh,xã Thạnh Đức (huyện Gò Dầu) và xã Cẩm Giang,xã Thạnh Đức,✅ Toàn bộ
Tây Ninh,xã Hiệp Thạnh (huyện Gò Dầu),xã Phước Thạnh,✅ Toàn bộ
Tây Ninh,Phước Trạch,xã Phước Thạnh,✅ Toàn bộ
Tây Ninh,Phước Thạnh,xã Phước Thạnh,✅ Toàn bộ
Tây Ninh,xã Bàu Đồn,xã Truông Mít,✅ Toàn bộ
Tây Ninh,xã Truông Mít,xã Truông Mít,✅ Toàn bộ
Tây Ninh,xã Bến Củi,xã Lộc Ninh,✅ Toàn bộ
Tây Ninh,xã Lộc Ninh,xã Lộc Ninh,✅ Toàn bộ
Tây Ninh,xã Phước Minh,xã Lộc Ninh,⚠️ Một phần (Cần check)
Tây Ninh,xã Phước Ninh,xã Cầu Khởi,✅ Toàn bộ
Tây Ninh,xã Cầu Khởi,xã Cầu Khởi,✅ Toàn bộ
Tây Ninh,xã Chà Là,xã Cầu Khởi,⚠️ Một phần (Cần check)
Tây Ninh,thị trấn Dương Minh Châu,xã Dương Minh Châu,✅ Toàn bộ
Tây Ninh,xã Phan,xã Dương Minh Châu,⚠️ Một phần (Cần check)
Tây Ninh,xã Suối Đá,xã Dương Minh Châu,⚠️ Một phần (Cần check)
Tây Ninh,phần còn lại của xã Phước Minh sau khi sắp xếp theo quy định tại khoản 62 Điều này,xã Dương Minh Châu,⚠️ Một phần (Cần check)
Tây Ninh,xã Tân Đông (huyện Tân Châu) và xã Tân Hà,xã Tân Đông,✅ Toàn bộ
Tây Ninh,thị trấn Tân Châu,xã Tân Châu,✅ Toàn bộ
Tây Ninh,xã Thạnh Đông,xã Tân Châu,✅ Toàn bộ
Tây Ninh,xã Tân Phú (huyện Tân Châu),xã Tân Châu,⚠️ Một phần (Cần check)
Tây Ninh,xã Suối Dây,xã Tân Châu,⚠️ Một phần (Cần check)
Tây Ninh,xã Tân Hưng,xã Tân Phú,✅ Toàn bộ
Tây Ninh,xã Mỏ Công,xã Tân Phú,⚠️ Một phần (Cần check)
Tây Ninh,Trà Vong,xã Tân Phú,⚠️ Một phần (Cần check)
Tây Ninh,Tân Phong,xã Tân Phú,⚠️ Một phần (Cần check)
Tây Ninh,phần còn lại của xã Tân Phú (huyện Tân Châu) sau khi sắp xếp theo quy định tại khoản 66 Điều này,xã Tân Phú,⚠️ Một phần (Cần check)
Tây Ninh,xã Tân Hiệp (huyện Tân Châu),xã Tân Hội,✅ Toàn bộ
Tây Ninh,xã Tân Hội,xã Tân Hội,✅ Toàn bộ
Tây Ninh,xã Tân Thành (huyện Tân Châu),xã Tân Thành,✅ Toàn bộ
Tây Ninh,phần còn lại của xã Suối Dây sau khi sắp xếp theo quy định tại khoản 66 Điều này,xã Tân Thành,✅ Toàn bộ
Tây Ninh,xã Tân Hòa (huyện Tân Châu) và xã Suối Ngô,xã Tân Hòa,✅ Toàn bộ
Tây Ninh,xã Tân Lập (huyện Tân Biên) và xã Thạnh Bắc,xã Tân Lập,✅ Toàn bộ
Tây Ninh,xã Tân Bình (huyện Tân Biên),xã Tân Biên,✅ Toàn bộ
Tây Ninh,xã Thạnh Tây và thị trấn Tân Biên,xã Tân Biên,✅ Toàn bộ
Tây Ninh,xã Thạnh Bình,xã Thạnh Bình,✅ Toàn bộ
Tây Ninh,phần còn lại của xã Tân Phong sau khi sắp xếp theo quy định tại khoản 67 Điều này,xã Thạnh Bình,✅ Toàn bộ
Tây Ninh,xã Mỏ Công,xã Trà Vong,✅ Toàn bộ
Tây Ninh,xã Trà Vong sau khi sắp xếp theo quy định tại khoản 67 Điều này,xã Trà Vong,✅ Toàn bộ
Tây Ninh,xã Hòa Hiệp,xã Phước Vinh,✅ Toàn bộ
Tây Ninh,xã Phước Vinh,xã Phước Vinh,✅ Toàn bộ
Tây Ninh,xã Biên Giới,xã Hòa Hội,✅ Toàn bộ
Tây Ninh,Hòa Thạnh,xã Hòa Hội,✅ Toàn bộ
Tây Ninh,Hòa Hội,xã Hòa Hội,✅ Toàn bộ
Tây Ninh,xã Thành Long,xã Ninh Điền,✅ Toàn bộ
Tây Ninh,xã Ninh Điền,xã Ninh Điền,✅ Toàn bộ
Tây Ninh,thị trấn Châu Thành,xã Châu Thành,✅ Toàn bộ
Tây Ninh,xã Đồng Khởi,xã Châu Thành,✅ Toàn bộ
Tây Ninh,xã An Bình,xã Châu Thành,✅ Toàn bộ
Tây Ninh,xã Thái Bình,xã Châu Thành,⚠️ Một phần (Cần check)
Tây Ninh,xã An Cơ,xã Hảo Đước,✅ Toàn bộ
Tây Ninh,Trí Bình,xã Hảo Đước,✅ Toàn bộ
Tây Ninh,Hảo Đước,xã Hảo Đước,✅ Toàn bộ
Tây Ninh,xã Long Vĩnh,xã Long Chữ,✅ Toàn bộ
Tây Ninh,Long Phước,xã Long Chữ,✅ Toàn bộ
Tây Ninh,Long Chữ,xã Long Chữ,✅ Toàn bộ
Tây Ninh,xã Long Thuận (huyện Bến Cầu),xã Long Thuận,✅ Toàn bộ
Tây Ninh,Long Giang và Long Khánh,xã Long Thuận,✅ Toàn bộ
Tây Ninh,thị trấn Bến Cầu,xã Bến Cầu,✅ Toàn bộ
Tây Ninh,xã An Thạnh (huyện Bến Cầu),xã Bến Cầu,✅ Toàn bộ
Tây Ninh,Tiên Thuận,xã Bến Cầu,✅ Toàn bộ
Tây Ninh,Lợi Thuận,xã Bến Cầu,✅ Toàn bộ
Tây Ninh,Phường 1,phường Kiến Tường,✅ Toàn bộ
Tây Ninh,Phường 2 và Phường 3 (thị xã Kiến Tường),phường Kiến Tường,✅ Toàn bộ
Tây Ninh,Phường 1 và Phường 3 (thành phố Tân An),phường Long An,✅ Toàn bộ
Tây Ninh,Phường 4,phường Long An,✅ Toàn bộ
Tây Ninh,Phường 5,phường Long An,✅ Toàn bộ
Tây Ninh,Phường 6,phường Long An,✅ Toàn bộ
Tây Ninh,xã Hướng Thọ Phú,phường Long An,✅ Toàn bộ
Tây Ninh,phần còn lại của xã Bình Thạnh (huyện Thủ Thừa) sau khi sắp xếp theo quy định tại khoản 20 Điều này,phường Long An,✅ Toàn bộ
Tây Ninh,Phường 7,phường Tân An,✅ Toàn bộ
Tây Ninh,xã Bình Tâm,phường Tân An,✅ Toàn bộ
Tây Ninh,Nhơn Thạnh Trung,phường Tân An,✅ Toàn bộ
Tây Ninh,An Vĩnh Ngãi,phường Tân An,✅ Toàn bộ
Tây Ninh,phường Tân Khánh,phường Khánh Hậu,✅ Toàn bộ
Tây Ninh,phường Khánh Hậu,phường Khánh Hậu,✅ Toàn bộ
Tây Ninh,xã Lợi Bình Nhơn,phường Khánh Hậu,✅ Toàn bộ
Tây Ninh,Phường 1,phường Tân Ninh,✅ Toàn bộ
Tây Ninh,Phường 2 và Phường 3 (thành phố Tây Ninh),phường Tân Ninh,✅ Toàn bộ
Tây Ninh,Phường IV,phường Tân Ninh,✅ Toàn bộ
Tây Ninh,phường Hiệp Ninh,phường Tân Ninh,✅ Toàn bộ
Tây Ninh,phần còn lại của xã Thái Bình sau khi sắp xếp theo quy định tại khoản 78 Điều này,phường Tân Ninh,✅ Toàn bộ
Tây Ninh,phường Ninh Sơn,phường Bình Minh,✅ Toàn bộ
Tây Ninh,xã Tân Bình (thành phố Tây Ninh),phường Bình Minh,✅ Toàn bộ
Tây Ninh,Bình Minh,phường Bình Minh,✅ Toàn bộ
Tây Ninh,Thạnh Tân,phường Bình Minh,✅ Toàn bộ
Tây Ninh,phần còn lại của xã Suối Đá,phường Bình Minh,✅ Toàn bộ
Tây Ninh,xã Phan sau khi sắp xếp theo quy định tại khoản 64 Điều này,phường Bình Minh,✅ Toàn bộ
Tây Ninh,phường Ninh Thạnh,phường Ninh Thạnh,✅ Toàn bộ
Tây Ninh,xã Bàu Năng,phường Ninh Thạnh,✅ Toàn bộ
Tây Ninh,phần còn lại của xã Chà Là sau khi sắp xếp theo quy định tại khoản 63 Điều này,phường Ninh Thạnh,✅ Toàn bộ
Tây Ninh,phường Long Thành Bắc,phường Long Hoa,✅ Toàn bộ
Tây Ninh,phường Long Hoa,phường Long Hoa,✅ Toàn bộ
Tây Ninh,xã Trường Hòa,phường Long Hoa,✅ Toàn bộ
Tây Ninh,Trường Tây,phường Long Hoa,✅ Toàn bộ
Tây Ninh,Trường Đông,phường Long Hoa,✅ Toàn bộ
Tây Ninh,phường Hiệp Tân,phường Thanh Điền,✅ Toàn bộ
Tây Ninh,xã Thanh Điền,phường Thanh Điền,✅ Toàn bộ
Tây Ninh,phường An Hòa,phường Trảng Bàng,✅ Toàn bộ
Tây Ninh,phường Trảng Bàng,phường Trảng Bàng,✅ Toàn bộ
Tây Ninh,phường Lộc Hưng,phường An Tịnh,✅ Toàn bộ
Tây Ninh,phường An Tịnh,phường An Tịnh,✅ Toàn bộ
Tây Ninh,phường Gia Bình,phường Gò Dầu,✅ Toàn bộ
Tây Ninh,thị trấn Gò Dầu,phường Gò Dầu,✅ Toàn bộ
Tây Ninh,xã Thanh Phước,phường Gò Dầu,✅ Toàn bộ
Tây Ninh,xã Phước Đông (huyện Gò Dầu) và phường Gia Lộc,phường Gia Lộc,✅ Toàn bộ
Đồng Tháp,thị trấn Sa Rài,xã Tân Hồng,✅ Toàn bộ
Đồng Tháp,xã Bình Phú (huyện Tân Hồng),xã Tân Hồng,✅ Toàn bộ
Đồng Tháp,xã Tân Công Chí,xã Tân Hồng,✅ Toàn bộ
Đồng Tháp,xã Thông Bình,xã Tân Thành,✅ Toàn bộ
Đồng Tháp,xã Tân Thành A,xã Tân Thành,✅ Toàn bộ
Đồng Tháp,xã Tân Thành B,xã Tân Hộ Cơ,✅ Toàn bộ
Đồng Tháp,xã Tân Hộ Cơ,xã Tân Hộ Cơ,✅ Toàn bộ
Đồng Tháp,xã Tân Phước (huyện Tân Hồng),xã An Phước,✅ Toàn bộ
Đồng Tháp,xã An Phước,xã An Phước,✅ Toàn bộ
Đồng Tháp,thị trấn Thường Thới Tiền,xã Thường Phước,✅ Toàn bộ
Đồng Tháp,xã Thường Phước 1,xã Thường Phước,✅ Toàn bộ
Đồng Tháp,xã Thường Phước 2,xã Thường Phước,✅ Toàn bộ
Đồng Tháp,xã Long Khánh A,xã Long Khánh,✅ Toàn bộ
Đồng Tháp,xã Long Khánh B,xã Long Khánh,✅ Toàn bộ
Đồng Tháp,xã Long Thuận,xã Long Phú Thuận,✅ Toàn bộ
Đồng Tháp,xã Phú Thuận A,xã Long Phú Thuận,✅ Toàn bộ
Đồng Tháp,xã Phú Thuận B,xã Long Phú Thuận,⚠️ Một phần (Cần check)
Đồng Tháp,xã Phú Thành B,xã An Hòa,✅ Toàn bộ
Đồng Tháp,xã An Hòa,xã An Hòa,✅ Toàn bộ
Đồng Tháp,xã Phú Đức,xã Tam Nông,✅ Toàn bộ
Đồng Tháp,xã Phú Hiệp,xã Tam Nông,✅ Toàn bộ
Đồng Tháp,xã Phú Thành A,xã Phú Thọ,✅ Toàn bộ
Đồng Tháp,xã Phú Thọ,xã Phú Thọ,✅ Toàn bộ
Đồng Tháp,thị trấn Tràm Chim,xã Tràm Chim,✅ Toàn bộ
Đồng Tháp,xã Tân Công Sính,xã Tràm Chim,✅ Toàn bộ
Đồng Tháp,xã Phú Cường (huyện Tam Nông),xã Phú Cường,✅ Toàn bộ
Đồng Tháp,xã Hòa Bình,xã Phú Cường,✅ Toàn bộ
Đồng Tháp,xã Gáo Giồng,xã Phú Cường,⚠️ Một phần (Cần check)
Đồng Tháp,xã An Phong,xã An Long,✅ Toàn bộ
Đồng Tháp,Phú Ninh,xã An Long,✅ Toàn bộ
Đồng Tháp,An Long,xã An Long,✅ Toàn bộ
Đồng Tháp,xã Tân Mỹ,xã Thanh Bình,✅ Toàn bộ
Đồng Tháp,xã Tân Phú (huyện Thanh Bình),xã Thanh Bình,✅ Toàn bộ
Đồng Tháp,thị trấn Thanh Bình,xã Thanh Bình,✅ Toàn bộ
Đồng Tháp,xã Tân Thạnh (huyện Thanh Bình),xã Thanh Bình,⚠️ Một phần (Cần check)
Đồng Tháp,xã Phú Lợi,xã Tân Thạnh,✅ Toàn bộ
Đồng Tháp,phần còn lại của xã Tân Thạnh (huyện Thanh Bình) sau khi sắp xếp theo quy định tại khoản 14 Điều này,xã Tân Thạnh,✅ Toàn bộ
Đồng Tháp,xã Bình Thành (huyện Thanh Bình),xã Bình Thành,✅ Toàn bộ
Đồng Tháp,xã Bình Tấn,xã Bình Thành,✅ Toàn bộ
Đồng Tháp,xã Tân Bình,xã Tân Long,✅ Toàn bộ
Đồng Tháp,xã Tân Hòa (huyện Thanh Bình),xã Tân Long,✅ Toàn bộ
Đồng Tháp,xã Tân Quới,xã Tân Long,✅ Toàn bộ
Đồng Tháp,Tân Huề,xã Tân Long,✅ Toàn bộ
Đồng Tháp,Tân Long,xã Tân Long,✅ Toàn bộ
Đồng Tháp,phần còn lại của xã Phú Thuận B sau khi sắp xếp theo quy định tại khoản 7 Điều này,xã Tân Long,✅ Toàn bộ
Đồng Tháp,thị trấn Mỹ An,xã Tháp Mười,✅ Toàn bộ
Đồng Tháp,xã Mỹ An,xã Tháp Mười,✅ Toàn bộ
Đồng Tháp,xã Mỹ Hòa,xã Tháp Mười,✅ Toàn bộ
Đồng Tháp,xã Phú Điền,xã Thanh Mỹ,✅ Toàn bộ
Đồng Tháp,xã Thanh Mỹ,xã Thanh Mỹ,✅ Toàn bộ
Đồng Tháp,xã Láng Biển,xã Mỹ Quí,✅ Toàn bộ
Đồng Tháp,Mỹ Đông,xã Mỹ Quí,✅ Toàn bộ
Đồng Tháp,Mỹ Quí,xã Mỹ Quí,✅ Toàn bộ
Đồng Tháp,xã Tân Kiều,xã Đốc Binh Kiều,✅ Toàn bộ
Đồng Tháp,xã Đốc Binh Kiều,xã Đốc Binh Kiều,✅ Toàn bộ
Đồng Tháp,xã Thạnh Lợi,xã Trường Xuân,✅ Toàn bộ
Đồng Tháp,xã Trường Xuân,xã Trường Xuân,✅ Toàn bộ
Đồng Tháp,xã Hưng Thạnh (huyện Tháp Mười),xã Phương Thịnh,✅ Toàn bộ
Đồng Tháp,xã Phương Thịnh,xã Phương Thịnh,✅ Toàn bộ
Đồng Tháp,xã Phong Mỹ,xã Phong Mỹ,✅ Toàn bộ
Đồng Tháp,phần còn lại của xã Gáo Giồng sau khi sắp xếp theo quy định tại khoản 12 Điều này,xã Phong Mỹ,✅ Toàn bộ
Đồng Tháp,xã Phương Trà,xã Ba Sao,✅ Toàn bộ
Đồng Tháp,xã Ba Sao,xã Ba Sao,✅ Toàn bộ
Đồng Tháp,thị trấn Mỹ Thọ,xã Mỹ Thọ,✅ Toàn bộ
Đồng Tháp,xã Mỹ Hội (huyện Cao Lãnh),xã Mỹ Thọ,✅ Toàn bộ
Đồng Tháp,Mỹ Xương,xã Mỹ Thọ,✅ Toàn bộ
Đồng Tháp,Mỹ Thọ,xã Mỹ Thọ,✅ Toàn bộ
Đồng Tháp,xã Tân Hội Trung,xã Bình Hàng Trung,✅ Toàn bộ
Đồng Tháp,Bình Hàng Tây,xã Bình Hàng Trung,✅ Toàn bộ
Đồng Tháp,Bình Hàng Trung,xã Bình Hàng Trung,✅ Toàn bộ
Đồng Tháp,xã Mỹ Long,xã Mỹ Hiệp,✅ Toàn bộ
Đồng Tháp,xã Bình Thạnh (huyện Cao Lãnh),xã Mỹ Hiệp,✅ Toàn bộ
Đồng Tháp,xã Mỹ Hiệp,xã Mỹ Hiệp,✅ Toàn bộ
Đồng Tháp,xã Tân Mỹ (huyện Lấp Vò),xã Mỹ An Hưng,✅ Toàn bộ
Đồng Tháp,Hội An Đông,xã Mỹ An Hưng,✅ Toàn bộ
Đồng Tháp,Mỹ An Hưng A,xã Mỹ An Hưng,✅ Toàn bộ
Đồng Tháp,Mỹ An Hưng B,xã Mỹ An Hưng,✅ Toàn bộ
Đồng Tháp,xã Long Hưng A,xã Tân Khánh Trung,✅ Toàn bộ
Đồng Tháp,Long Hưng B,xã Tân Khánh Trung,✅ Toàn bộ
Đồng Tháp,Tân Khánh Trung,xã Tân Khánh Trung,✅ Toàn bộ
Đồng Tháp,thị trấn Lấp Vò,xã Lấp Vò,✅ Toàn bộ
Đồng Tháp,xã Bình Thành (huyện Lấp Vò),xã Lấp Vò,✅ Toàn bộ
Đồng Tháp,Vĩnh Thạnh,xã Lấp Vò,✅ Toàn bộ
Đồng Tháp,Bình Thạnh Trung,xã Lấp Vò,✅ Toàn bộ
Đồng Tháp,xã Tân Thành,xã Lai Vung,✅ Toàn bộ
Đồng Tháp,xã Tân Phước (huyện Lai Vung),xã Lai Vung,✅ Toàn bộ
Đồng Tháp,xã Định An,xã Lai Vung,✅ Toàn bộ
Đồng Tháp,xã Định Yên,xã Lai Vung,✅ Toàn bộ
Đồng Tháp,thị trấn Lai Vung,xã Hòa Long,✅ Toàn bộ
Đồng Tháp,xã Long Hậu,xã Hòa Long,✅ Toàn bộ
Đồng Tháp,Long Thắng,xã Hòa Long,✅ Toàn bộ
Đồng Tháp,Hòa Long,xã Hòa Long,✅ Toàn bộ
Đồng Tháp,xã Tân Hòa (huyện Lai Vung),xã Phong Hòa,✅ Toàn bộ
Đồng Tháp,Định Hòa,xã Phong Hòa,✅ Toàn bộ
Đồng Tháp,Vĩnh Thới,xã Phong Hòa,✅ Toàn bộ
Đồng Tháp,Phong Hòa,xã Phong Hòa,✅ Toàn bộ
Đồng Tháp,xã Tân Phú Đông,xã Tân Dương,✅ Toàn bộ
Đồng Tháp,Hòa Thành,xã Tân Dương,✅ Toàn bộ
Đồng Tháp,Tân Dương,xã Tân Dương,✅ Toàn bộ
Đồng Tháp,thị trấn Cái Tàu Hạ,xã Phú Hựu,✅ Toàn bộ
Đồng Tháp,xã An Phú Thuận,xã Phú Hựu,✅ Toàn bộ
Đồng Tháp,An Hiệp,xã Phú Hựu,✅ Toàn bộ
Đồng Tháp,An Nhơn,xã Phú Hựu,✅ Toàn bộ
Đồng Tháp,Phú Hựu,xã Phú Hựu,✅ Toàn bộ
Đồng Tháp,xã Hòa Tân,xã Tân Nhuận Đông,✅ Toàn bộ
Đồng Tháp,An Khánh,xã Tân Nhuận Đông,✅ Toàn bộ
Đồng Tháp,Tân Nhuận Đông,xã Tân Nhuận Đông,✅ Toàn bộ
Đồng Tháp,xã Tân Bình,xã Tân Phú Trung,✅ Toàn bộ
Đồng Tháp,xã Tân Phú (huyện Châu Thành),xã Tân Phú Trung,✅ Toàn bộ
Đồng Tháp,xã Phú Long,xã Tân Phú Trung,✅ Toàn bộ
Đồng Tháp,xã Tân Phú Trung,xã Tân Phú Trung,✅ Toàn bộ
Đồng Tháp,xã Tân Hội,xã Tân Phú,✅ Toàn bộ
Đồng Tháp,xã Tân Phú (thị xã Cai Lậy),xã Tân Phú,✅ Toàn bộ
Đồng Tháp,xã Mỹ Hạnh Đông,xã Tân Phú,✅ Toàn bộ
Đồng Tháp,xã Tân Thanh,xã Thanh Hưng,✅ Toàn bộ
Đồng Tháp,Tân Hưng,xã Thanh Hưng,✅ Toàn bộ
Đồng Tháp,An Thái Trung,xã Thanh Hưng,✅ Toàn bộ
Đồng Tháp,xã Hòa Hưng,xã An Hữu,✅ Toàn bộ
Đồng Tháp,Mỹ Lương,xã An Hữu,✅ Toàn bộ
Đồng Tháp,An Hữu,xã An Hữu,✅ Toàn bộ
Đồng Tháp,xã An Thái Đông,xã Mỹ Lợi,✅ Toàn bộ
Đồng Tháp,Mỹ Lợi A,xã Mỹ Lợi,✅ Toàn bộ
Đồng Tháp,Mỹ Lợi B,xã Mỹ Lợi,✅ Toàn bộ
Đồng Tháp,xã Thiện Trí,xã Mỹ Đức Tây,✅ Toàn bộ
Đồng Tháp,Mỹ Đức Đông,xã Mỹ Đức Tây,✅ Toàn bộ
Đồng Tháp,Mỹ Đức Tây,xã Mỹ Đức Tây,✅ Toàn bộ
Đồng Tháp,xã Mỹ Tân (huyện Cái Bè),xã Mỹ Thiện,✅ Toàn bộ
Đồng Tháp,Mỹ Trung,xã Mỹ Thiện,✅ Toàn bộ
Đồng Tháp,Thiện Trung,xã Mỹ Thiện,✅ Toàn bộ
Đồng Tháp,xã Hậu Mỹ Bắc A,xã Hậu Mỹ,✅ Toàn bộ
Đồng Tháp,Hậu Mỹ Bắc B,xã Hậu Mỹ,✅ Toàn bộ
Đồng Tháp,Hậu Mỹ Trinh,xã Hậu Mỹ,✅ Toàn bộ
Đồng Tháp,xã Mỹ Hội (huyện Cái Bè),xã Hội Cư,✅ Toàn bộ
Đồng Tháp,An Cư,xã Hội Cư,✅ Toàn bộ
Đồng Tháp,Hậu Thành,xã Hội Cư,✅ Toàn bộ
Đồng Tháp,Hậu Mỹ Phú,xã Hội Cư,✅ Toàn bộ
Đồng Tháp,thị trấn Cái Bè,xã Cái Bè,✅ Toàn bộ
Đồng Tháp,xã Đông Hòa Hiệp,xã Cái Bè,✅ Toàn bộ
Đồng Tháp,xã Hòa Khánh,xã Cái Bè,✅ Toàn bộ
Đồng Tháp,xã Phú Nhuận,xã Mỹ Thành,✅ Toàn bộ
Đồng Tháp,Mỹ Thành Bắc,xã Mỹ Thành,✅ Toàn bộ
Đồng Tháp,Mỹ Thành Nam,xã Mỹ Thành,✅ Toàn bộ
Đồng Tháp,xã Phú Cường (huyện Cai Lậy),xã Thạnh Phú,✅ Toàn bộ
Đồng Tháp,xã Thạnh Lộc,xã Thạnh Phú,✅ Toàn bộ
Đồng Tháp,thị trấn Bình Phú,xã Bình Phú,✅ Toàn bộ
Đồng Tháp,xã Phú An,xã Bình Phú,✅ Toàn bộ
Đồng Tháp,xã Cẩm Sơn,xã Bình Phú,✅ Toàn bộ
Đồng Tháp,xã Tân Phong,xã Hiệp Đức,✅ Toàn bộ
Đồng Tháp,Hội Xuân,xã Hiệp Đức,✅ Toàn bộ
Đồng Tháp,Hiệp Đức,xã Hiệp Đức,✅ Toàn bộ
Đồng Tháp,xã Mỹ Long (huyện Cai Lậy),xã Long Tiên,✅ Toàn bộ
Đồng Tháp,Long Trung,xã Long Tiên,✅ Toàn bộ
Đồng Tháp,Long Tiên,xã Long Tiên,✅ Toàn bộ
Đồng Tháp,xã Tam Bình,xã Ngũ Hiệp,✅ Toàn bộ
Đồng Tháp,xã Ngũ Hiệp,xã Ngũ Hiệp,✅ Toàn bộ
Đồng Tháp,thị trấn Mỹ Phước,xã Tân Phước 1,✅ Toàn bộ
Đồng Tháp,xã Thạnh Mỹ,xã Tân Phước 1,✅ Toàn bộ
Đồng Tháp,xã Tân Hòa Đông,xã Tân Phước 1,✅ Toàn bộ
Đồng Tháp,xã Thạnh Tân,xã Tân Phước 2,✅ Toàn bộ
Đồng Tháp,Thạnh Hòa,xã Tân Phước 2,✅ Toàn bộ
Đồng Tháp,Tân Hòa Tây,xã Tân Phước 2,✅ Toàn bộ
Đồng Tháp,xã Phước Lập,xã Tân Phước 3,✅ Toàn bộ
Đồng Tháp,Tân Lập 1,xã Tân Phước 3,✅ Toàn bộ
Đồng Tháp,Tân Lập 2,xã Tân Phước 3,✅ Toàn bộ
Đồng Tháp,xã Hưng Thạnh (huyện Tân Phước),xã Hưng Thạnh,✅ Toàn bộ
Đồng Tháp,Phú Mỹ,xã Hưng Thạnh,✅ Toàn bộ
Đồng Tháp,Tân Hòa Thành,xã Hưng Thạnh,✅ Toàn bộ
Đồng Tháp,xã Tân Lý Đông,xã Tân Hương,✅ Toàn bộ
Đồng Tháp,Tân Hội Đông,xã Tân Hương,✅ Toàn bộ
Đồng Tháp,Tân Hương,xã Tân Hương,✅ Toàn bộ
Đồng Tháp,thị trấn Tân Hiệp,xã Châu Thành,✅ Toàn bộ
Đồng Tháp,xã Thân Cửu Nghĩa,xã Châu Thành,✅ Toàn bộ
Đồng Tháp,xã Long An,xã Châu Thành,✅ Toàn bộ
Đồng Tháp,xã Tam Hiệp,xã Long Hưng,✅ Toàn bộ
Đồng Tháp,Thạnh Phú,xã Long Hưng,✅ Toàn bộ
Đồng Tháp,Long Hưng,xã Long Hưng,✅ Toàn bộ
Đồng Tháp,xã Nhị Bình,xã Long Định,✅ Toàn bộ
Đồng Tháp,Đông Hòa,xã Long Định,✅ Toàn bộ
Đồng Tháp,Long Định,xã Long Định,✅ Toàn bộ
Đồng Tháp,xã Điềm Hy,xã Bình Trưng,✅ Toàn bộ
Đồng Tháp,xã Bình Trưng,xã Bình Trưng,✅ Toàn bộ
Đồng Tháp,xã Phú Phong,xã Vĩnh Kim,✅ Toàn bộ
Đồng Tháp,Bàn Long,xã Vĩnh Kim,✅ Toàn bộ
Đồng Tháp,Vĩnh Kim,xã Vĩnh Kim,✅ Toàn bộ
Đồng Tháp,xã Song Thuận,xã Kim Sơn,✅ Toàn bộ
Đồng Tháp,Bình Đức,xã Kim Sơn,✅ Toàn bộ
Đồng Tháp,Kim Sơn,xã Kim Sơn,✅ Toàn bộ
Đồng Tháp,xã Trung Hòa,xã Mỹ Tịnh An,✅ Toàn bộ
Đồng Tháp,Hòa Tịnh,xã Mỹ Tịnh An,✅ Toàn bộ
Đồng Tháp,Tân Bình Thạnh,xã Mỹ Tịnh An,✅ Toàn bộ
Đồng Tháp,Mỹ Tịnh An,xã Mỹ Tịnh An,✅ Toàn bộ
Đồng Tháp,xã Thanh Bình,xã Lương Hòa Lạc,✅ Toàn bộ
Đồng Tháp,Phú Kiết,xã Lương Hòa Lạc,✅ Toàn bộ
Đồng Tháp,Lương Hòa Lạc,xã Lương Hòa Lạc,✅ Toàn bộ
Đồng Tháp,xã Đăng Hưng Phước,xã Tân Thuận Bình,✅ Toàn bộ
Đồng Tháp,Quơn Long,xã Tân Thuận Bình,✅ Toàn bộ
Đồng Tháp,Tân Thuận Bình,xã Tân Thuận Bình,✅ Toàn bộ
Đồng Tháp,thị trấn Chợ Gạo,xã Chợ Gạo,✅ Toàn bộ
Đồng Tháp,xã Long Bình Điền,xã Chợ Gạo,✅ Toàn bộ
Đồng Tháp,xã Song Bình,xã Chợ Gạo,✅ Toàn bộ
Đồng Tháp,xã Bình Phan,xã An Thạnh Thủy,✅ Toàn bộ
Đồng Tháp,Bình Phục Nhứt,xã An Thạnh Thủy,✅ Toàn bộ
Đồng Tháp,An Thạnh Thủy,xã An Thạnh Thủy,✅ Toàn bộ
Đồng Tháp,xã Xuân Đông,xã Bình Ninh,✅ Toàn bộ
Đồng Tháp,Hòa Định,xã Bình Ninh,✅ Toàn bộ
Đồng Tháp,Bình Ninh,xã Bình Ninh,✅ Toàn bộ
Đồng Tháp,thị trấn Vĩnh Bình,xã Vĩnh Bình,✅ Toàn bộ
Đồng Tháp,xã Thạnh Nhựt,xã Vĩnh Bình,✅ Toàn bộ
Đồng Tháp,xã Thạnh Trị,xã Vĩnh Bình,✅ Toàn bộ
Đồng Tháp,xã Bình Nhì,xã Đồng Sơn,✅ Toàn bộ
Đồng Tháp,Đồng Thạnh,xã Đồng Sơn,✅ Toàn bộ
Đồng Tháp,Đồng Sơn,xã Đồng Sơn,✅ Toàn bộ
Đồng Tháp,xã Bình Phú (huyện Gò Công Tây),xã Phú Thành,✅ Toàn bộ
Đồng Tháp,Thành Công,xã Phú Thành,✅ Toàn bộ
Đồng Tháp,Yên Luông,xã Phú Thành,✅ Toàn bộ
Đồng Tháp,xã Bình Tân,xã Long Bình,✅ Toàn bộ
Đồng Tháp,xã Long Bình,xã Long Bình,✅ Toàn bộ
Đồng Tháp,xã Long Vĩnh,xã Vĩnh Hựu,✅ Toàn bộ
Đồng Tháp,xã Vĩnh Hựu,xã Vĩnh Hựu,✅ Toàn bộ
Đồng Tháp,xã Tân Thành (huyện Gò Công Đông),xã Gò Công Đông,✅ Toàn bộ
Đồng Tháp,xã Tăng Hòa,xã Gò Công Đông,✅ Toàn bộ
Đồng Tháp,xã Bình Ân,xã Tân Điền,✅ Toàn bộ
Đồng Tháp,xã Tân Điền,xã Tân Điền,✅ Toàn bộ
Đồng Tháp,thị trấn Tân Hòa,xã Tân Hòa,✅ Toàn bộ
Đồng Tháp,xã Phước Trung,xã Tân Hòa,✅ Toàn bộ
Đồng Tháp,xã Bình Nghị,xã Tân Hòa,✅ Toàn bộ
Đồng Tháp,xã Tân Phước (huyện Gò Công Đông),xã              Tân Đông,✅ Toàn bộ
Đồng Tháp,Tân Tây,xã              Tân Đông,✅ Toàn bộ
Đồng Tháp,Tân Đông,xã              Tân Đông,✅ Toàn bộ
Đồng Tháp,thị trấn Vàm Láng,xã Gia Thuận,✅ Toàn bộ
Đồng Tháp,xã Kiểng Phước,xã Gia Thuận,✅ Toàn bộ
Đồng Tháp,xã Gia Thuận,xã Gia Thuận,✅ Toàn bộ
Đồng Tháp,xã Tân Phú,xã Tân Thới,✅ Toàn bộ
Đồng Tháp,xã Tân Thạnh (huyện Tân Phú Đông),xã Tân Thới,✅ Toàn bộ
Đồng Tháp,xã Tân Thới,xã Tân Thới,✅ Toàn bộ
Đồng Tháp,xã Phú Thạnh,xã Tân Phú Đông,✅ Toàn bộ
Đồng Tháp,Phú Đông,xã Tân Phú Đông,✅ Toàn bộ
Đồng Tháp,Phú Tân,xã Tân Phú Đông,✅ Toàn bộ
Đồng Tháp,Phường 1,phường Mỹ Tho,✅ Toàn bộ
Đồng Tháp,Phường 2 (thành phố Mỹ Tho),phường Mỹ Tho,✅ Toàn bộ
Đồng Tháp,phường Tân Long,phường Mỹ Tho,✅ Toàn bộ
Đồng Tháp,Phường 4,phường Đạo Thạnh,✅ Toàn bộ
Đồng Tháp,Phường 5 (thành phố Mỹ Tho),phường Đạo Thạnh,✅ Toàn bộ
Đồng Tháp,xã Đạo Thạnh,phường Đạo Thạnh,✅ Toàn bộ
Đồng Tháp,Phường 9 (thành phố Mỹ Tho),phường Mỹ Phong,✅ Toàn bộ
Đồng Tháp,xã Tân Mỹ Chánh,phường Mỹ Phong,✅ Toàn bộ
Đồng Tháp,xã Mỹ Phong,phường Mỹ Phong,✅ Toàn bộ
Đồng Tháp,Phường 6 (thành phố Mỹ Tho),phường Thới Sơn,✅ Toàn bộ
Đồng Tháp,xã Thới Sơn,phường Thới Sơn,✅ Toàn bộ
Đồng Tháp,Phường 10,phường Trung An,✅ Toàn bộ
Đồng Tháp,xã Phước Thạnh,phường Trung An,✅ Toàn bộ
Đồng Tháp,xã Trung An,phường Trung An,✅ Toàn bộ
Đồng Tháp,Phường 1,phường Gò Công,✅ Toàn bộ
Đồng Tháp,Phường 5 (thành phố Gò Công),phường Gò Công,✅ Toàn bộ
Đồng Tháp,phường Long Hòa,phường Gò Công,✅ Toàn bộ
Đồng Tháp,Phường 2 (thành phố Gò Công),phường Long Thuận,✅ Toàn bộ
Đồng Tháp,phường Long Thuận,phường Long Thuận,✅ Toàn bộ
Đồng Tháp,phường Long Chánh,phường Bình Xuân,✅ Toàn bộ
Đồng Tháp,xã Bình Xuân,phường Bình Xuân,✅ Toàn bộ
Đồng Tháp,phường Long Hưng,phường Sơn Qui,✅ Toàn bộ
Đồng Tháp,xã Tân Trung,phường Sơn Qui,✅ Toàn bộ
Đồng Tháp,xã Bình Đông,phường Sơn Qui,✅ Toàn bộ
Đồng Tháp,phường An Lộc,phường An Bình,✅ Toàn bộ
Đồng Tháp,An Bình A,phường An Bình,✅ Toàn bộ
Đồng Tháp,An Bình B,phường An Bình,✅ Toàn bộ
Đồng Tháp,phường An Thạnh,phường Hồng Ngự,✅ Toàn bộ
Đồng Tháp,xã Bình Thạnh,phường Hồng Ngự,✅ Toàn bộ
Đồng Tháp,xã Tân Hội (thành phố Hồng Ngự),phường Hồng Ngự,✅ Toàn bộ
Đồng Tháp,phường An Lạc,phường Thường Lạc,✅ Toàn bộ
Đồng Tháp,xã Thường Thới Hậu A,phường Thường Lạc,✅ Toàn bộ
Đồng Tháp,xã Thường Lạc,phường Thường Lạc,✅ Toàn bộ
Đồng Tháp,Phường 1,phường Cao Lãnh,✅ Toàn bộ
Đồng Tháp,Phường 3,phường Cao Lãnh,✅ Toàn bộ
Đồng Tháp,Phường 4,phường Cao Lãnh,✅ Toàn bộ
Đồng Tháp,Phường 6 (thành phố Cao Lãnh),phường Cao Lãnh,✅ Toàn bộ
Đồng Tháp,phường Hòa Thuận,phường Cao Lãnh,✅ Toàn bộ
Đồng Tháp,xã Hòa An,phường Cao Lãnh,✅ Toàn bộ
Đồng Tháp,Tịnh Thới,phường Cao Lãnh,✅ Toàn bộ
Đồng Tháp,Tân Thuận Tây,phường Cao Lãnh,✅ Toàn bộ
Đồng Tháp,Tân Thuận Đông,phường Cao Lãnh,✅ Toàn bộ
Đồng Tháp,phường Mỹ Ngãi,phường Mỹ Ngãi,✅ Toàn bộ
Đồng Tháp,xã Mỹ Tân (thành phố Cao Lãnh),phường Mỹ Ngãi,✅ Toàn bộ
Đồng Tháp,xã Tân Nghĩa,phường Mỹ Ngãi,✅ Toàn bộ
Đồng Tháp,phường Mỹ Phú,phường Mỹ Trà,✅ Toàn bộ
Đồng Tháp,xã Nhị Mỹ,phường Mỹ Trà,✅ Toàn bộ
Đồng Tháp,An Bình,phường Mỹ Trà,✅ Toàn bộ
Đồng Tháp,Mỹ Trà,phường Mỹ Trà,✅ Toàn bộ
Đồng Tháp,Phường 1,phường Sa Đéc,✅ Toàn bộ
Đồng Tháp,Phường 2,phường Sa Đéc,✅ Toàn bộ
Đồng Tháp,Phường 3,phường Sa Đéc,✅ Toàn bộ
Đồng Tháp,Phường 4 (thành phố Sa Đéc),phường Sa Đéc,✅ Toàn bộ
Đồng Tháp,phường An Hòa,phường Sa Đéc,✅ Toàn bộ
Đồng Tháp,phường Tân Quy Đông,phường Sa Đéc,✅ Toàn bộ
Đồng Tháp,xã Tân Khánh Đông,phường Sa Đéc,✅ Toàn bộ
Đồng Tháp,xã Tân Quy Tây,phường Sa Đéc,✅ Toàn bộ
Đồng Tháp,Phường 1,phường Mỹ Phước Tây,✅ Toàn bộ
Đồng Tháp,Phường 3 (thị xã Cai Lậy),phường Mỹ Phước Tây,✅ Toàn bộ
Đồng Tháp,xã Mỹ Hạnh Trung,phường Mỹ Phước Tây,✅ Toàn bộ
Đồng Tháp,xã Mỹ Phước Tây,phường Mỹ Phước Tây,✅ Toàn bộ
Đồng Tháp,Phường 2,phường Thanh Hòa,✅ Toàn bộ
Đồng Tháp,xã Tân Bình (thị xã Cai Lậy),phường Thanh Hòa,✅ Toàn bộ
Đồng Tháp,xã Thanh Hòa,phường Thanh Hòa,✅ Toàn bộ
Đồng Tháp,Phường 4,phường Cai Lậy,✅ Toàn bộ
Đồng Tháp,Phường 5 (thị xã Cai Lậy),phường Cai Lậy,✅ Toàn bộ
Đồng Tháp,xã Long Khánh,phường Cai Lậy,✅ Toàn bộ
Đồng Tháp,phường Nhị Mỹ,phường Nhị Quý,✅ Toàn bộ
Đồng Tháp,xã Phú Quý,phường Nhị Quý,✅ Toàn bộ
Đồng Tháp,xã Nhị Quý,phường Nhị Quý,✅ Toàn bộ
Ninh Bình,xã Bình Nghĩa,xã Bình Lục,✅ Toàn bộ
Ninh Bình,Tràng An,xã Bình Lục,✅ Toàn bộ
Ninh Bình,Đồng Du,xã Bình Lục,✅ Toàn bộ
Ninh Bình,thị trấn Bình Mỹ,xã Bình Mỹ,✅ Toàn bộ
Ninh Bình,xã Đồn Xá,xã Bình Mỹ,✅ Toàn bộ
Ninh Bình,xã La Sơn,xã Bình Mỹ,✅ Toàn bộ
Ninh Bình,xã Trung Lương,xã Bình An,✅ Toàn bộ
Ninh Bình,Ngọc Lũ,xã Bình An,✅ Toàn bộ
Ninh Bình,Bình An,xã Bình An,✅ Toàn bộ
Ninh Bình,xã Bồ Đề,xã Bình Giang,✅ Toàn bộ
Ninh Bình,Vũ Bản,xã Bình Giang,✅ Toàn bộ
Ninh Bình,An Ninh,xã Bình Giang,✅ Toàn bộ
Ninh Bình,xã Tiêu Động,xã Bình Sơn,✅ Toàn bộ
Ninh Bình,An Lão,xã Bình Sơn,✅ Toàn bộ
Ninh Bình,An Đổ,xã Bình Sơn,✅ Toàn bộ
Ninh Bình,xã Liêm Phong,xã Liêm Hà,✅ Toàn bộ
Ninh Bình,Liêm Cần,xã Liêm Hà,✅ Toàn bộ
Ninh Bình,Thanh Hà,xã Liêm Hà,✅ Toàn bộ
Ninh Bình,thị trấn Tân Thanh,xã Tân Thanh,✅ Toàn bộ
Ninh Bình,xã Thanh Thủy,xã Tân Thanh,✅ Toàn bộ
Ninh Bình,xã Thanh Phong,xã Tân Thanh,✅ Toàn bộ
Ninh Bình,xã Liêm Sơn,xã Thanh Bình,✅ Toàn bộ
Ninh Bình,Liêm Thuận,xã Thanh Bình,✅ Toàn bộ
Ninh Bình,Liêm Túc,xã Thanh Bình,✅ Toàn bộ
Ninh Bình,xã Thanh Nghị,xã Thanh Lâm,✅ Toàn bộ
Ninh Bình,Thanh Tân,xã Thanh Lâm,✅ Toàn bộ
Ninh Bình,Thanh Hải,xã Thanh Lâm,✅ Toàn bộ
Ninh Bình,xã Thanh Hương,xã Thanh Liêm,✅ Toàn bộ
Ninh Bình,Thanh Tâm,xã Thanh Liêm,✅ Toàn bộ
Ninh Bình,Thanh Nguyên,xã Thanh Liêm,✅ Toàn bộ
Ninh Bình,xã Chính Lý,xã Lý Nhân,✅ Toàn bộ
Ninh Bình,Hợp Lý,xã Lý Nhân,✅ Toàn bộ
Ninh Bình,Văn Lý,xã Lý Nhân,✅ Toàn bộ
Ninh Bình,xã Công Lý,xã Nam Xang,✅ Toàn bộ
Ninh Bình,Nguyên Lý,xã Nam Xang,✅ Toàn bộ
Ninh Bình,Đức Lý,xã Nam Xang,✅ Toàn bộ
Ninh Bình,xã Chân Lý,xã Bắc Lý,✅ Toàn bộ
Ninh Bình,Đạo Lý,xã Bắc Lý,✅ Toàn bộ
Ninh Bình,Bắc Lý,xã Bắc Lý,✅ Toàn bộ
Ninh Bình,thị trấn Vĩnh Trụ,xã Vĩnh Trụ,✅ Toàn bộ
Ninh Bình,xã Nhân Chính,xã Vĩnh Trụ,✅ Toàn bộ
Ninh Bình,xã Nhân Khang,xã Vĩnh Trụ,✅ Toàn bộ
Ninh Bình,xã Trần Hưng Đạo,xã Trần Thương,✅ Toàn bộ
Ninh Bình,Nhân Nghĩa,xã Trần Thương,✅ Toàn bộ
Ninh Bình,Nhân Bình,xã Trần Thương,✅ Toàn bộ
Ninh Bình,xã Nhân Thịnh,xã Nhân Hà,✅ Toàn bộ
Ninh Bình,Nhân Mỹ,xã Nhân Hà,✅ Toàn bộ
Ninh Bình,Xuân Khê,xã Nhân Hà,✅ Toàn bộ
Ninh Bình,xã Tiến Thắng (huyện Lý Nhân),xã Nam Lý,✅ Toàn bộ
Ninh Bình,Phú Phúc,xã Nam Lý,✅ Toàn bộ
Ninh Bình,Hòa Hậu,xã Nam Lý,✅ Toàn bộ
Ninh Bình,thị trấn Nam Giang,xã Nam Trực,✅ Toàn bộ
Ninh Bình,xã Nam Cường,xã Nam Trực,✅ Toàn bộ
Ninh Bình,xã Nam Hùng,xã Nam Trực,✅ Toàn bộ
Ninh Bình,xã Nam Dương,xã Nam Minh,✅ Toàn bộ
Ninh Bình,Bình Minh,xã Nam Minh,✅ Toàn bộ
Ninh Bình,Nam Tiến,xã Nam Minh,✅ Toàn bộ
Ninh Bình,xã Đồng Sơn,xã Nam Đồng,✅ Toàn bộ
Ninh Bình,xã Nam Thái,xã Nam Đồng,✅ Toàn bộ
Ninh Bình,xã Nam Hoa,xã Nam Ninh,✅ Toàn bộ
Ninh Bình,Nam Lợi,xã Nam Ninh,✅ Toàn bộ
Ninh Bình,Nam Hải,xã Nam Ninh,✅ Toàn bộ
Ninh Bình,Nam Thanh,xã Nam Ninh,✅ Toàn bộ
Ninh Bình,xã Tân Thịnh,xã Nam Hồng,✅ Toàn bộ
Ninh Bình,Nam Thắng,xã Nam Hồng,✅ Toàn bộ
Ninh Bình,Nam Hồng,xã Nam Hồng,✅ Toàn bộ
Ninh Bình,xã Cộng Hòa,xã Minh Tân,✅ Toàn bộ
Ninh Bình,xã Minh Tân,xã Minh Tân,✅ Toàn bộ
Ninh Bình,xã Hợp Hưng,xã Hiển Khánh,✅ Toàn bộ
Ninh Bình,Trung Thành,xã Hiển Khánh,✅ Toàn bộ
Ninh Bình,Quang Trung,xã Hiển Khánh,✅ Toàn bộ
Ninh Bình,Hiển Khánh,xã Hiển Khánh,✅ Toàn bộ
Ninh Bình,thị trấn Gôi,xã Vụ Bản,✅ Toàn bộ
Ninh Bình,xã Kim Thái,xã Vụ Bản,✅ Toàn bộ
Ninh Bình,xã Tam Thanh,xã Vụ Bản,✅ Toàn bộ
Ninh Bình,xã Vĩnh Hào,xã Liên Minh,✅ Toàn bộ
Ninh Bình,Đại Thắng,xã Liên Minh,✅ Toàn bộ
Ninh Bình,Liên Minh,xã Liên Minh,✅ Toàn bộ
Ninh Bình,xã Yên Phong và xã Hồng Quang (huyện Ý Yên),xã Ý Yên,✅ Toàn bộ
Ninh Bình,xã Yên Khánh,xã Ý Yên,✅ Toàn bộ
Ninh Bình,thị trấn Lâm,xã Ý Yên,✅ Toàn bộ
Ninh Bình,xã Yên Đồng (huyện Ý Yên),xã Yên Đồng,✅ Toàn bộ
Ninh Bình,Yên Trị và Yên Khang,xã Yên Đồng,✅ Toàn bộ
Ninh Bình,xã Yên Nhân và xã Yên Lộc (huyện Ý Yên),xã Yên Cường,✅ Toàn bộ
Ninh Bình,xã Yên Phúc,xã Yên Cường,✅ Toàn bộ
Ninh Bình,xã Yên Cường,xã Yên Cường,✅ Toàn bộ
Ninh Bình,xã Yên Thắng (huyện Ý Yên),xã Vạn Thắng,✅ Toàn bộ
Ninh Bình,Yên Tiến,xã Vạn Thắng,✅ Toàn bộ
Ninh Bình,Yên Lương,xã Vạn Thắng,✅ Toàn bộ
Ninh Bình,xã Yên Mỹ (huyện Ý Yên),xã Vũ Dương,✅ Toàn bộ
Ninh Bình,Yên Bình,xã Vũ Dương,✅ Toàn bộ
Ninh Bình,Yên Dương,xã Vũ Dương,✅ Toàn bộ
Ninh Bình,Yên Ninh,xã Vũ Dương,✅ Toàn bộ
Ninh Bình,xã Trung Nghĩa,xã Tân Minh,✅ Toàn bộ
Ninh Bình,xã Tân Minh,xã Tân Minh,✅ Toàn bộ
Ninh Bình,xã Phú Hưng,xã Phong Doanh,✅ Toàn bộ
Ninh Bình,Yên Thọ,xã Phong Doanh,✅ Toàn bộ
Ninh Bình,Yên Chính,xã Phong Doanh,✅ Toàn bộ
Ninh Bình,thị trấn Cổ Lễ,xã Cổ Lễ,✅ Toàn bộ
Ninh Bình,xã Trung Đông,xã Cổ Lễ,✅ Toàn bộ
Ninh Bình,xã Trực Tuấn,xã Cổ Lễ,✅ Toàn bộ
Ninh Bình,xã Trực Chính,xã Ninh Giang,✅ Toàn bộ
Ninh Bình,Phương Định,xã Ninh Giang,✅ Toàn bộ
Ninh Bình,Liêm Hải,xã Ninh Giang,✅ Toàn bộ
Ninh Bình,thị trấn Cát Thành,xã Cát Thành,✅ Toàn bộ
Ninh Bình,xã Việt Hùng,xã Cát Thành,✅ Toàn bộ
Ninh Bình,xã Trực Đạo,xã Cát Thành,✅ Toàn bộ
Ninh Bình,xã Trực Thanh,xã Trực Ninh,✅ Toàn bộ
Ninh Bình,Trực Nội,xã Trực Ninh,✅ Toàn bộ
Ninh Bình,Trực Hưng,xã Trực Ninh,✅ Toàn bộ
Ninh Bình,xã Trực Khang,xã Quang Hưng,✅ Toàn bộ
Ninh Bình,Trực Mỹ,xã Quang Hưng,✅ Toàn bộ
Ninh Bình,Trực Thuận,xã Quang Hưng,✅ Toàn bộ
Ninh Bình,xã Trực Đại,xã Minh Thái,✅ Toàn bộ
Ninh Bình,Trực Thái,xã Minh Thái,✅ Toàn bộ
Ninh Bình,Trực Thắng,xã Minh Thái,✅ Toàn bộ
Ninh Bình,thị trấn Ninh Cường,xã Ninh Cường,✅ Toàn bộ
Ninh Bình,xã Trực Cường,xã Ninh Cường,✅ Toàn bộ
Ninh Bình,xã Trực Hùng,xã Ninh Cường,✅ Toàn bộ
Ninh Bình,thị trấn Xuân Trường,xã Xuân Trường,✅ Toàn bộ
Ninh Bình,xã Xuân Phúc,xã Xuân Trường,✅ Toàn bộ
Ninh Bình,Xuân Ninh,xã Xuân Trường,✅ Toàn bộ
Ninh Bình,Xuân Ngọc,xã Xuân Trường,✅ Toàn bộ
Ninh Bình,xã Xuân Vinh,xã Xuân Hưng,✅ Toàn bộ
Ninh Bình,Trà Lũ,xã Xuân Hưng,✅ Toàn bộ
Ninh Bình,Thọ Nghiệp,xã Xuân Hưng,✅ Toàn bộ
Ninh Bình,xã Xuân Tân,xã Xuân Giang,✅ Toàn bộ
Ninh Bình,Xuân Phú,xã Xuân Giang,✅ Toàn bộ
Ninh Bình,Xuân Giang,xã Xuân Giang,✅ Toàn bộ
Ninh Bình,xã Xuân Châu,xã Xuân Hồng,✅ Toàn bộ
Ninh Bình,Xuân Thành,xã Xuân Hồng,✅ Toàn bộ
Ninh Bình,Xuân Thượng,xã Xuân Hồng,✅ Toàn bộ
Ninh Bình,Xuân Hồng,xã Xuân Hồng,✅ Toàn bộ
Ninh Bình,thị trấn Yên Định,xã Hải Hậu,✅ Toàn bộ
Ninh Bình,xã Hải Trung,xã Hải Hậu,✅ Toàn bộ
Ninh Bình,xã Hải Long,xã Hải Hậu,✅ Toàn bộ
Ninh Bình,xã Hải Minh,xã Hải Anh,✅ Toàn bộ
Ninh Bình,Hải Đường,xã Hải Anh,✅ Toàn bộ
Ninh Bình,Hải Anh,xã Hải Anh,✅ Toàn bộ
Ninh Bình,thị trấn Cồn,xã Hải Tiến,✅ Toàn bộ
Ninh Bình,xã Hải Sơn,xã Hải Tiến,✅ Toàn bộ
Ninh Bình,xã Hải Tân,xã Hải Tiến,✅ Toàn bộ
Ninh Bình,xã Hải Nam,xã Hải Hưng,✅ Toàn bộ
Ninh Bình,Hải Lộc,xã Hải Hưng,✅ Toàn bộ
Ninh Bình,Hải Hưng,xã Hải Hưng,✅ Toàn bộ
Ninh Bình,xã Hải Phong,xã Hải An,✅ Toàn bộ
Ninh Bình,Hải Giang,xã Hải An,✅ Toàn bộ
Ninh Bình,Hải An,xã Hải An,✅ Toàn bộ
Ninh Bình,xã Hải Đông,xã Hải Quang,✅ Toàn bộ
Ninh Bình,Hải Tây,xã Hải Quang,✅ Toàn bộ
Ninh Bình,Hải Quang,xã Hải Quang,✅ Toàn bộ
Ninh Bình,xã Hải Phú,xã Hải Xuân,✅ Toàn bộ
Ninh Bình,Hải Hòa,xã Hải Xuân,✅ Toàn bộ
Ninh Bình,Hải Xuân,xã Hải Xuân,✅ Toàn bộ
Ninh Bình,thị trấn Thịnh Long,xã Hải Thịnh,✅ Toàn bộ
Ninh Bình,xã Hải Châu,xã Hải Thịnh,✅ Toàn bộ
Ninh Bình,xã Hải Ninh,xã Hải Thịnh,✅ Toàn bộ
Ninh Bình,xã Giao Thiện,xã Giao Minh,✅ Toàn bộ
Ninh Bình,Giao Hương,xã Giao Minh,✅ Toàn bộ
Ninh Bình,Giao Thanh,xã Giao Minh,✅ Toàn bộ
Ninh Bình,xã Hồng Thuận,xã Giao Hòa,✅ Toàn bộ
Ninh Bình,Giao An,xã Giao Hòa,✅ Toàn bộ
Ninh Bình,Giao Lạc,xã Giao Hòa,✅ Toàn bộ
Ninh Bình,thị trấn Giao Thủy,xã Giao Thủy,✅ Toàn bộ
Ninh Bình,xã Bình Hòa,xã Giao Thủy,✅ Toàn bộ
Ninh Bình,xã Giao Xuân,xã Giao Phúc,✅ Toàn bộ
Ninh Bình,Giao Hà,xã Giao Phúc,✅ Toàn bộ
Ninh Bình,Giao Hải,xã Giao Phúc,✅ Toàn bộ
Ninh Bình,xã Giao Nhân,xã Giao Hưng,✅ Toàn bộ
Ninh Bình,Giao Long,xã Giao Hưng,✅ Toàn bộ
Ninh Bình,Giao Châu,xã Giao Hưng,✅ Toàn bộ
Ninh Bình,xã Giao Yến,xã Giao Bình,✅ Toàn bộ
Ninh Bình,Bạch Long,xã Giao Bình,✅ Toàn bộ
Ninh Bình,Giao Tân,xã Giao Bình,✅ Toàn bộ
Ninh Bình,thị trấn Quất Lâm,xã Giao Ninh,✅ Toàn bộ
Ninh Bình,xã Giao Phong,xã Giao Ninh,✅ Toàn bộ
Ninh Bình,xã Giao Thịnh,xã Giao Ninh,✅ Toàn bộ
Ninh Bình,xã Hoàng Nam,xã Đồng Thịnh,✅ Toàn bộ
Ninh Bình,xã Đồng Thịnh,xã Đồng Thịnh,✅ Toàn bộ
Ninh Bình,thị trấn Liễu Đề,xã Nghĩa Hưng,✅ Toàn bộ
Ninh Bình,xã Nghĩa Thái,xã Nghĩa Hưng,✅ Toàn bộ
Ninh Bình,Nghĩa Châu,xã Nghĩa Hưng,✅ Toàn bộ
Ninh Bình,Nghĩa Trung,xã Nghĩa Hưng,✅ Toàn bộ
Ninh Bình,xã Nghĩa Lạc,xã Nghĩa Sơn,✅ Toàn bộ
Ninh Bình,xã Nghĩa Sơn,xã Nghĩa Sơn,✅ Toàn bộ
Ninh Bình,xã Nghĩa Hồng,xã Hồng Phong,✅ Toàn bộ
Ninh Bình,Nghĩa Phong,xã Hồng Phong,✅ Toàn bộ
Ninh Bình,Nghĩa Phú,xã Hồng Phong,✅ Toàn bộ
Ninh Bình,thị trấn Quỹ Nhất,xã Quỹ Nhất,✅ Toàn bộ
Ninh Bình,xã Nghĩa Thành,xã Quỹ Nhất,✅ Toàn bộ
Ninh Bình,xã Nghĩa Lợi,xã Quỹ Nhất,✅ Toàn bộ
Ninh Bình,xã Nghĩa Hùng,xã Nghĩa Lâm,✅ Toàn bộ
Ninh Bình,Nghĩa Hải,xã Nghĩa Lâm,✅ Toàn bộ
Ninh Bình,Nghĩa Lâm,xã Nghĩa Lâm,✅ Toàn bộ
Ninh Bình,xã Nam Điền (huyện Nghĩa Hưng),xã Rạng Đông,✅ Toàn bộ
Ninh Bình,xã Phúc Thắng,xã Rạng Đông,✅ Toàn bộ
Ninh Bình,thị trấn Rạng Đông,xã Rạng Đông,✅ Toàn bộ
Ninh Bình,thị trấn Thịnh Vượng,xã Gia Viễn,✅ Toàn bộ
Ninh Bình,xã Gia Hòa,xã Gia Viễn,✅ Toàn bộ
Ninh Bình,xã Tiến Thắng (huyện Gia Viễn),xã Đại Hoàng,✅ Toàn bộ
Ninh Bình,Gia Phương,xã Đại Hoàng,✅ Toàn bộ
Ninh Bình,Gia Trung,xã Đại Hoàng,✅ Toàn bộ
Ninh Bình,xã Liên Sơn (huyện Gia Viễn),xã Gia Hưng,✅ Toàn bộ
Ninh Bình,Gia Phú,xã Gia Hưng,✅ Toàn bộ
Ninh Bình,Gia Hưng,xã Gia Hưng,✅ Toàn bộ
Ninh Bình,xã Gia Lạc,xã Gia Phong,✅ Toàn bộ
Ninh Bình,Gia Minh,xã Gia Phong,✅ Toàn bộ
Ninh Bình,Gia Phong,xã Gia Phong,✅ Toàn bộ
Ninh Bình,xã Gia Lập,xã Gia Vân,✅ Toàn bộ
Ninh Bình,xã Gia Vân,xã Gia Vân,✅ Toàn bộ
Ninh Bình,xã Gia Tân,xã Gia Vân,⚠️ Một phần (Cần check)
Ninh Bình,xã Gia Thanh,xã Gia Trấn,✅ Toàn bộ
Ninh Bình,Gia Xuân,xã Gia Trấn,✅ Toàn bộ
Ninh Bình,Gia Trấn,xã Gia Trấn,✅ Toàn bộ
Ninh Bình,thị trấn Nho Quan,xã Nho Quan,✅ Toàn bộ
Ninh Bình,xã Đồng Phong,xã Nho Quan,✅ Toàn bộ
Ninh Bình,xã Yên Quang,xã Nho Quan,✅ Toàn bộ
Ninh Bình,xã Gia Sơn,xã Gia Lâm,✅ Toàn bộ
Ninh Bình,Xích Thổ,xã Gia Lâm,✅ Toàn bộ
Ninh Bình,Gia Lâm,xã Gia Lâm,✅ Toàn bộ
Ninh Bình,xã Gia Thủy,xã Gia Tường,✅ Toàn bộ
Ninh Bình,Đức Long,xã Gia Tường,✅ Toàn bộ
Ninh Bình,Gia Tường,xã Gia Tường,✅ Toàn bộ
Ninh Bình,xã Thạch Bình,xã Phú Sơn,✅ Toàn bộ
Ninh Bình,Lạc Vân,xã Phú Sơn,✅ Toàn bộ
Ninh Bình,Phú Sơn,xã Phú Sơn,✅ Toàn bộ
Ninh Bình,xã Văn Phương,xã Cúc Phương,✅ Toàn bộ
Ninh Bình,xã Cúc Phương,xã Cúc Phương,✅ Toàn bộ
Ninh Bình,xã Kỳ Phú,xã Phú Long,✅ Toàn bộ
Ninh Bình,xã Phú Long,xã Phú Long,✅ Toàn bộ
Ninh Bình,xã Thanh Sơn (huyện Nho Quan),xã Thanh Sơn,✅ Toàn bộ
Ninh Bình,Thượng Hòa và Văn Phú,xã Thanh Sơn,✅ Toàn bộ
Ninh Bình,xã Phú Lộc,xã Quỳnh Lưu,✅ Toàn bộ
Ninh Bình,xã Quỳnh Lưu,xã Quỳnh Lưu,✅ Toàn bộ
Ninh Bình,thị trấn Yên Ninh,xã Yên Khánh,✅ Toàn bộ
Ninh Bình,xã Khánh Cư,xã Yên Khánh,✅ Toàn bộ
Ninh Bình,Khánh Vân,xã Yên Khánh,✅ Toàn bộ
Ninh Bình,Khánh Hải,xã Yên Khánh,✅ Toàn bộ
Ninh Bình,xã Khánh Hồng,xã Khánh Nhạc,✅ Toàn bộ
Ninh Bình,xã Khánh Nhạc,xã Khánh Nhạc,✅ Toàn bộ
Ninh Bình,xã Khánh Cường,xã Khánh Thiện,✅ Toàn bộ
Ninh Bình,Khánh Lợi,xã Khánh Thiện,✅ Toàn bộ
Ninh Bình,Khánh Thiện,xã Khánh Thiện,✅ Toàn bộ
Ninh Bình,xã Khánh Mậu,xã Khánh Hội,✅ Toàn bộ
Ninh Bình,Khánh Thủy,xã Khánh Hội,✅ Toàn bộ
Ninh Bình,Khánh Hội,xã Khánh Hội,✅ Toàn bộ
Ninh Bình,xã Khánh Thành,xã Khánh Trung,✅ Toàn bộ
Ninh Bình,Khánh Công,xã Khánh Trung,✅ Toàn bộ
Ninh Bình,Khánh Trung,xã Khánh Trung,✅ Toàn bộ
Ninh Bình,thị trấn Yên Thịnh,xã Yên Mô,✅ Toàn bộ
Ninh Bình,xã Khánh Dương,xã Yên Mô,✅ Toàn bộ
Ninh Bình,xã Yên Hòa,xã Yên Mô,✅ Toàn bộ
Ninh Bình,xã Yên Phong và xã Yên Nhân (huyện Yên Mô),xã Yên Từ,✅ Toàn bộ
Ninh Bình,xã Yên Từ,xã Yên Từ,✅ Toàn bộ
Ninh Bình,xã Yên Mỹ (huyện Yên Mô),xã Yên Mạc,✅ Toàn bộ
Ninh Bình,Yên Lâm,xã Yên Mạc,✅ Toàn bộ
Ninh Bình,Yên Mạc,xã Yên Mạc,✅ Toàn bộ
Ninh Bình,xã Yên Đồng (huyện Yên Mô),xã Đồng Thái,✅ Toàn bộ
Ninh Bình,Yên Thành,xã Đồng Thái,✅ Toàn bộ
Ninh Bình,Yên Thái,xã Đồng Thái,✅ Toàn bộ
Ninh Bình,xã Xuân Chính,xã Chất Bình,✅ Toàn bộ
Ninh Bình,Hồi Ninh,xã Chất Bình,✅ Toàn bộ
Ninh Bình,Chất Bình,xã Chất Bình,✅ Toàn bộ
Ninh Bình,xã Kim Định,xã Kim Sơn,✅ Toàn bộ
Ninh Bình,Ân Hòa,xã Kim Sơn,✅ Toàn bộ
Ninh Bình,Hùng Tiến,xã Kim Sơn,✅ Toàn bộ
Ninh Bình,xã Như Hòa,xã Quang Thiện,✅ Toàn bộ
Ninh Bình,Đồng Hướng,xã Quang Thiện,✅ Toàn bộ
Ninh Bình,Quang Thiện,xã Quang Thiện,✅ Toàn bộ
Ninh Bình,thị trấn Phát Diệm,xã Phát Diệm,✅ Toàn bộ
Ninh Bình,xã Thượng Kiệm,xã Phát Diệm,✅ Toàn bộ
Ninh Bình,xã Kim Chính,xã Phát Diệm,✅ Toàn bộ
Ninh Bình,xã Yên Lộc (huyện Kim Sơn),xã Lai Thành,✅ Toàn bộ
Ninh Bình,Tân Thành,xã Lai Thành,✅ Toàn bộ
Ninh Bình,Lai Thành,xã Lai Thành,✅ Toàn bộ
Ninh Bình,xã Văn Hải,xã Định Hóa,✅ Toàn bộ
Ninh Bình,Kim Tân,xã Định Hóa,✅ Toàn bộ
Ninh Bình,Định Hóa,xã Định Hóa,✅ Toàn bộ
Ninh Bình,thị trấn Bình Minh,xã Bình Minh,✅ Toàn bộ
Ninh Bình,xã Cồn Thoi,xã Bình Minh,✅ Toàn bộ
Ninh Bình,xã Kim Mỹ,xã Bình Minh,✅ Toàn bộ
Ninh Bình,xã Kim Trung,xã Kim Đông,✅ Toàn bộ
Ninh Bình,xã Kim Đông,xã Kim Đông,✅ Toàn bộ
Ninh Bình,khu vực bãi bồi ven biển (do huyện Kim Sơn quản lý),xã Kim Đông,✅ Toàn bộ
Ninh Bình,xã Chuyên Ngoại,phường Duy Tiên,✅ Toàn bộ
Ninh Bình,Trác Văn,phường Duy Tiên,✅ Toàn bộ
Ninh Bình,Yên Nam,phường Duy Tiên,✅ Toàn bộ
Ninh Bình,phường Hòa Mạc,phường Duy Tiên,⚠️ Một phần (Cần check)
Ninh Bình,phường Châu Giang,phường Duy Tân,✅ Toàn bộ
Ninh Bình,xã Mộc Hoàn,phường Duy Tân,✅ Toàn bộ
Ninh Bình,phần còn lại của phường Hòa Mạc sau khi sắp xếp theo quy định tại khoản 98 Điều này,phường Duy Tân,✅ Toàn bộ
Ninh Bình,phường Bạch Thượng,phường Đồng Văn,✅ Toàn bộ
Ninh Bình,Yên Bắc,phường Đồng Văn,✅ Toàn bộ
Ninh Bình,Đồng Văn,phường Đồng Văn,✅ Toàn bộ
Ninh Bình,phường Duy Minh,phường Duy Hà,✅ Toàn bộ
Ninh Bình,phường Duy Hải,phường Duy Hà,✅ Toàn bộ
Ninh Bình,phường Hoàng Đông,phường Duy Hà,⚠️ Một phần (Cần check)
Ninh Bình,phường Tiên Sơn,phường Tiên Sơn,✅ Toàn bộ
Ninh Bình,phường Tiên Nội,phường Tiên Sơn,⚠️ Một phần (Cần check)
Ninh Bình,xã Tiên Ngoại,phường Tiên Sơn,⚠️ Một phần (Cần check)
Ninh Bình,phường Đại Cương,phường Lê Hồ,✅ Toàn bộ
Ninh Bình,Đồng Hoá,phường Lê Hồ,✅ Toàn bộ
Ninh Bình,Lê Hồ,phường Lê Hồ,✅ Toàn bộ
Ninh Bình,phường Tượng Lĩnh,phường Nguyễn Úy,✅ Toàn bộ
Ninh Bình,phường Tân Sơn,phường Nguyễn Úy,✅ Toàn bộ
Ninh Bình,xã Nguyễn Úy,phường Nguyễn Úy,✅ Toàn bộ
Ninh Bình,xã Liên Sơn,phường Lý Thường Kiệt,✅ Toàn bộ
Ninh Bình,xã Thanh Sơn (thị xã Kim Bảng),phường Lý Thường Kiệt,✅ Toàn bộ
Ninh Bình,phường Thi Sơn,phường Lý Thường Kiệt,✅ Toàn bộ
Ninh Bình,phường Tân Tựu,phường Kim Thanh,✅ Toàn bộ
Ninh Bình,xã Hoàng Tây,phường Kim Thanh,✅ Toàn bộ
Ninh Bình,phường Ba Sao,phường Tam Chúc,✅ Toàn bộ
Ninh Bình,xã Khả Phong,phường Tam Chúc,✅ Toàn bộ
Ninh Bình,xã Thuỵ Lôi,phường Tam Chúc,✅ Toàn bộ
Ninh Bình,phường Quế,phường Kim Bảng,✅ Toàn bộ
Ninh Bình,phường Ngọc Sơn,phường Kim Bảng,✅ Toàn bộ
Ninh Bình,xã Văn Xá,phường Kim Bảng,✅ Toàn bộ
Ninh Bình,phường Lam Hạ,phường Hà Nam,✅ Toàn bộ
Ninh Bình,phường Tân Hiệp,phường Hà Nam,✅ Toàn bộ
Ninh Bình,phường Quang Trung (thành phố Phủ Lý),phường Hà Nam,⚠️ Một phần (Cần check)
Ninh Bình,phần còn lại của phường Hoàng Đông sau khi sắp xếp theo quy định tại khoản 101 Điều này,phường Hà Nam,⚠️ Một phần (Cần check)
Ninh Bình,phần còn lại của phường Tiên Nội,phường Hà Nam,⚠️ Một phần (Cần check)
Ninh Bình,xã Tiên Ngoại sau khi sắp xếp theo quy định tại khoản 102 Điều này,phường Hà Nam,⚠️ Một phần (Cần check)
Ninh Bình,phường Lê Hồng Phong,phường Phù Vân,✅ Toàn bộ
Ninh Bình,xã Kim Bình,phường Phù Vân,✅ Toàn bộ
Ninh Bình,xã Phù Vân,phường Phù Vân,✅ Toàn bộ
Ninh Bình,phường Thanh Tuyền,phường Châu Sơn,✅ Toàn bộ
Ninh Bình,phường Châu Sơn,phường Châu Sơn,✅ Toàn bộ
Ninh Bình,thị trấn Kiện Khê,phường Châu Sơn,✅ Toàn bộ
Ninh Bình,phường Châu Cầu,phường Phủ Lý,✅ Toàn bộ
Ninh Bình,Thanh Châu,phường Phủ Lý,✅ Toàn bộ
Ninh Bình,Liêm Chính,phường Phủ Lý,✅ Toàn bộ
Ninh Bình,phần còn lại của phường Quang Trung (thành phố Phủ Lý) sau khi sắp xếp theo quy định tại khoản 109 Điều này,phường Phủ Lý,✅ Toàn bộ
Ninh Bình,phường Tân Liêm,phường Liêm Tuyền,✅ Toàn bộ
Ninh Bình,xã Đinh Xá,phường Liêm Tuyền,✅ Toàn bộ
Ninh Bình,xã Trịnh Xá,phường Liêm Tuyền,✅ Toàn bộ
Ninh Bình,phường Quang Trung (thành phố Nam Định),phường Nam Định,✅ Toàn bộ
Ninh Bình,Vị Xuyên,phường Nam Định,✅ Toàn bộ
Ninh Bình,Lộc Vượng,phường Nam Định,✅ Toàn bộ
Ninh Bình,Cửa Bắc,phường Nam Định,✅ Toàn bộ
Ninh Bình,Trần Hưng Đạo,phường Nam Định,✅ Toàn bộ
Ninh Bình,Năng Tĩnh,phường Nam Định,✅ Toàn bộ
Ninh Bình,Cửa Nam,phường Nam Định,✅ Toàn bộ
Ninh Bình,xã Mỹ Phúc,phường Nam Định,✅ Toàn bộ
Ninh Bình,phường Lộc Hạ,phường Thiên Trường,✅ Toàn bộ
Ninh Bình,xã Mỹ Tân,phường Thiên Trường,✅ Toàn bộ
Ninh Bình,xã Mỹ Trung,phường Thiên Trường,✅ Toàn bộ
Ninh Bình,phường Lộc Hòa,phường Đông A,✅ Toàn bộ
Ninh Bình,xã Mỹ Thắng,phường Đông A,✅ Toàn bộ
Ninh Bình,xã Mỹ Hà,phường Đông A,✅ Toàn bộ
Ninh Bình,xã Nam Điền (huyện Nam Trực) và phường Nam Phong,phường Vị Khê,✅ Toàn bộ
Ninh Bình,phường Mỹ Xá,phường Thành Nam,✅ Toàn bộ
Ninh Bình,xã Đại An,phường Thành Nam,✅ Toàn bộ
Ninh Bình,phường Trường Thi,phường Trường Thi,✅ Toàn bộ
Ninh Bình,xã Thành Lợi,phường Trường Thi,✅ Toàn bộ
Ninh Bình,xã Hồng Quang (huyện Nam Trực),phường Hồng Quang,✅ Toàn bộ
Ninh Bình,xã Nghĩa An,phường Hồng Quang,✅ Toàn bộ
Ninh Bình,phường Nam Vân,phường Hồng Quang,✅ Toàn bộ
Ninh Bình,phường Hưng Lộc,phường Mỹ Lộc,✅ Toàn bộ
Ninh Bình,xã Mỹ Thuận,phường Mỹ Lộc,✅ Toàn bộ
Ninh Bình,xã Mỹ Lộc,phường Mỹ Lộc,✅ Toàn bộ
Ninh Bình,phường Ninh Giang,phường Tây Hoa Lư,✅ Toàn bộ
Ninh Bình,xã Trường Yên,phường Tây Hoa Lư,✅ Toàn bộ
Ninh Bình,Ninh Hòa,phường Tây Hoa Lư,✅ Toàn bộ
Ninh Bình,Phúc Sơn,phường Tây Hoa Lư,✅ Toàn bộ
Ninh Bình,Gia Sinh,phường Tây Hoa Lư,✅ Toàn bộ
Ninh Bình,phần còn lại của xã Gia Tân sau khi sắp xếp theo quy định tại khoản 71 Điều này,phường Tây Hoa Lư,✅ Toàn bộ
Ninh Bình,phường Ninh Mỹ,phường Hoa Lư,✅ Toàn bộ
Ninh Bình,Ninh Khánh,phường Hoa Lư,✅ Toàn bộ
Ninh Bình,Đông Thành,phường Hoa Lư,✅ Toàn bộ
Ninh Bình,Tân Thành,phường Hoa Lư,✅ Toàn bộ
Ninh Bình,Vân Giang,phường Hoa Lư,✅ Toàn bộ
Ninh Bình,Nam Thành,phường Hoa Lư,✅ Toàn bộ
Ninh Bình,Nam Bình,phường Hoa Lư,✅ Toàn bộ
Ninh Bình,Bích Đào,phường Hoa Lư,✅ Toàn bộ
Ninh Bình,xã Ninh Khang,phường Hoa Lư,✅ Toàn bộ
Ninh Bình,Ninh Nhất,phường Hoa Lư,✅ Toàn bộ
Ninh Bình,Ninh Tiến,phường Hoa Lư,✅ Toàn bộ
Ninh Bình,phường Ninh Phong,phường Nam Hoa Lư,✅ Toàn bộ
Ninh Bình,phường Ninh Sơn,phường Nam Hoa Lư,✅ Toàn bộ
Ninh Bình,xã Ninh Vân,phường Nam Hoa Lư,✅ Toàn bộ
Ninh Bình,Ninh An,phường Nam Hoa Lư,✅ Toàn bộ
Ninh Bình,Ninh Hải,phường Nam Hoa Lư,✅ Toàn bộ
Ninh Bình,phường Ninh Phúc,phường Đông Hoa Lư,✅ Toàn bộ
Ninh Bình,xã Khánh Hòa,phường Đông Hoa Lư,✅ Toàn bộ
Ninh Bình,Khánh Phú,phường Đông Hoa Lư,✅ Toàn bộ
Ninh Bình,Khánh An,phường Đông Hoa Lư,✅ Toàn bộ
Ninh Bình,phường Bắc Sơn,phường Tam Điệp,✅ Toàn bộ
Ninh Bình,phường Tây Sơn,phường Tam Điệp,✅ Toàn bộ
Ninh Bình,xã Quang Sơn,phường Tam Điệp,✅ Toàn bộ
Ninh Bình,phường Tân Bình,phường Yên Sơn,✅ Toàn bộ
Ninh Bình,xã Quảng Lạc,phường Yên Sơn,✅ Toàn bộ
Ninh Bình,xã Yên Sơn,phường Yên Sơn,✅ Toàn bộ
Ninh Bình,phường Nam Sơn,phường Trung Sơn,✅ Toàn bộ
Ninh Bình,phường Trung Sơn,phường Trung Sơn,✅ Toàn bộ
Ninh Bình,xã Đông Sơn,phường Trung Sơn,✅ Toàn bộ
Ninh Bình,xã Yên Thắng (huyện Yên Mô),phường Yên Thắng,✅ Toàn bộ
Ninh Bình,xã Khánh Thượng,phường Yên Thắng,✅ Toàn bộ
Ninh Bình,phường Yên Bình,phường Yên Thắng,✅ Toàn bộ
Thanh Hóa,xã Anh Sơn,xã Các Sơn,✅ Toàn bộ
Thanh Hóa,xã Các Sơn,xã Các Sơn,✅ Toàn bộ
Thanh Hóa,xã Tân Trường,xã Trường Lâm,✅ Toàn bộ
Thanh Hóa,xã Trường Lâm,xã Trường Lâm,✅ Toàn bộ
Thanh Hóa,xã Hà Đông,xã Hà Trung,✅ Toàn bộ
Thanh Hóa,Hà Ngọc,xã Hà Trung,✅ Toàn bộ
Thanh Hóa,Yến Sơn,xã Hà Trung,✅ Toàn bộ
Thanh Hóa,thị trấn Hà Trung,xã Hà Trung,⚠️ Một phần (Cần check)
Thanh Hóa,xã Hà Bình,xã Hà Trung,⚠️ Một phần (Cần check)
Thanh Hóa,thị trấn Hà Lĩnh,xã Tống Sơn,✅ Toàn bộ
Thanh Hóa,xã Hà Tiến,xã Tống Sơn,✅ Toàn bộ
Thanh Hóa,Hà Tân,xã Tống Sơn,✅ Toàn bộ
Thanh Hóa,Hà Sơn,xã Tống Sơn,✅ Toàn bộ
Thanh Hóa,thị trấn Hà Long,xã Hà Long,✅ Toàn bộ
Thanh Hóa,xã Hà Bắc,xã Hà Long,✅ Toàn bộ
Thanh Hóa,xã Hà Giang,xã Hà Long,✅ Toàn bộ
Thanh Hóa,xã Yên Dương,xã Hoạt Giang,✅ Toàn bộ
Thanh Hóa,xã Hoạt Giang,xã Hoạt Giang,✅ Toàn bộ
Thanh Hóa,phần còn lại của thị trấn Hà Trung,xã Hoạt Giang,✅ Toàn bộ
Thanh Hóa,xã Hà Bình sau khi sắp xếp 2 theo quy định tại khoản 3 Điều này,xã Hoạt Giang,✅ Toàn bộ
Thanh Hóa,xã Hà Hải,xã Lĩnh Toại,✅ Toàn bộ
Thanh Hóa,Hà Châu,xã Lĩnh Toại,✅ Toàn bộ
Thanh Hóa,Thái Lai,xã Lĩnh Toại,✅ Toàn bộ
Thanh Hóa,Lĩnh Toại,xã Lĩnh Toại,✅ Toàn bộ
Thanh Hóa,xã Đại Lộc,xã Triệu Lộc,✅ Toàn bộ
Thanh Hóa,Tiến Lộc,xã Triệu Lộc,✅ Toàn bộ
Thanh Hóa,Triệu Lộc,xã Triệu Lộc,✅ Toàn bộ
Thanh Hóa,xã Đồng Lộc,xã Đông Thành,✅ Toàn bộ
Thanh Hóa,Thành Lộc,xã Đông Thành,✅ Toàn bộ
Thanh Hóa,Cầu Lộc,xã Đông Thành,✅ Toàn bộ
Thanh Hóa,Tuy Lộc,xã Đông Thành,✅ Toàn bộ
Thanh Hóa,thị trấn Hậu Lộc,xã Hậu Lộc,✅ Toàn bộ
Thanh Hóa,xã Thuần Lộc,xã Hậu Lộc,✅ Toàn bộ
Thanh Hóa,Mỹ Lộc,xã Hậu Lộc,✅ Toàn bộ
Thanh Hóa,Lộc Sơn,xã Hậu Lộc,✅ Toàn bộ
Thanh Hóa,xã Xuân Lộc (huyện Hậu Lộc),xã Hoa Lộc,✅ Toàn bộ
Thanh Hóa,Liên Lộc,xã Hoa Lộc,✅ Toàn bộ
Thanh Hóa,Quang Lộc,xã Hoa Lộc,✅ Toàn bộ
Thanh Hóa,Phú Lộc,xã Hoa Lộc,✅ Toàn bộ
Thanh Hóa,Hòa Lộc,xã Hoa Lộc,✅ Toàn bộ
Thanh Hóa,Hoa Lộc,xã Hoa Lộc,✅ Toàn bộ
Thanh Hóa,xã Minh Lộc,xã Vạn Lộc,✅ Toàn bộ
Thanh Hóa,Hải Lộc,xã Vạn Lộc,✅ Toàn bộ
Thanh Hóa,Hưng Lộc,xã Vạn Lộc,✅ Toàn bộ
Thanh Hóa,Ngư Lộc,xã Vạn Lộc,✅ Toàn bộ
Thanh Hóa,Đa Lộc,xã Vạn Lộc,✅ Toàn bộ
Thanh Hóa,thị trấn Nga Sơn,xã Nga Sơn,✅ Toàn bộ
Thanh Hóa,xã Nga Yên,xã Nga Sơn,✅ Toàn bộ
Thanh Hóa,Nga Thanh,xã Nga Sơn,✅ Toàn bộ
Thanh Hóa,Nga Hiệp,xã Nga Sơn,✅ Toàn bộ
Thanh Hóa,Nga Thủy,xã Nga Sơn,✅ Toàn bộ
Thanh Hóa,xã Nga Văn,xã Nga Thắng,✅ Toàn bộ
Thanh Hóa,Nga Phượng,xã Nga Thắng,✅ Toàn bộ
Thanh Hóa,Nga Thạch,xã Nga Thắng,✅ Toàn bộ
Thanh Hóa,Nga Thắng,xã Nga Thắng,✅ Toàn bộ
Thanh Hóa,xã Nga Hải,xã Hồ Vương,✅ Toàn bộ
Thanh Hóa,Nga Thành,xã Hồ Vương,✅ Toàn bộ
Thanh Hóa,Nga Giáp,xã Hồ Vương,✅ Toàn bộ
Thanh Hóa,Nga Liên,xã Hồ Vương,✅ Toàn bộ
Thanh Hóa,xã Nga Tiến,xã Tân Tiến,✅ Toàn bộ
Thanh Hóa,Nga Tân,xã Tân Tiến,✅ Toàn bộ
Thanh Hóa,Nga Thái,xã Tân Tiến,✅ Toàn bộ
Thanh Hóa,xã Nga Điền,xã Nga An,✅ Toàn bộ
Thanh Hóa,Nga Phú,xã Nga An,✅ Toàn bộ
Thanh Hóa,Nga An,xã Nga An,✅ Toàn bộ
Thanh Hóa,xã Nga Vịnh,xã Ba Đình,✅ Toàn bộ
Thanh Hóa,Nga Trường,xã Ba Đình,✅ Toàn bộ
Thanh Hóa,Nga Thiện,xã Ba Đình,✅ Toàn bộ
Thanh Hóa,Ba Đình,xã Ba Đình,✅ Toàn bộ
Thanh Hóa,thị trấn Bút Sơn,xã Hoằng Hóa,✅ Toàn bộ
Thanh Hóa,xã Hoằng Đức,xã Hoằng Hóa,✅ Toàn bộ
Thanh Hóa,Hoằng Đồng,xã Hoằng Hóa,✅ Toàn bộ
Thanh Hóa,Hoằng Đạo,xã Hoằng Hóa,✅ Toàn bộ
Thanh Hóa,Hoằng Hà,xã Hoằng Hóa,✅ Toàn bộ
Thanh Hóa,Hoằng Đạt,xã Hoằng Hóa,✅ Toàn bộ
Thanh Hóa,xã Hoằng Yến,xã Hoằng Tiến,✅ Toàn bộ
Thanh Hóa,Hoằng Hải,xã Hoằng Tiến,✅ Toàn bộ
Thanh Hóa,Hoằng Trường,xã Hoằng Tiến,✅ Toàn bộ
Thanh Hóa,Hoằng Tiến,xã Hoằng Tiến,✅ Toàn bộ
Thanh Hóa,xã Hoằng Đông,xã Hoằng Thanh,✅ Toàn bộ
Thanh Hóa,Hoằng Ngọc,xã Hoằng Thanh,✅ Toàn bộ
Thanh Hóa,Hoằng Phụ,xã Hoằng Thanh,✅ Toàn bộ
Thanh Hóa,Hoằng Thanh,xã Hoằng Thanh,✅ Toàn bộ
Thanh Hóa,xã Hoằng Thịnh,xã Hoằng Lộc,✅ Toàn bộ
Thanh Hóa,Hoằng Thái,xã Hoằng Lộc,✅ Toàn bộ
Thanh Hóa,Hoằng Thành,xã Hoằng Lộc,✅ Toàn bộ
Thanh Hóa,Hoằng Trạch,xã Hoằng Lộc,✅ Toàn bộ
Thanh Hóa,Hoằng Tân,xã Hoằng Lộc,✅ Toàn bộ
Thanh Hóa,Hoằng Lộc,xã Hoằng Lộc,✅ Toàn bộ
Thanh Hóa,xã Hoằng Thắng,xã Hoằng Châu,✅ Toàn bộ
Thanh Hóa,Hoằng Phong,xã Hoằng Châu,✅ Toàn bộ
Thanh Hóa,Hoằng Lưu,xã Hoằng Châu,✅ Toàn bộ
Thanh Hóa,Hoằng Châu,xã Hoằng Châu,✅ Toàn bộ
Thanh Hóa,xã Hoằng Trinh,xã Hoằng Sơn,✅ Toàn bộ
Thanh Hóa,Hoằng Xuyên,xã Hoằng Sơn,✅ Toàn bộ
Thanh Hóa,Hoằng Cát,xã Hoằng Sơn,✅ Toàn bộ
Thanh Hóa,Hoằng Sơn,xã Hoằng Sơn,✅ Toàn bộ
Thanh Hóa,xã Hoằng Quý,xã Hoằng Phú,✅ Toàn bộ
Thanh Hóa,Hoằng Kim,xã Hoằng Phú,✅ Toàn bộ
Thanh Hóa,Hoằng Trung,xã Hoằng Phú,✅ Toàn bộ
Thanh Hóa,Hoằng Phú,xã Hoằng Phú,✅ Toàn bộ
Thanh Hóa,xã Hoằng Xuân,xã Hoằng Giang,✅ Toàn bộ
Thanh Hóa,Hoằng Quỳ,xã Hoằng Giang,✅ Toàn bộ
Thanh Hóa,Hoằng Hợp,xã Hoằng Giang,✅ Toàn bộ
Thanh Hóa,Hoằng Giang,xã Hoằng Giang,✅ Toàn bộ
Thanh Hóa,thị trấn Tân Phong,xã Lưu Vệ,✅ Toàn bộ
Thanh Hóa,xã Quảng Đức,xã Lưu Vệ,✅ Toàn bộ
Thanh Hóa,xã Quảng Định,xã Lưu Vệ,✅ Toàn bộ
Thanh Hóa,xã Quảng Trạch,xã Quảng Yên,✅ Toàn bộ
Thanh Hóa,Quảng Hòa,xã Quảng Yên,✅ Toàn bộ
Thanh Hóa,Quảng Long,xã Quảng Yên,✅ Toàn bộ
Thanh Hóa,Quảng Yên,xã Quảng Yên,✅ Toàn bộ
Thanh Hóa,xã Quảng Hợp,xã Quảng Ngọc,✅ Toàn bộ
Thanh Hóa,Quảng Văn,xã Quảng Ngọc,✅ Toàn bộ
Thanh Hóa,Quảng Phúc,xã Quảng Ngọc,✅ Toàn bộ
Thanh Hóa,Quảng Ngọc,xã Quảng Ngọc,✅ Toàn bộ
Thanh Hóa,xã Quảng Nhân,xã Quảng Ninh,✅ Toàn bộ
Thanh Hóa,Quảng Hải,xã Quảng Ninh,✅ Toàn bộ
Thanh Hóa,Quảng Ninh,xã Quảng Ninh,✅ Toàn bộ
Thanh Hóa,xã Quảng Lưu,xã Quảng Bình,✅ Toàn bộ
Thanh Hóa,Quảng Lộc,xã Quảng Bình,✅ Toàn bộ
Thanh Hóa,Quảng Thái,xã Quảng Bình,✅ Toàn bộ
Thanh Hóa,Quảng Bình,xã Quảng Bình,✅ Toàn bộ
Thanh Hóa,xã Quảng Thạch,xã Tiên Trang,✅ Toàn bộ
Thanh Hóa,Quảng Nham,xã Tiên Trang,✅ Toàn bộ
Thanh Hóa,Tiên Trang,xã Tiên Trang,✅ Toàn bộ
Thanh Hóa,xã Quảng Trường,xã Quảng Chính,✅ Toàn bộ
Thanh Hóa,Quảng Khê,xã Quảng Chính,✅ Toàn bộ
Thanh Hóa,Quảng Trung,xã Quảng Chính,✅ Toàn bộ
Thanh Hóa,Quảng Chính,xã Quảng Chính,✅ Toàn bộ
Thanh Hóa,thị trấn Nông Cống,xã Nông Cống,✅ Toàn bộ
Thanh Hóa,xã Vạn Thắng,xã Nông Cống,✅ Toàn bộ
Thanh Hóa,Vạn Hòa,xã Nông Cống,✅ Toàn bộ
Thanh Hóa,Vạn Thiện,xã Nông Cống,✅ Toàn bộ
Thanh Hóa,Minh Nghĩa,xã Nông Cống,✅ Toàn bộ
Thanh Hóa,Minh Khôi,xã Nông Cống,✅ Toàn bộ
Thanh Hóa,xã Trung Thành (huyện Nông Cống),xã Thắng Lợi,✅ Toàn bộ
Thanh Hóa,Tế Nông,xã Thắng Lợi,✅ Toàn bộ
Thanh Hóa,Tế Thắng,xã Thắng Lợi,✅ Toàn bộ
Thanh Hóa,Tế Lợi,xã Thắng Lợi,✅ Toàn bộ
Thanh Hóa,xã Tân Phúc (huyện Nông Cống),xã Trung Chính,✅ Toàn bộ
Thanh Hóa,Tân Thọ,xã Trung Chính,✅ Toàn bộ
Thanh Hóa,Tân Khang,xã Trung Chính,✅ Toàn bộ
Thanh Hóa,Hoàng Sơn,xã Trung Chính,✅ Toàn bộ
Thanh Hóa,Hoàng Giang,xã Trung Chính,✅ Toàn bộ
Thanh Hóa,Trung Chính,xã Trung Chính,✅ Toàn bộ
Thanh Hóa,xã Trường Minh,xã Trường Văn,✅ Toàn bộ
Thanh Hóa,Trường Trung,xã Trường Văn,✅ Toàn bộ
Thanh Hóa,Trường Sơn,xã Trường Văn,✅ Toàn bộ
Thanh Hóa,Trường Giang,xã Trường Văn,✅ Toàn bộ
Thanh Hóa,xã Thăng Long,xã Thăng Bình,✅ Toàn bộ
Thanh Hóa,Thăng Thọ,xã Thăng Bình,✅ Toàn bộ
Thanh Hóa,Thăng Bình,xã Thăng Bình,✅ Toàn bộ
Thanh Hóa,xã Tượng Sơn,xã Tượng Lĩnh,✅ Toàn bộ
Thanh Hóa,Tượng Văn,xã Tượng Lĩnh,✅ Toàn bộ
Thanh Hóa,Tượng Lĩnh,xã Tượng Lĩnh,✅ Toàn bộ
Thanh Hóa,xã Công Liêm,xã Công Chính,✅ Toàn bộ
Thanh Hóa,Yên Mỹ,xã Công Chính,✅ Toàn bộ
Thanh Hóa,Công Chính,xã Công Chính,✅ Toàn bộ
Thanh Hóa,xã Thanh Tân,xã Công Chính,⚠️ Một phần (Cần check)
Thanh Hóa,xã Thiệu Phúc,xã Thiệu Hóa,✅ Toàn bộ
Thanh Hóa,Thiệu Công,xã Thiệu Hóa,✅ Toàn bộ
Thanh Hóa,Thiệu Nguyên,xã Thiệu Hóa,✅ Toàn bộ
Thanh Hóa,thị trấn Thiệu Hóa,xã Thiệu Hóa,⚠️ Một phần (Cần check)
Thanh Hóa,xã Thiệu Long,xã Thiệu Hóa,⚠️ Một phần (Cần check)
Thanh Hóa,xã Thiệu Duy,xã Thiệu Quang,✅ Toàn bộ
Thanh Hóa,Thiệu Hợp,xã Thiệu Quang,✅ Toàn bộ
Thanh Hóa,Thiệu Thịnh,xã Thiệu Quang,✅ Toàn bộ
Thanh Hóa,Thiệu Giang,xã Thiệu Quang,✅ Toàn bộ
Thanh Hóa,Thiệu Quang,xã Thiệu Quang,✅ Toàn bộ
Thanh Hóa,thị trấn Thiệu Hóa,xã Thiệu Quang,⚠️ Một phần (Cần check)
Thanh Hóa,xã Thiệu Ngọc,xã Thiệu Tiến,✅ Toàn bộ
Thanh Hóa,Thiệu Vũ,xã Thiệu Tiến,✅ Toàn bộ
Thanh Hóa,Thiệu Thành,xã Thiệu Tiến,✅ Toàn bộ
Thanh Hóa,Thiệu Tiến,xã Thiệu Tiến,✅ Toàn bộ
Thanh Hóa,thị trấn Hậu Hiền,xã Thiệu Toán,✅ Toàn bộ
Thanh Hóa,xã Thiệu Chính,xã Thiệu Toán,✅ Toàn bộ
Thanh Hóa,Thiệu Hòa,xã Thiệu Toán,✅ Toàn bộ
Thanh Hóa,Thiệu Toán,xã Thiệu Toán,✅ Toàn bộ
Thanh Hóa,xã Thiệu Vận,xã Thiệu Trung,✅ Toàn bộ
Thanh Hóa,Thiệu Lý,xã Thiệu Trung,✅ Toàn bộ
Thanh Hóa,Thiệu Viên,xã Thiệu Trung,✅ Toàn bộ
Thanh Hóa,Thiệu Trung,xã Thiệu Trung,✅ Toàn bộ
Thanh Hóa,phần còn lại của thị trấn Thiệu Hóa sau khi sắp xếp theo quy định tại khoản 41,xã Thiệu Trung,✅ Toàn bộ
Thanh Hóa,khoản 42 Điều này,xã Thiệu Trung,✅ Toàn bộ
Thanh Hóa,thị trấn Quán Lào,xã Yên Định,✅ Toàn bộ
Thanh Hóa,xã Định Liên,xã Yên Định,✅ Toàn bộ
Thanh Hóa,Định Long,xã Yên Định,✅ Toàn bộ
Thanh Hóa,Định Tăng,xã Yên Định,✅ Toàn bộ
Thanh Hóa,xã Yên Trung,xã Yên Trường,✅ Toàn bộ
Thanh Hóa,Yên Phong,xã Yên Trường,✅ Toàn bộ
Thanh Hóa,Yên Thái,xã Yên Trường,✅ Toàn bộ
Thanh Hóa,Yên Trường,xã Yên Trường,✅ Toàn bộ
Thanh Hóa,thị trấn Thống Nhất,xã Yên Phú,✅ Toàn bộ
Thanh Hóa,xã Yên Tâm,xã Yên Phú,✅ Toàn bộ
Thanh Hóa,xã Yên Phú,xã Yên Phú,✅ Toàn bộ
Thanh Hóa,xã Yên Thọ (huyện Yên Định),xã Quý Lộc,✅ Toàn bộ
Thanh Hóa,thị trấn Yên Lâm,xã Quý Lộc,✅ Toàn bộ
Thanh Hóa,thị trấn Quý Lộc,xã Quý Lộc,✅ Toàn bộ
Thanh Hóa,xã Yên Hùng,xã Yên Ninh,✅ Toàn bộ
Thanh Hóa,Yên Thịnh,xã Yên Ninh,✅ Toàn bộ
Thanh Hóa,Yên Ninh,xã Yên Ninh,✅ Toàn bộ
Thanh Hóa,xã Định Hải (huyện Yên Định),xã Định Tân,✅ Toàn bộ
Thanh Hóa,Định Hưng,xã Định Tân,✅ Toàn bộ
Thanh Hóa,Định Tiến,xã Định Tân,✅ Toàn bộ
Thanh Hóa,Định Tân,xã Định Tân,✅ Toàn bộ
Thanh Hóa,xã Định Bình,xã Định Hòa,✅ Toàn bộ
Thanh Hóa,Định Công,xã Định Hòa,✅ Toàn bộ
Thanh Hóa,Định Thành,xã Định Hòa,✅ Toàn bộ
Thanh Hóa,Định Hòa,xã Định Hòa,✅ Toàn bộ
Thanh Hóa,phần còn lại của xã Thiệu Long sau khi sắp xếp theo quy định tại khoản 41 Điều này,xã Định Hòa,✅ Toàn bộ
Thanh Hóa,thị trấn Thọ Xuân,xã Thọ Xuân,✅ Toàn bộ
Thanh Hóa,xã Xuân Hồng,xã Thọ Xuân,✅ Toàn bộ
Thanh Hóa,Xuân Trường,xã Thọ Xuân,✅ Toàn bộ
Thanh Hóa,Xuân Giang,xã Thọ Xuân,✅ Toàn bộ
Thanh Hóa,xã Thọ Lộc,xã Thọ Long,✅ Toàn bộ
Thanh Hóa,Xuân Phong,xã Thọ Long,✅ Toàn bộ
Thanh Hóa,Nam Giang,xã Thọ Long,✅ Toàn bộ
Thanh Hóa,Bắc Lương,xã Thọ Long,✅ Toàn bộ
Thanh Hóa,Tây Hồ,xã Thọ Long,✅ Toàn bộ
Thanh Hóa,xã Xuân Hòa (huyện Thọ Xuân),xã Xuân Hòa,✅ Toàn bộ
Thanh Hóa,Thọ Hải,xã Xuân Hòa,✅ Toàn bộ
Thanh Hóa,Thọ Diên,xã Xuân Hòa,✅ Toàn bộ
Thanh Hóa,Xuân Hưng,xã Xuân Hòa,✅ Toàn bộ
Thanh Hóa,thị trấn Sao Vàng,xã Sao Vàng,✅ Toàn bộ
Thanh Hóa,xã Thọ Lâm,xã Sao Vàng,✅ Toàn bộ
Thanh Hóa,Xuân Phú,xã Sao Vàng,✅ Toàn bộ
Thanh Hóa,Xuân Sinh,xã Sao Vàng,✅ Toàn bộ
Thanh Hóa,thị trấn Lam Sơn,xã Lam Sơn,✅ Toàn bộ
Thanh Hóa,xã Xuân Bái,xã Lam Sơn,✅ Toàn bộ
Thanh Hóa,xã Thọ Xương,xã Lam Sơn,✅ Toàn bộ
Thanh Hóa,xã Xuân Thiên,xã Thọ Lập,✅ Toàn bộ
Thanh Hóa,Thuận Minh,xã Thọ Lập,✅ Toàn bộ
Thanh Hóa,Thọ Lập,xã Thọ Lập,✅ Toàn bộ
Thanh Hóa,xã Phú Xuân (huyện Thọ Xuân),xã Xuân Tín,✅ Toàn bộ
Thanh Hóa,Quảng Phú,xã Xuân Tín,✅ Toàn bộ
Thanh Hóa,Xuân Tín,xã Xuân Tín,✅ Toàn bộ
Thanh Hóa,xã Xuân Minh,xã Xuân Lập,✅ Toàn bộ
Thanh Hóa,Xuân Lai,xã Xuân Lập,✅ Toàn bộ
Thanh Hóa,Trường Xuân,xã Xuân Lập,✅ Toàn bộ
Thanh Hóa,Xuân Lập,xã Xuân Lập,✅ Toàn bộ
Thanh Hóa,thị trấn Vĩnh Lộc,xã Vĩnh Lộc,✅ Toàn bộ
Thanh Hóa,xã Ninh Khang,xã Vĩnh Lộc,✅ Toàn bộ
Thanh Hóa,Vĩnh Phúc,xã Vĩnh Lộc,✅ Toàn bộ
Thanh Hóa,Vĩnh Hưng,xã Vĩnh Lộc,✅ Toàn bộ
Thanh Hóa,Vĩnh Hòa,xã Vĩnh Lộc,✅ Toàn bộ
Thanh Hóa,xã Vĩnh Quang,xã Tây Đô,✅ Toàn bộ
Thanh Hóa,Vĩnh Yên,xã Tây Đô,✅ Toàn bộ
Thanh Hóa,Vĩnh Tiến,xã Tây Đô,✅ Toàn bộ
Thanh Hóa,Vĩnh Long,xã Tây Đô,✅ Toàn bộ
Thanh Hóa,xã Vĩnh Hùng,xã Biện Thượng,✅ Toàn bộ
Thanh Hóa,Minh Tân,xã Biện Thượng,✅ Toàn bộ
Thanh Hóa,Vĩnh Thịnh,xã Biện Thượng,✅ Toàn bộ
Thanh Hóa,Vĩnh An,xã Biện Thượng,✅ Toàn bộ
Thanh Hóa,thị trấn Triệu Sơn,xã Triệu Sơn,✅ Toàn bộ
Thanh Hóa,xã Minh Sơn (huyện Triệu Sơn),xã Triệu Sơn,✅ Toàn bộ
Thanh Hóa,Dân Lực,xã Triệu Sơn,✅ Toàn bộ
Thanh Hóa,Dân Lý,xã Triệu Sơn,✅ Toàn bộ
Thanh Hóa,Dân Quyền,xã Triệu Sơn,✅ Toàn bộ
Thanh Hóa,xã Thọ Sơn,xã Thọ Bình,✅ Toàn bộ
Thanh Hóa,Bình Sơn,xã Thọ Bình,✅ Toàn bộ
Thanh Hóa,Thọ Bình,xã Thọ Bình,✅ Toàn bộ
Thanh Hóa,xã Thọ Tiến,xã Thọ Ngọc,✅ Toàn bộ
Thanh Hóa,Xuân Thọ,xã Thọ Ngọc,✅ Toàn bộ
Thanh Hóa,Thọ Cường,xã Thọ Ngọc,✅ Toàn bộ
Thanh Hóa,Thọ Ngọc,xã Thọ Ngọc,✅ Toàn bộ
Thanh Hóa,xã Xuân Lộc (huyện Triệu Sơn),xã Thọ Phú,✅ Toàn bộ
Thanh Hóa,Thọ Dân,xã Thọ Phú,✅ Toàn bộ
Thanh Hóa,Thọ Thế,xã Thọ Phú,✅ Toàn bộ
Thanh Hóa,Thọ Tân,xã Thọ Phú,✅ Toàn bộ
Thanh Hóa,Thọ Phú,xã Thọ Phú,✅ Toàn bộ
Thanh Hóa,xã Hợp Lý,xã Hợp Tiến,✅ Toàn bộ
Thanh Hóa,Hợp Thắng,xã Hợp Tiến,✅ Toàn bộ
Thanh Hóa,Hợp Thành,xã Hợp Tiến,✅ Toàn bộ
Thanh Hóa,Triệu Thành,xã Hợp Tiến,✅ Toàn bộ
Thanh Hóa,Hợp Tiến,xã Hợp Tiến,✅ Toàn bộ
Thanh Hóa,xã Tiến Nông,xã An Nông,✅ Toàn bộ
Thanh Hóa,Khuyến Nông,xã An Nông,✅ Toàn bộ
Thanh Hóa,Nông Trường,xã An Nông,✅ Toàn bộ
Thanh Hóa,An Nông,xã An Nông,✅ Toàn bộ
Thanh Hóa,thị trấn Nưa,xã Tân Ninh,✅ Toàn bộ
Thanh Hóa,xã Thái Hòa,xã Tân Ninh,✅ Toàn bộ
Thanh Hóa,xã Vân Sơn,xã Tân Ninh,✅ Toàn bộ
Thanh Hóa,xã Đồng Lợi,xã Đồng Tiến,✅ Toàn bộ
Thanh Hóa,Đồng Thắng,xã Đồng Tiến,✅ Toàn bộ
Thanh Hóa,Đồng Tiến,xã Đồng Tiến,✅ Toàn bộ
Thanh Hóa,thị trấn Hồi Xuân,xã Hồi Xuân,✅ Toàn bộ
Thanh Hóa,xã Phú Nghiêm,xã Hồi Xuân,✅ Toàn bộ
Thanh Hóa,xã Nam Tiến,xã Nam Xuân,✅ Toàn bộ
Thanh Hóa,xã Nam Xuân,xã Nam Xuân,✅ Toàn bộ
Thanh Hóa,xã Nam Động,xã Thiên Phủ,✅ Toàn bộ
Thanh Hóa,xã Thiên Phủ,xã Thiên Phủ,✅ Toàn bộ
Thanh Hóa,xã Hiền Chung,xã Hiền Kiệt,✅ Toàn bộ
Thanh Hóa,xã Hiền Kiệt,xã Hiền Kiệt,✅ Toàn bộ
Thanh Hóa,xã Phú Sơn (huyện Quan Hóa),xã Phú Lệ,✅ Toàn bộ
Thanh Hóa,Phú Thanh,xã Phú Lệ,✅ Toàn bộ
Thanh Hóa,Phú Lệ,xã Phú Lệ,✅ Toàn bộ
Thanh Hóa,xã Thành Sơn,xã Trung Thành,✅ Toàn bộ
Thanh Hóa,xã Trung Thành (huyện Quan Hóa),xã Trung Thành,✅ Toàn bộ
Thanh Hóa,xã Sơn Hà,xã Tam Lư,✅ Toàn bộ
Thanh Hóa,xã Tam Lư,xã Tam Lư,✅ Toàn bộ
Thanh Hóa,thị trấn Sơn Lư,xã Tam Lư,⚠️ Một phần (Cần check)
Thanh Hóa,xã Trung Thượng,xã Quan Sơn,✅ Toàn bộ
Thanh Hóa,phần còn lại của thị trấn Sơn Lư sau khi sắp xếp theo quy định tại khoản 78 Điều này,xã Quan Sơn,✅ Toàn bộ
Thanh Hóa,xã Trung Tiến,xã Trung Hạ,✅ Toàn bộ
Thanh Hóa,Trung Xuân,xã Trung Hạ,✅ Toàn bộ
Thanh Hóa,Trung Hạ,xã Trung Hạ,✅ Toàn bộ
Thanh Hóa,thị trấn Lang 7 Chánh,xã Linh Sơn,✅ Toàn bộ
Thanh Hóa,xã Trí Nang,xã Linh Sơn,✅ Toàn bộ
Thanh Hóa,xã Tân Phúc (huyện Lang Chánh),xã Đồng Lương,✅ Toàn bộ
Thanh Hóa,xã Đồng Lương,xã Đồng Lương,✅ Toàn bộ
Thanh Hóa,xã Tam Văn,xã Văn Phú,✅ Toàn bộ
Thanh Hóa,xã Lâm Phú,xã Văn Phú,✅ Toàn bộ
Thanh Hóa,xã Giao Thiện,xã Giao An,✅ Toàn bộ
Thanh Hóa,xã Giao An,xã Giao An,✅ Toàn bộ
Thanh Hóa,thị trấn Cành Nàng,xã Bá Thước,✅ Toàn bộ
Thanh Hóa,xã Ban Công,xã Bá Thước,✅ Toàn bộ
Thanh Hóa,xã Hạ Trung,xã Bá Thước,✅ Toàn bộ
Thanh Hóa,xã Thiết Kế,xã Thiết Ống,✅ Toàn bộ
Thanh Hóa,xã Thiết Ống,xã Thiết Ống,✅ Toàn bộ
Thanh Hóa,xã Kỳ Tân,xã Văn Nho,✅ Toàn bộ
Thanh Hóa,xã Văn Nho,xã Văn Nho,✅ Toàn bộ
Thanh Hóa,xã Điền Thượng,xã Điền Quang,✅ Toàn bộ
Thanh Hóa,Điền Hạ,xã Điền Quang,✅ Toàn bộ
Thanh Hóa,Điền Quang,xã Điền Quang,✅ Toàn bộ
Thanh Hóa,xã Ái Thượng,xã Điền Lư,✅ Toàn bộ
Thanh Hóa,Điền Trung,xã Điền Lư,✅ Toàn bộ
Thanh Hóa,Điền Lư,xã Điền Lư,✅ Toàn bộ
Thanh Hóa,xã Lương Nội,xã Quý Lương,✅ Toàn bộ
Thanh Hóa,Lương Trung,xã Quý Lương,✅ Toàn bộ
Thanh Hóa,Lương Ngoại,xã Quý Lương,✅ Toàn bộ
Thanh Hóa,xã Lũng Cao,xã Cổ Lũng,✅ Toàn bộ
Thanh Hóa,xã Cổ Lũng,xã Cổ Lũng,✅ Toàn bộ
Thanh Hóa,xã Thành Sơn (huyện Bá Thước),xã Pù Luông,✅ Toàn bộ
Thanh Hóa,Lũng Niêm,xã Pù Luông,✅ Toàn bộ
Thanh Hóa,Thành Lâm,xã Pù Luông,✅ Toàn bộ
Thanh Hóa,thị trấn Ngọc Lặc,xã Ngọc Lặc,✅ Toàn bộ
Thanh Hóa,xã Mỹ Tân,xã Ngọc Lặc,✅ Toàn bộ
Thanh Hóa,xã Thúy Sơn,xã Ngọc Lặc,✅ Toàn bộ
Thanh Hóa,xã Quang Trung (huyện Ngọc Lặc),xã Thạch Lập,✅ Toàn bộ
Thanh Hóa,Đồng Thịnh,xã Thạch Lập,✅ Toàn bộ
Thanh Hóa,Thạch Lập,xã Thạch Lập,✅ Toàn bộ
Thanh Hóa,xã Lộc Thịnh,xã Ngọc Liên,✅ Toàn bộ
Thanh Hóa,Cao Thịnh,xã Ngọc Liên,✅ Toàn bộ
Thanh Hóa,Ngọc Sơn,xã Ngọc Liên,✅ Toàn bộ
Thanh Hóa,Ngọc Trung,xã Ngọc Liên,✅ Toàn bộ
Thanh Hóa,Ngọc Liên,xã Ngọc Liên,✅ Toàn bộ
Thanh Hóa,xã Minh Sơn (huyện Ngọc Lặc),xã Minh Sơn,✅ Toàn bộ
Thanh Hóa,Lam Sơn,xã Minh Sơn,✅ Toàn bộ
Thanh Hóa,Cao Ngọc,xã Minh Sơn,✅ Toàn bộ
Thanh Hóa,Minh Tiến,xã Minh Sơn,✅ Toàn bộ
Thanh Hóa,xã Phùng Giáo,xã Nguyệt Ấn,✅ Toàn bộ
Thanh Hóa,Vân Am,xã Nguyệt Ấn,✅ Toàn bộ
Thanh Hóa,Nguyệt Ấn,xã Nguyệt Ấn,✅ Toàn bộ
Thanh Hóa,xã Phúc Thịnh,xã Kiên Thọ,✅ Toàn bộ
Thanh Hóa,Phùng Minh,xã Kiên Thọ,✅ Toàn bộ
Thanh Hóa,Kiên Thọ,xã Kiên Thọ,✅ Toàn bộ
Thanh Hóa,xã Cẩm Thành,xã Cẩm Thạch,✅ Toàn bộ
Thanh Hóa,Cẩm Liên,xã Cẩm Thạch,✅ Toàn bộ
Thanh Hóa,Cẩm Bình,xã Cẩm Thạch,✅ Toàn bộ
Thanh Hóa,Cẩm Thạch,xã Cẩm Thạch,✅ Toàn bộ
Thanh Hóa,thị trấn Phong Sơn,xã Cẩm Thủy,✅ Toàn bộ
Thanh Hóa,xã Cẩm Ngọc,xã Cẩm Thủy,✅ Toàn bộ
Thanh Hóa,xã Cẩm Quý,xã Cẩm Tú,✅ Toàn bộ
Thanh Hóa,Cẩm Giang,xã Cẩm Tú,✅ Toàn bộ
Thanh Hóa,Cẩm Lương,xã Cẩm Tú,✅ Toàn bộ
Thanh Hóa,Cẩm Tú,xã Cẩm Tú,✅ Toàn bộ
Thanh Hóa,xã Cẩm Tâm,xã Cẩm Vân,✅ Toàn bộ
Thanh Hóa,Cẩm Châu,xã Cẩm Vân,✅ Toàn bộ
Thanh Hóa,Cẩm Yên,xã Cẩm Vân,✅ Toàn bộ
Thanh Hóa,Cẩm Vân,xã Cẩm Vân,✅ Toàn bộ
Thanh Hóa,xã Cẩm Long,xã Cẩm Tân,✅ Toàn bộ
Thanh Hóa,Cẩm Phú,xã Cẩm Tân,✅ Toàn bộ
Thanh Hóa,Cẩm Tân,xã Cẩm Tân,✅ Toàn bộ
Thanh Hóa,thị trấn Kim Tân,xã Kim Tân,✅ Toàn bộ
Thanh Hóa,xã Thành Hưng,xã Kim Tân,✅ Toàn bộ
Thanh Hóa,Thành Thọ,xã Kim Tân,✅ Toàn bộ
Thanh Hóa,Thạch Định,xã Kim Tân,✅ Toàn bộ
Thanh Hóa,Thành Trực,xã Kim Tân,✅ Toàn bộ
Thanh Hóa,Thành Tiến,xã Kim Tân,✅ Toàn bộ
Thanh Hóa,thị trấn Vân Du,xã Vân Du,✅ Toàn bộ
Thanh Hóa,xã Thành Công,xã Vân Du,✅ Toàn bộ
Thanh Hóa,xã Thành Tân,xã Vân Du,✅ Toàn bộ
Thanh Hóa,xã Thành An,xã Ngọc Trạo,✅ Toàn bộ
Thanh Hóa,Thành Long,xã Ngọc Trạo,✅ Toàn bộ
Thanh Hóa,Thành Tâm,xã Ngọc Trạo,✅ Toàn bộ
Thanh Hóa,Ngọc Trạo,xã Ngọc Trạo,✅ Toàn bộ
Thanh Hóa,xã Thạch Sơn,xã Thạch Bình,✅ Toàn bộ
Thanh Hóa,Thạch Long,xã Thạch Bình,✅ Toàn bộ
Thanh Hóa,Thạch Cẩm,xã Thạch Bình,✅ Toàn bộ
Thanh Hóa,Thạch Bình,xã Thạch Bình,✅ Toàn bộ
Thanh Hóa,xã Thành Minh,xã Thành Vinh,✅ Toàn bộ
Thanh Hóa,Thành Mỹ,xã Thành Vinh,✅ Toàn bộ
Thanh Hóa,Thành Yên,xã Thành Vinh,✅ Toàn bộ
Thanh Hóa,Thành Vinh,xã Thành Vinh,✅ Toàn bộ
Thanh Hóa,xã Thạch Lâm,xã Thạch Quảng,✅ Toàn bộ
Thanh Hóa,Thạch Tượng,xã Thạch Quảng,✅ Toàn bộ
Thanh Hóa,Thạch Quảng,xã Thạch Quảng,✅ Toàn bộ
Thanh Hóa,thị trấn Yên Cát,xã Như Xuân,✅ Toàn bộ
Thanh Hóa,xã Tân Bình,xã Như Xuân,✅ Toàn bộ
Thanh Hóa,xã Cát Tân,xã Thượng Ninh,✅ Toàn bộ
Thanh Hóa,Cát Vân,xã Thượng Ninh,✅ Toàn bộ
Thanh Hóa,Thượng Ninh,xã Thượng Ninh,✅ Toàn bộ
Thanh Hóa,xã Xuân Hòa (huyện Như Xuân),xã Xuân Bình,✅ Toàn bộ
Thanh Hóa,Bãi Trành,xã Xuân Bình,✅ Toàn bộ
Thanh Hóa,Xuân Bình,xã Xuân Bình,✅ Toàn bộ
Thanh Hóa,xã Bình Lương,xã Hóa Quỳ,✅ Toàn bộ
Thanh Hóa,xã Hóa Quỳ,xã Hóa Quỳ,✅ Toàn bộ
Thanh Hóa,xã Thanh Hòa,xã Thanh Phong,✅ Toàn bộ
Thanh Hóa,Thanh Lâm,xã Thanh Phong,✅ Toàn bộ
Thanh Hóa,Thanh Phong,xã Thanh Phong,✅ Toàn bộ
Thanh Hóa,xã Thanh Sơn (huyện Như Xuân),xã Thanh Quân,✅ Toàn bộ
Thanh Hóa,Thanh Xuân,xã Thanh Quân,✅ Toàn bộ
Thanh Hóa,Thanh Quân,xã Thanh Quân,✅ Toàn bộ
Thanh Hóa,xã Cán Khê,xã Xuân Du,✅ Toàn bộ
Thanh Hóa,Phượng Nghi,xã Xuân Du,✅ Toàn bộ
Thanh Hóa,Xuân Du,xã Xuân Du,✅ Toàn bộ
Thanh Hóa,xã Phú Nhuận,xã Mậu Lâm,✅ Toàn bộ
Thanh Hóa,xã Mậu Lâm,xã Mậu Lâm,✅ Toàn bộ
Thanh Hóa,thị trấn Bến Sung,xã Như Thanh,✅ Toàn bộ
Thanh Hóa,xã Xuân Khang,xã Như Thanh,✅ Toàn bộ
Thanh Hóa,xã Hải Long,xã Như Thanh,✅ Toàn bộ
Thanh Hóa,xã Yên Thọ (huyện Như Thanh),xã Như Thanh,⚠️ Một phần (Cần check)
Thanh Hóa,xã Xuân Phúc,xã Yên Thọ,✅ Toàn bộ
Thanh Hóa,xã Yên Lạc,xã Yên Thọ,✅ Toàn bộ
Thanh Hóa,phần còn lại của xã Yên Thọ (huyện Như Thanh) sau khi sắp xếp theo quy định tại khoản 118 Điều này,xã Yên Thọ,✅ Toàn bộ
Thanh Hóa,xã Thanh Kỳ,xã Thanh Kỳ,✅ Toàn bộ
Thanh Hóa,phần còn lại của xã Thanh Tân sau khi sắp xếp theo quy định tại khoản 40 Điều này,xã Thanh Kỳ,✅ Toàn bộ
Thanh Hóa,thị trấn Thường Xuân,xã Thường Xuân,✅ Toàn bộ
Thanh Hóa,xã Thọ Thanh,xã Thường Xuân,✅ Toàn bộ
Thanh Hóa,Ngọc Phụng,xã Thường Xuân,✅ Toàn bộ
Thanh Hóa,Xuân Dương,xã Thường Xuân,✅ Toàn bộ
Thanh Hóa,xã Xuân Cao,xã Luận Thành,✅ Toàn bộ
Thanh Hóa,xã Luận Thành,xã Luận Thành,✅ Toàn bộ
Thanh Hóa,xã Luận Khê,xã Luận Thành,⚠️ Một phần (Cần check)
Thanh Hóa,xã Tân Thành,xã Tân Thành,✅ Toàn bộ
Thanh Hóa,phần còn lại của xã Luận Khê sau khi sắp xếp theo quy định tại khoản 122 Điều này,xã Tân Thành,✅ Toàn bộ
Thanh Hóa,xã Xuân Lộc (huyện Thường Xuân),xã Thắng Lộc,✅ Toàn bộ
Thanh Hóa,xã Xuân Thắng,xã Thắng Lộc,✅ Toàn bộ
Thanh Hóa,xã Xuân Lẹ,xã Xuân Chinh,✅ Toàn bộ
Thanh Hóa,xã Xuân Chinh,xã Xuân Chinh,✅ Toàn bộ
Thanh Hóa,thị trấn Mường Lát,xã Mường Lát,✅ Toàn bộ
Thanh Hóa,phường Phú Sơn,phường Hạc Thành,✅ Toàn bộ
Thanh Hóa,Lam Sơn,phường Hạc Thành,✅ Toàn bộ
Thanh Hóa,Ba Đình,phường Hạc Thành,✅ Toàn bộ
Thanh Hóa,Ngọc Trạo,phường Hạc Thành,✅ Toàn bộ
Thanh Hóa,Đông Sơn (thành phố Thanh Hóa),phường Hạc Thành,✅ Toàn bộ
Thanh Hóa,Trường Thi,phường Hạc Thành,✅ Toàn bộ
Thanh Hóa,Điện Biên,phường Hạc Thành,✅ Toàn bộ
Thanh Hóa,Đông Hương,phường Hạc Thành,✅ Toàn bộ
Thanh Hóa,Đông Hải,phường Hạc Thành,✅ Toàn bộ
Thanh Hóa,Đông Vệ,phường Hạc Thành,✅ Toàn bộ
Thanh Hóa,phường Đông Thọ,phường Hạc Thành,⚠️ Một phần (Cần check)
Thanh Hóa,phường An Hưng,phường Hạc Thành,⚠️ Một phần (Cần check)
Thanh Hóa,phường Quảng Hưng,phường Quảng Phú,✅ Toàn bộ
Thanh Hóa,Quảng Tâm,phường Quảng Phú,✅ Toàn bộ
Thanh Hóa,Quảng Thành,phường Quảng Phú,✅ Toàn bộ
Thanh Hóa,Quảng Đông,phường Quảng Phú,✅ Toàn bộ
Thanh Hóa,Quảng Thịnh,phường Quảng Phú,✅ Toàn bộ
Thanh Hóa,Quảng Cát 10,phường Quảng Phú,✅ Toàn bộ
Thanh Hóa,Quảng Phú,phường Quảng Phú,✅ Toàn bộ
Thanh Hóa,phường Quảng Thắng,phường Đông Quang,✅ Toàn bộ
Thanh Hóa,xã Đông Vinh,phường Đông Quang,✅ Toàn bộ
Thanh Hóa,Đông Quang,phường Đông Quang,✅ Toàn bộ
Thanh Hóa,Đông Yên,phường Đông Quang,✅ Toàn bộ
Thanh Hóa,Đông Văn,phường Đông Quang,✅ Toàn bộ
Thanh Hóa,Đông Phú,phường Đông Quang,✅ Toàn bộ
Thanh Hóa,Đông Nam,phường Đông Quang,✅ Toàn bộ
Thanh Hóa,phần còn lại của phường An Hưng sau khi sắp xếp theo quy định tại khoản 127 Điều này,phường Đông Quang,✅ Toàn bộ
Thanh Hóa,phường Rừng Thông,phường Đông Sơn,✅ Toàn bộ
Thanh Hóa,Đông Thịnh,phường Đông Sơn,✅ Toàn bộ
Thanh Hóa,Đông Tân,phường Đông Sơn,✅ Toàn bộ
Thanh Hóa,xã Đông Hòa,phường Đông Sơn,✅ Toàn bộ
Thanh Hóa,Đông Minh,phường Đông Sơn,✅ Toàn bộ
Thanh Hóa,Đông Hoàng,phường Đông Sơn,✅ Toàn bộ
Thanh Hóa,Đông Khê,phường Đông Sơn,✅ Toàn bộ
Thanh Hóa,Đông Ninh,phường Đông Sơn,✅ Toàn bộ
Thanh Hóa,phường Đông Lĩnh,phường Đông Tiến,✅ Toàn bộ
Thanh Hóa,phường Thiệu Khánh,phường Đông Tiến,✅ Toàn bộ
Thanh Hóa,xã Đông Thanh,phường Đông Tiến,✅ Toàn bộ
Thanh Hóa,Thiệu Vân,phường Đông Tiến,✅ Toàn bộ
Thanh Hóa,Tân Châu,phường Đông Tiến,✅ Toàn bộ
Thanh Hóa,Thiệu Giao,phường Đông Tiến,✅ Toàn bộ
Thanh Hóa,Đông Tiến,phường Đông Tiến,✅ Toàn bộ
Thanh Hóa,phường Thiệu Dương,phường Hàm Rồng,✅ Toàn bộ
Thanh Hóa,Đông Cương,phường Hàm Rồng,✅ Toàn bộ
Thanh Hóa,Nam Ngạn,phường Hàm Rồng,✅ Toàn bộ
Thanh Hóa,Hàm Rồng,phường Hàm Rồng,✅ Toàn bộ
Thanh Hóa,phần còn lại của phường Đông Thọ sau khi sắp xếp theo quy định tại khoản 127 Điều này,phường Hàm Rồng,✅ Toàn bộ
Thanh Hóa,phường Tào Xuyên,phường Nguyệt Viên,✅ Toàn bộ
Thanh Hóa,Long Anh,phường Nguyệt Viên,✅ Toàn bộ
Thanh Hóa,Hoằng Quang,phường Nguyệt Viên,✅ Toàn bộ
Thanh Hóa,Hoằng Đại,phường Nguyệt Viên,✅ Toàn bộ
Thanh Hóa,phường Bắc Sơn (thành phố Sầm Sơn),phường Sầm Sơn,✅ Toàn bộ
Thanh Hóa,Quảng Tiến,phường Sầm Sơn,✅ Toàn bộ
Thanh Hóa,Quảng Cư,phường Sầm Sơn,✅ Toàn bộ
Thanh Hóa,Trung Sơn,phường Sầm Sơn,✅ Toàn bộ
Thanh Hóa,Trường Sơn,phường Sầm Sơn,✅ Toàn bộ
Thanh Hóa,Quảng Châu,phường Sầm Sơn,✅ Toàn bộ
Thanh Hóa,Quảng Thọ,phường Sầm Sơn,✅ Toàn bộ
Thanh Hóa,phường Quảng Vinh,phường Nam Sầm Sơn,✅ Toàn bộ
Thanh Hóa,xã Quảng Minh,phường Nam Sầm Sơn,✅ Toàn bộ
Thanh Hóa,Đại Hùng,phường Nam Sầm Sơn,✅ Toàn bộ
Thanh Hóa,Quảng Giao,phường Nam Sầm Sơn,✅ Toàn bộ
Thanh Hóa,phường Đông Sơn,phường Bỉm Sơn,✅ Toàn bộ
Thanh Hóa,Lam Sơn,phường Bỉm Sơn,✅ Toàn bộ
Thanh Hóa,Ba Đình (thị xã Bỉm Sơn),phường Bỉm Sơn,✅ Toàn bộ
Thanh Hóa,xã Hà Vinh,phường Bỉm Sơn,✅ Toàn bộ
Thanh Hóa,phường Bắc Sơn,phường Quang Trung,✅ Toàn bộ
Thanh Hóa,Ngọc Trạo,phường Quang Trung,✅ Toàn bộ
Thanh Hóa,Phú Sơn,phường Quang Trung,✅ Toàn bộ
Thanh Hóa,xã Quang Trung (thị xã Bỉm Sơn),phường Quang Trung,✅ Toàn bộ
Thanh Hóa,xã Thanh Sơn (thị xã Nghi Sơn),phường Ngọc Sơn,✅ Toàn bộ
Thanh Hóa,xã Thanh Thủy,phường Ngọc Sơn,✅ Toàn bộ
Thanh Hóa,phường Hải Châu,phường Ngọc Sơn,✅ Toàn bộ
Thanh Hóa,phường Hải Ninh,phường Ngọc Sơn,✅ Toàn bộ
Thanh Hóa,phường Hải An,phường Tân Dân,✅ Toàn bộ
Thanh Hóa,phường Tân Dân,phường Tân Dân,✅ Toàn bộ
Thanh Hóa,xã Ngọc Lĩnh,phường Tân Dân,✅ Toàn bộ
Thanh Hóa,xã Định Hải (thị xã Nghi Sơn),phường Hải Lĩnh,✅ Toàn bộ
Thanh Hóa,phường Ninh Hải,phường Hải Lĩnh,✅ Toàn bộ
Thanh Hóa,phường Hải Lĩnh,phường Hải Lĩnh,✅ Toàn bộ
Thanh Hóa,phường Hải Hòa,phường Tĩnh Gia,✅ Toàn bộ
Thanh Hóa,Bình Minh,phường Tĩnh Gia,✅ Toàn bộ
Thanh Hóa,Hải Thanh,phường Tĩnh Gia,✅ Toàn bộ
Thanh Hóa,xã Hải Nhân,phường Tĩnh Gia,✅ Toàn bộ
Thanh Hóa,phường Nguyên Bình,phường Đào Duy Từ,✅ Toàn bộ
Thanh Hóa,phường Xuân Lâm,phường Đào Duy Từ,✅ Toàn bộ
Thanh Hóa,phường Mai Lâm,phường Hải Bình,✅ Toàn bộ
Thanh Hóa,Tĩnh Hải,phường Hải Bình,✅ Toàn bộ
Thanh Hóa,Hải Bình,phường Hải Bình,✅ Toàn bộ
Thanh Hóa,phường Trúc Lâm,phường Trúc Lâm,✅ Toàn bộ
Thanh Hóa,xã Phú Sơn (thị xã Nghi Sơn),phường Trúc Lâm,✅ Toàn bộ
Thanh Hóa,Phú Lâm,phường Trúc Lâm,✅ Toàn bộ
Thanh Hóa,Tùng Lâm,phường Trúc Lâm,✅ Toàn bộ
Thanh Hóa,phường Hải Thượng,phường Nghi Sơn,✅ Toàn bộ
Thanh Hóa,xã Hải Hà,phường Nghi Sơn,✅ Toàn bộ
Thanh Hóa,xã Nghi Sơn,phường Nghi Sơn,✅ Toàn bộ
Hưng Yên,xã Thủ Sỹ,xã Tân Hưng,✅ Toàn bộ
Hưng Yên,Phương Nam,xã Tân Hưng,✅ Toàn bộ
Hưng Yên,Tân Hưng,xã Tân Hưng,✅ Toàn bộ
Hưng Yên,thị trấn Vương,xã Hoàng Hoa Thám,✅ Toàn bộ
Hưng Yên,xã Hưng Đạo,xã Hoàng Hoa Thám,✅ Toàn bộ
Hưng Yên,Nhật Tân,xã Hoàng Hoa Thám,✅ Toàn bộ
Hưng Yên,An Viên,xã Hoàng Hoa Thám,✅ Toàn bộ
Hưng Yên,xã Thiện Phiến,xã Tiên Lữ,✅ Toàn bộ
Hưng Yên,Hải Thắng,xã Tiên Lữ,✅ Toàn bộ
Hưng Yên,Thụy Lôi,xã Tiên Lữ,✅ Toàn bộ
Hưng Yên,xã Lệ Xá,xã Tiên Hoa,✅ Toàn bộ
Hưng Yên,Trung Dũng,xã Tiên Hoa,✅ Toàn bộ
Hưng Yên,Cương Chính,xã Tiên Hoa,✅ Toàn bộ
Hưng Yên,thị trấn Trần Cao và,xã Quang Hưng,✅ Toàn bộ
Hưng Yên,xã Minh Tân (huyện Phù Cừ),xã Quang Hưng,✅ Toàn bộ
Hưng Yên,Tống Phan,xã Quang Hưng,✅ Toàn bộ
Hưng Yên,Quang Hưng,xã Quang Hưng,✅ Toàn bộ
Hưng Yên,xã Phan Sào Nam,xã Đoàn Đào,✅ Toàn bộ
Hưng Yên,Minh Hoàng,xã Đoàn Đào,✅ Toàn bộ
Hưng Yên,Đoàn Đào,xã Đoàn Đào,✅ Toàn bộ
Hưng Yên,xã Đình Cao,xã Tiên Tiến,✅ Toàn bộ
Hưng Yên,Nhật Quang,xã Tiên Tiến,✅ Toàn bộ
Hưng Yên,Tiên Tiến,xã Tiên Tiến,✅ Toàn bộ
Hưng Yên,xã Tam Đa,xã Tống Trân,✅ Toàn bộ
Hưng Yên,Nguyên Hòa,xã Tống Trân,✅ Toàn bộ
Hưng Yên,Tống Trân,xã Tống Trân,✅ Toàn bộ
Hưng Yên,thị trấn Lương Bằng,xã Lương Bằng,✅ Toàn bộ
Hưng Yên,xã Phạm Ngũ Lão,xã Lương Bằng,✅ Toàn bộ
Hưng Yên,Chính Nghĩa,xã Lương Bằng,✅ Toàn bộ
Hưng Yên,Diên Hồng,xã Lương Bằng,✅ Toàn bộ
Hưng Yên,xã Đồng Thanh (huyện Kim Động),xã Nghĩa Dân,✅ Toàn bộ
Hưng Yên,Vĩnh Xá,xã Nghĩa Dân,✅ Toàn bộ
Hưng Yên,Toàn Thắng,xã Nghĩa Dân,✅ Toàn bộ
Hưng Yên,Nghĩa Dân,xã Nghĩa Dân,✅ Toàn bộ
Hưng Yên,xã Song Mai,xã Hiệp Cường,✅ Toàn bộ
Hưng Yên,Hùng An,xã Hiệp Cường,✅ Toàn bộ
Hưng Yên,Hiệp Cường,xã Hiệp Cường,✅ Toàn bộ
Hưng Yên,xã Ngọc Thanh,xã Hiệp Cường,⚠️ Một phần (Cần check)
Hưng Yên,xã Phú Thọ,xã Đức Hợp,✅ Toàn bộ
Hưng Yên,Mai Động,xã Đức Hợp,✅ Toàn bộ
Hưng Yên,Đức Hợp,xã Đức Hợp,✅ Toàn bộ
Hưng Yên,thị trấn Ân Thi,xã Ân Thi,✅ Toàn bộ
Hưng Yên,xã Quang Vinh,xã Ân Thi,✅ Toàn bộ
Hưng Yên,xã Hoàng Hoa Thám,xã Ân Thi,✅ Toàn bộ
Hưng Yên,xã Vân Du,xã Xuân Trúc,✅ Toàn bộ
Hưng Yên,Quảng Lãng,xã Xuân Trúc,✅ Toàn bộ
Hưng Yên,Xuân Trúc,xã Xuân Trúc,✅ Toàn bộ
Hưng Yên,xã Bắc Sơn (huyện Ân Thi),xã Phạm Ngũ Lão,✅ Toàn bộ
Hưng Yên,Phù Ủng,xã Phạm Ngũ Lão,✅ Toàn bộ
Hưng Yên,Đào Dương,xã Phạm Ngũ Lão,✅ Toàn bộ
Hưng Yên,Bãi Sậy,xã Phạm Ngũ Lão,✅ Toàn bộ
Hưng Yên,xã Đặng Lễ,xã Nguyễn Trãi,✅ Toàn bộ
Hưng Yên,Cẩm Ninh,xã Nguyễn Trãi,✅ Toàn bộ
Hưng Yên,Đa Lộc,xã Nguyễn Trãi,✅ Toàn bộ
Hưng Yên,Nguyễn Trãi,xã Nguyễn Trãi,✅ Toàn bộ
Hưng Yên,xã Hồ Tùng Mậu,xã Hồng Quang,✅ Toàn bộ
Hưng Yên,Tiền Phong,xã Hồng Quang,✅ Toàn bộ
Hưng Yên,Hạ Lễ,xã Hồng Quang,✅ Toàn bộ
Hưng Yên,Hồng Quang,xã Hồng Quang,✅ Toàn bộ
Hưng Yên,thị trấn Khoái Châu,xã Khoái Châu,✅ Toàn bộ
Hưng Yên,xã Liên Khê,xã Khoái Châu,✅ Toàn bộ
Hưng Yên,Phùng Hưng,xã Khoái Châu,✅ Toàn bộ
Hưng Yên,Đông Kết,xã Khoái Châu,✅ Toàn bộ
Hưng Yên,xã Phạm Hồng Thái,xã Triệu Việt Vương,✅ Toàn bộ
Hưng Yên,Tân Dân,xã Triệu Việt Vương,✅ Toàn bộ
Hưng Yên,Ông Đình,xã Triệu Việt Vương,✅ Toàn bộ
Hưng Yên,An Vĩ,xã Triệu Việt Vương,✅ Toàn bộ
Hưng Yên,xã Đồng Tiến (huyện Khoái Châu),xã Việt Tiến,✅ Toàn bộ
Hưng Yên,Dân Tiến,xã Việt Tiến,✅ Toàn bộ
Hưng Yên,Việt Hòa,xã Việt Tiến,✅ Toàn bộ
Hưng Yên,xã Thuần Hưng,xã Chí Minh,✅ Toàn bộ
Hưng Yên,Nguyễn Huệ,xã Chí Minh,✅ Toàn bộ
Hưng Yên,Chí Minh,xã Chí Minh,✅ Toàn bộ
Hưng Yên,xã Đại Tập,xã Châu Ninh,✅ Toàn bộ
Hưng Yên,Tứ Dân,xã Châu Ninh,✅ Toàn bộ
Hưng Yên,Tân Châu,xã Châu Ninh,✅ Toàn bộ
Hưng Yên,Đông Ninh,xã Châu Ninh,✅ Toàn bộ
Hưng Yên,thị trấn Yên Mỹ và,xã Yên Mỹ,✅ Toàn bộ
Hưng Yên,xã Tân Lập (huyện Yên Mỹ),xã Yên Mỹ,✅ Toàn bộ
Hưng Yên,Trung Hòa,xã Yên Mỹ,✅ Toàn bộ
Hưng Yên,Tân Minh,xã Yên Mỹ,✅ Toàn bộ
Hưng Yên,xã Yên Phú,xã Việt Yên,✅ Toàn bộ
Hưng Yên,Thanh Long,xã Việt Yên,✅ Toàn bộ
Hưng Yên,Việt Yên,xã Việt Yên,✅ Toàn bộ
Hưng Yên,xã Đông Tảo,xã Hoàn Long,✅ Toàn bộ
Hưng Yên,Đồng Than và Hoàn Long,xã Hoàn Long,✅ Toàn bộ
Hưng Yên,xã Ngọc Long,xã Nguyễn Văn Linh,✅ Toàn bộ
Hưng Yên,Liêu Xá,xã Nguyễn Văn Linh,✅ Toàn bộ
Hưng Yên,Nguyễn Văn Linh,xã Nguyễn Văn Linh,✅ Toàn bộ
Hưng Yên,thị trấn Như Quỳnh,xã Như Quỳnh,✅ Toàn bộ
Hưng Yên,xã Tân Quang,xã Như Quỳnh,✅ Toàn bộ
Hưng Yên,Lạc Hồng,xã Như Quỳnh,✅ Toàn bộ
Hưng Yên,Trưng Trắc,xã Như Quỳnh,✅ Toàn bộ
Hưng Yên,xã Đình Dù,xã Như Quỳnh,⚠️ Một phần (Cần check)
Hưng Yên,xã Chỉ Đạo,xã Lạc Đạo,✅ Toàn bộ
Hưng Yên,xã Minh Hải,xã Lạc Đạo,✅ Toàn bộ
Hưng Yên,xã Lạc Đạo,xã Lạc Đạo,⚠️ Một phần (Cần check)
Hưng Yên,xã Việt Hưng,xã Đại Đồng,✅ Toàn bộ
Hưng Yên,Lương Tài,xã Đại Đồng,✅ Toàn bộ
Hưng Yên,Đại Đồng,xã Đại Đồng,✅ Toàn bộ
Hưng Yên,phần còn lại của xã Đình Dù sau khi sắp xếp theo quy định tại khoản 27 Điều này và phần còn lại của xã Lạc Đạo sau khi sắp xếp theo quy định tại khoản 28 Điều này,xã Đại Đồng,✅ Toàn bộ
Hưng Yên,xã Long Hưng,xã Nghĩa Trụ,✅ Toàn bộ
Hưng Yên,Vĩnh Khúc,xã Nghĩa Trụ,✅ Toàn bộ
Hưng Yên,Nghĩa Trụ,xã Nghĩa Trụ,✅ Toàn bộ
Hưng Yên,xã Xuân Quan,xã Phụng Công,✅ Toàn bộ
Hưng Yên,Cửu Cao,xã Phụng Công,✅ Toàn bộ
Hưng Yên,Phụng Công,xã Phụng Công,✅ Toàn bộ
Hưng Yên,xã Tân Tiến (huyện Văn Giang),xã Văn Giang,✅ Toàn bộ
Hưng Yên,xã Liên Nghĩa và thị trấn Văn Giang,xã Văn Giang,✅ Toàn bộ
Hưng Yên,xã Bình Minh (huyện Khoái Châu),xã Mễ Sở,✅ Toàn bộ
Hưng Yên,Thắng Lợi,xã Mễ Sở,✅ Toàn bộ
Hưng Yên,Mễ Sở,xã Mễ Sở,✅ Toàn bộ
Hưng Yên,thị trấn Diêm Điền,xã Thái Thụy,✅ Toàn bộ
Hưng Yên,xã Thụy Hải,xã Thái Thụy,✅ Toàn bộ
Hưng Yên,Thụy Trình,xã Thái Thụy,✅ Toàn bộ
Hưng Yên,Thụy Bình,xã Thái Thụy,✅ Toàn bộ
Hưng Yên,Thụy Liên,xã Thái Thụy,✅ Toàn bộ
Hưng Yên,xã Thụy Trường,xã Đông Thụy Anh,✅ Toàn bộ
Hưng Yên,Thụy Xuân,xã Đông Thụy Anh,✅ Toàn bộ
Hưng Yên,An Tân,xã Đông Thụy Anh,✅ Toàn bộ
Hưng Yên,Hồng Dũng,xã Đông Thụy Anh,✅ Toàn bộ
Hưng Yên,xã Thụy Quỳnh,xã Bắc Thụy Anh,✅ Toàn bộ
Hưng Yên,Thụy Văn,xã Bắc Thụy Anh,✅ Toàn bộ
Hưng Yên,Thụy Việt,xã Bắc Thụy Anh,✅ Toàn bộ
Hưng Yên,xã Thụy Sơn,xã Thụy Anh,✅ Toàn bộ
Hưng Yên,Dương Phúc,xã Thụy Anh,✅ Toàn bộ
Hưng Yên,Thụy Hưng,xã Thụy Anh,✅ Toàn bộ
Hưng Yên,xã Thụy Thanh,xã Nam Thụy Anh,✅ Toàn bộ
Hưng Yên,Thụy Phong,xã Nam Thụy Anh,✅ Toàn bộ
Hưng Yên,Thụy Duyên,xã Nam Thụy Anh,✅ Toàn bộ
Hưng Yên,xã Thái Phúc,xã Bắc Thái Ninh,✅ Toàn bộ
Hưng Yên,xã Dương Hồng Thủy,xã Bắc Thái Ninh,✅ Toàn bộ
Hưng Yên,xã Thái Hưng (huyện Thái Thụy),xã Thái Ninh,✅ Toàn bộ
Hưng Yên,Thái Thượng,xã Thái Ninh,✅ Toàn bộ
Hưng Yên,Hòa An,xã Thái Ninh,✅ Toàn bộ
Hưng Yên,Thái Nguyên,xã Thái Ninh,✅ Toàn bộ
Hưng Yên,xã Mỹ Lộc,xã Đông Thái Ninh,✅ Toàn bộ
Hưng Yên,Tân Học,xã Đông Thái Ninh,✅ Toàn bộ
Hưng Yên,Thái Đô,xã Đông Thái Ninh,✅ Toàn bộ
Hưng Yên,Thái Xuyên,xã Đông Thái Ninh,✅ Toàn bộ
Hưng Yên,xã Thái Thọ,xã Nam Thái Ninh,✅ Toàn bộ
Hưng Yên,Thái Thịnh,xã Nam Thái Ninh,✅ Toàn bộ
Hưng Yên,Thuần Thành,xã Nam Thái Ninh,✅ Toàn bộ
Hưng Yên,xã Sơn Hà,xã Tây Thái Ninh,✅ Toàn bộ
Hưng Yên,xã Thái Giang,xã Tây Thái Ninh,✅ Toàn bộ
Hưng Yên,xã Thụy Chính,xã Tây Thụy Anh,✅ Toàn bộ
Hưng Yên,Thụy Dân,xã Tây Thụy Anh,✅ Toàn bộ
Hưng Yên,Thụy Ninh,xã Tây Thụy Anh,✅ Toàn bộ
Hưng Yên,thị trấn Tiền Hải và,xã Tiền Hải,✅ Toàn bộ
Hưng Yên,xã An Ninh (huyện Tiền Hải),xã Tiền Hải,✅ Toàn bộ
Hưng Yên,Tây Ninh,xã Tiền Hải,✅ Toàn bộ
Hưng Yên,Tây Lương,xã Tiền Hải,✅ Toàn bộ
Hưng Yên,Vũ Lăng,xã Tiền Hải,✅ Toàn bộ
Hưng Yên,xã Phương Công,xã Tây Tiền Hải,✅ Toàn bộ
Hưng Yên,Vân Trường,xã Tây Tiền Hải,✅ Toàn bộ
Hưng Yên,Bắc Hải,xã Tây Tiền Hải,✅ Toàn bộ
Hưng Yên,xã Tây Giang,xã Ái Quốc,✅ Toàn bộ
Hưng Yên,xã Ái Quốc,xã Ái Quốc,✅ Toàn bộ
Hưng Yên,xã Đông Hoàng (huyện Tiền Hải),xã Đồng Châu,✅ Toàn bộ
Hưng Yên,Đông Cơ,xã Đồng Châu,✅ Toàn bộ
Hưng Yên,Đông Lâm và Đông Minh,xã Đồng Châu,✅ Toàn bộ
Hưng Yên,xã Đông Xuyên,xã Đông Tiền Hải,✅ Toàn bộ
Hưng Yên,Đông Quang,xã Đông Tiền Hải,✅ Toàn bộ
Hưng Yên,Đông Long,xã Đông Tiền Hải,✅ Toàn bộ
Hưng Yên,Đông Trà,xã Đông Tiền Hải,✅ Toàn bộ
Hưng Yên,xã Nam Thịnh,xã Nam Cường,✅ Toàn bộ
Hưng Yên,Nam Tiến,xã Nam Cường,✅ Toàn bộ
Hưng Yên,Nam Chính,xã Nam Cường,✅ Toàn bộ
Hưng Yên,Nam Cường,xã Nam Cường,✅ Toàn bộ
Hưng Yên,xã Nam Phú,xã Hưng Phú,✅ Toàn bộ
Hưng Yên,Nam Hưng,xã Hưng Phú,✅ Toàn bộ
Hưng Yên,Nam Trung,xã Hưng Phú,✅ Toàn bộ
Hưng Yên,xã Nam Hồng,xã Nam Tiền Hải,✅ Toàn bộ
Hưng Yên,Nam Hà,xã Nam Tiền Hải,✅ Toàn bộ
Hưng Yên,Nam Hải,xã Nam Tiền Hải,✅ Toàn bộ
Hưng Yên,thị trấn Đông Hưng và,xã Đông Hưng,✅ Toàn bộ
Hưng Yên,xã Nguyên Xá (huyện Đông Hưng),xã Đông Hưng,✅ Toàn bộ
Hưng Yên,Đông La,xã Đông Hưng,✅ Toàn bộ
Hưng Yên,Đông Các,xã Đông Hưng,✅ Toàn bộ
Hưng Yên,Đông Sơn,xã Đông Hưng,✅ Toàn bộ
Hưng Yên,Đông Hợp,xã Đông Hưng,✅ Toàn bộ
Hưng Yên,xã Liên An Đô,xã Bắc Tiên Hưng,✅ Toàn bộ
Hưng Yên,Lô Giang,xã Bắc Tiên Hưng,✅ Toàn bộ
Hưng Yên,Mê Linh,xã Bắc Tiên Hưng,✅ Toàn bộ
Hưng Yên,Phú Lương,xã Bắc Tiên Hưng,✅ Toàn bộ
Hưng Yên,xã Phong Dương Tiến,xã Đông Tiên Hưng,✅ Toàn bộ
Hưng Yên,xã Phú Châu,xã Đông Tiên Hưng,✅ Toàn bộ
Hưng Yên,xã Đông Hoàng (huyện Đông Hưng) và xã Xuân Quang Động,xã Nam Đông Hưng,✅ Toàn bộ
Hưng Yên,xã Hà Giang,xã Bắc Đông Quan,✅ Toàn bộ
Hưng Yên,Đông Kinh,xã Bắc Đông Quan,✅ Toàn bộ
Hưng Yên,Đông Vinh,xã Bắc Đông Quan,✅ Toàn bộ
Hưng Yên,xã Đông Cường,xã Bắc Đông Hưng,✅ Toàn bộ
Hưng Yên,Đông Xá,xã Bắc Đông Hưng,✅ Toàn bộ
Hưng Yên,Đông Phương,xã Bắc Đông Hưng,✅ Toàn bộ
Hưng Yên,xã Đông Á,xã Đông Quan,✅ Toàn bộ
Hưng Yên,Đông Tân,xã Đông Quan,✅ Toàn bộ
Hưng Yên,Đông Quan,xã Đông Quan,✅ Toàn bộ
Hưng Yên,xã Liên Hoa,xã Nam Tiên Hưng,✅ Toàn bộ
Hưng Yên,Hồng Giang,xã Nam Tiên Hưng,✅ Toàn bộ
Hưng Yên,Trọng Quan,xã Nam Tiên Hưng,✅ Toàn bộ
Hưng Yên,Minh Phú,xã Nam Tiên Hưng,✅ Toàn bộ
Hưng Yên,xã Minh Tân (huyện Đông Hưng),xã Tiên Hưng,✅ Toàn bộ
Hưng Yên,Hồng Bạch,xã Tiên Hưng,✅ Toàn bộ
Hưng Yên,Thăng Long,xã Tiên Hưng,✅ Toàn bộ
Hưng Yên,Hồng Việt,xã Tiên Hưng,✅ Toàn bộ
Hưng Yên,thị trấn Quỳnh Côi,xã Quỳnh Phụ,✅ Toàn bộ
Hưng Yên,xã Quỳnh Hải,xã Quỳnh Phụ,✅ Toàn bộ
Hưng Yên,Quỳnh Hội,xã Quỳnh Phụ,✅ Toàn bộ
Hưng Yên,Quỳnh Hồng,xã Quỳnh Phụ,✅ Toàn bộ
Hưng Yên,Quỳnh Mỹ,xã Quỳnh Phụ,✅ Toàn bộ
Hưng Yên,Quỳnh Hưng,xã Quỳnh Phụ,✅ Toàn bộ
Hưng Yên,xã Quỳnh Hoa,xã Minh Thọ,✅ Toàn bộ
Hưng Yên,Quỳnh Minh,xã Minh Thọ,✅ Toàn bộ
Hưng Yên,Quỳnh Giao,xã Minh Thọ,✅ Toàn bộ
Hưng Yên,Quỳnh Thọ,xã Minh Thọ,✅ Toàn bộ
Hưng Yên,xã Châu Sơn,xã Nguyễn Du,✅ Toàn bộ
Hưng Yên,Quỳnh Khê,xã Nguyễn Du,✅ Toàn bộ
Hưng Yên,Quỳnh Nguyên,xã Nguyễn Du,✅ Toàn bộ
Hưng Yên,xã Trang Bảo Xá,xã Quỳnh An,✅ Toàn bộ
Hưng Yên,An Vinh,xã Quỳnh An,✅ Toàn bộ
Hưng Yên,Đông Hải,xã Quỳnh An,✅ Toàn bộ
Hưng Yên,xã Quỳnh Hoàng,xã Ngọc Lâm,✅ Toàn bộ
Hưng Yên,Quỳnh Lâm,xã Ngọc Lâm,✅ Toàn bộ
Hưng Yên,Quỳnh Ngọc,xã Ngọc Lâm,✅ Toàn bộ
Hưng Yên,xã An Cầu,xã Đồng Bằng,✅ Toàn bộ
Hưng Yên,An Ấp,xã Đồng Bằng,✅ Toàn bộ
Hưng Yên,An Lễ,xã Đồng Bằng,✅ Toàn bộ
Hưng Yên,An Quý,xã Đồng Bằng,✅ Toàn bộ
Hưng Yên,xã An Đồng,xã A Sào,✅ Toàn bộ
Hưng Yên,An Hiệp,xã A Sào,✅ Toàn bộ
Hưng Yên,An Thái,xã A Sào,✅ Toàn bộ
Hưng Yên,An Khê,xã A Sào,✅ Toàn bộ
Hưng Yên,thị trấn An Bài và,xã Phụ Dực,✅ Toàn bộ
Hưng Yên,xã An Ninh (huyện Quỳnh Phụ),xã Phụ Dực,✅ Toàn bộ
Hưng Yên,An Vũ,xã Phụ Dực,✅ Toàn bộ
Hưng Yên,An Mỹ,xã Phụ Dực,✅ Toàn bộ
Hưng Yên,An Thanh,xã Phụ Dực,✅ Toàn bộ
Hưng Yên,xã Đồng Tiến  (huyện Quỳnh Phụ),xã Tân Tiến,✅ Toàn bộ
Hưng Yên,An Dục và An Tràng,xã Tân Tiến,✅ Toàn bộ
Hưng Yên,xã Hòa Bình,xã Hưng Hà,✅ Toàn bộ
Hưng Yên,Minh Khai và Thống Nhất (huyện Hưng Hà),xã Hưng Hà,✅ Toàn bộ
Hưng Yên,xã Kim Trung,xã Hưng Hà,✅ Toàn bộ
Hưng Yên,Hồng Lĩnh,xã Hưng Hà,✅ Toàn bộ
Hưng Yên,Văn Lang,xã Hưng Hà,✅ Toàn bộ
Hưng Yên,thị trấn Hưng Hà,xã Hưng Hà,✅ Toàn bộ
Hưng Yên,xã Tân Tiến (huyện Hưng Hà),xã Tiên La,✅ Toàn bộ
Hưng Yên,Thái Phương,xã Tiên La,✅ Toàn bộ
Hưng Yên,Đoan Hùng,xã Tiên La,✅ Toàn bộ
Hưng Yên,Phúc Khánh,xã Tiên La,✅ Toàn bộ
Hưng Yên,xã Minh Tân (huyện Hưng Hà),xã Lê Quý Đôn,✅ Toàn bộ
Hưng Yên,Độc Lập,xã Lê Quý Đôn,✅ Toàn bộ
Hưng Yên,Hồng An,xã Lê Quý Đôn,✅ Toàn bộ
Hưng Yên,xã Chí Hòa,xã Hồng Minh,✅ Toàn bộ
Hưng Yên,Minh Hòa,xã Hồng Minh,✅ Toàn bộ
Hưng Yên,Hồng Minh,xã Hồng Minh,✅ Toàn bộ
Hưng Yên,xã Bắc Sơn (huyện Hưng Hà),xã Thần Khê,✅ Toàn bộ
Hưng Yên,Đông Đô,xã Thần Khê,✅ Toàn bộ
Hưng Yên,Tây Đô,xã Thần Khê,✅ Toàn bộ
Hưng Yên,Chi Lăng,xã Thần Khê,✅ Toàn bộ
Hưng Yên,xã Quang Trung (huyện Hưng Hà),xã Diên Hà,✅ Toàn bộ
Hưng Yên,Văn Cẩm,xã Diên Hà,✅ Toàn bộ
Hưng Yên,Duyên Hải,xã Diên Hà,✅ Toàn bộ
Hưng Yên,xã Tân Hòa (huyện Hưng Hà),xã Ngự Thiên,✅ Toàn bộ
Hưng Yên,Canh Tân,xã Ngự Thiên,✅ Toàn bộ
Hưng Yên,Cộng Hòa,xã Ngự Thiên,✅ Toàn bộ
Hưng Yên,Hòa Tiến,xã Ngự Thiên,✅ Toàn bộ
Hưng Yên,thị trấn Hưng Nhân và,xã Long Hưng,✅ Toàn bộ
Hưng Yên,xã Thái Hưng (huyện Hưng Hà),xã Long Hưng,✅ Toàn bộ
Hưng Yên,Tân Lễ,xã Long Hưng,✅ Toàn bộ
Hưng Yên,Tiến Đức,xã Long Hưng,✅ Toàn bộ
Hưng Yên,Liên Hiệp,xã Long Hưng,✅ Toàn bộ
Hưng Yên,xã Bình Minh và xã Quang Trung (huyện Kiến Xương),xã Kiến Xương,✅ Toàn bộ
Hưng Yên,xã Quang Minh,xã Kiến Xương,✅ Toàn bộ
Hưng Yên,xã Quang Bình,xã Kiến Xương,✅ Toàn bộ
Hưng Yên,thị trấn Kiến Xương,xã Kiến Xương,✅ Toàn bộ
Hưng Yên,xã Thống Nhất (huyện Kiến Xương),xã Lê Lợi,✅ Toàn bộ
Hưng Yên,xã Lê Lợi,xã Lê Lợi,✅ Toàn bộ
Hưng Yên,xã Hòa Bình (huyện Kiến Xương),xã Quang Lịch,✅ Toàn bộ
Hưng Yên,Vũ Lễ,xã Quang Lịch,✅ Toàn bộ
Hưng Yên,Quang Lịch,xã Quang Lịch,✅ Toàn bộ
Hưng Yên,xã Vũ An,xã Vũ Quý,✅ Toàn bộ
Hưng Yên,Vũ Ninh,xã Vũ Quý,✅ Toàn bộ
Hưng Yên,Vũ Trung,xã Vũ Quý,✅ Toàn bộ
Hưng Yên,Vũ Quý,xã Vũ Quý,✅ Toàn bộ
Hưng Yên,xã Minh Tân và xã Minh Quang (huyện Kiến Xương),xã Bình Thanh,✅ Toàn bộ
Hưng Yên,xã Bình Thanh,xã Bình Thanh,✅ Toàn bộ
Hưng Yên,xã Hồng Tiến,xã Bình Định,✅ Toàn bộ
Hưng Yên,Nam Bình,xã Bình Định,✅ Toàn bộ
Hưng Yên,Bình Định,xã Bình Định,✅ Toàn bộ
Hưng Yên,xã Vũ Công,xã Hồng Vũ,✅ Toàn bộ
Hưng Yên,xã Hồng Vũ,xã Hồng Vũ,✅ Toàn bộ
Hưng Yên,xã Thanh Tân,xã Bình Nguyên,✅ Toàn bộ
Hưng Yên,An Bình,xã Bình Nguyên,✅ Toàn bộ
Hưng Yên,Bình Nguyên,xã Bình Nguyên,✅ Toàn bộ
Hưng Yên,xã Hồng Thái,xã Trà Giang,✅ Toàn bộ
Hưng Yên,Quốc Tuấn,xã Trà Giang,✅ Toàn bộ
Hưng Yên,Trà Giang,xã Trà Giang,✅ Toàn bộ
Hưng Yên,xã Hòa Bình,xã Vũ Thư,✅ Toàn bộ
Hưng Yên,Minh Khai và Minh Quang (huyện Vũ Thư),xã Vũ Thư,✅ Toàn bộ
Hưng Yên,xã Tam Quang,xã Vũ Thư,✅ Toàn bộ
Hưng Yên,xã Dũng Nghĩa,xã Vũ Thư,✅ Toàn bộ
Hưng Yên,thị trấn Vũ Thư,xã Vũ Thư,✅ Toàn bộ
Hưng Yên,xã Song Lãng,xã Thư Trì,✅ Toàn bộ
Hưng Yên,Hiệp Hòa,xã Thư Trì,✅ Toàn bộ
Hưng Yên,Minh Lãng,xã Thư Trì,✅ Toàn bộ
Hưng Yên,xã Tân Lập (huyện Vũ Thư),xã Tân Thuận,✅ Toàn bộ
Hưng Yên,Tự Tân và Bách Thuận,xã Tân Thuận,✅ Toàn bộ
Hưng Yên,xã Việt Thuận,xã Thư Vũ,✅ Toàn bộ
Hưng Yên,Vũ Hội,xã Thư Vũ,✅ Toàn bộ
Hưng Yên,Vũ Vinh,xã Thư Vũ,✅ Toàn bộ
Hưng Yên,Vũ Vân,xã Thư Vũ,✅ Toàn bộ
Hưng Yên,xã Vũ Đoài,xã Vũ Tiên,✅ Toàn bộ
Hưng Yên,Duy Nhất,xã Vũ Tiên,✅ Toàn bộ
Hưng Yên,Hồng Phong,xã Vũ Tiên,✅ Toàn bộ
Hưng Yên,Vũ Tiến,xã Vũ Tiên,✅ Toàn bộ
Hưng Yên,xã Đồng Thanh (huyện Vũ Thư),xã Vạn Xuân,✅ Toàn bộ
Hưng Yên,Hồng Lý,xã Vạn Xuân,✅ Toàn bộ
Hưng Yên,Việt Hùng và Xuân Hòa,xã Vạn Xuân,✅ Toàn bộ
Hưng Yên,phường An Tảo,phường Phố Hiến,✅ Toàn bộ
Hưng Yên,Lê Lợi,phường Phố Hiến,✅ Toàn bộ
Hưng Yên,Hiến Nam,phường Phố Hiến,✅ Toàn bộ
Hưng Yên,Minh Khai,phường Phố Hiến,✅ Toàn bộ
Hưng Yên,xã Trung Nghĩa,phường Phố Hiến,✅ Toàn bộ
Hưng Yên,xã Liên Phương,phường Phố Hiến,✅ Toàn bộ
Hưng Yên,phường Lam Sơn,phường Sơn Nam,✅ Toàn bộ
Hưng Yên,xã Phú Cường,phường Sơn Nam,✅ Toàn bộ
Hưng Yên,Hùng Cường,phường Sơn Nam,✅ Toàn bộ
Hưng Yên,Bảo Khê,phường Sơn Nam,✅ Toàn bộ
Hưng Yên,phần còn lại của xã Ngọc Thanh sau khi sắp xếp theo quy định tại khoản 11 Điều này,phường Sơn Nam,✅ Toàn bộ
Hưng Yên,phường Hồng Châu,phường Hồng Châu,✅ Toàn bộ
Hưng Yên,xã Quảng Châu,phường Hồng Châu,✅ Toàn bộ
Hưng Yên,xã Hoàng Hanh,phường Hồng Châu,✅ Toàn bộ
Hưng Yên,phường Bần Yên Nhân,phường Mỹ Hào,✅ Toàn bộ
Hưng Yên,Nhân Hòa,phường Mỹ Hào,✅ Toàn bộ
Hưng Yên,Phan Đình Phùng,phường Mỹ Hào,✅ Toàn bộ
Hưng Yên,xã Cẩm Xá,phường Mỹ Hào,✅ Toàn bộ
Hưng Yên,phường Dị Sử,phường Đường Hào,✅ Toàn bộ
Hưng Yên,phường Phùng Chí Kiên,phường Đường Hào,✅ Toàn bộ
Hưng Yên,xã Xuân Dục,phường Đường Hào,✅ Toàn bộ
Hưng Yên,Hưng Long,phường Đường Hào,✅ Toàn bộ
Hưng Yên,Ngọc Lâm,phường Đường Hào,✅ Toàn bộ
Hưng Yên,phường Bạch Sam,phường Thượng Hồng,✅ Toàn bộ
Hưng Yên,phường Minh Đức,phường Thượng Hồng,✅ Toàn bộ
Hưng Yên,xã Dương Quang,phường Thượng Hồng,✅ Toàn bộ
Hưng Yên,xã Hòa Phong,phường Thượng Hồng,✅ Toàn bộ
Hưng Yên,phường Lê Hồng Phong,phường Thái Bình,✅ Toàn bộ
Hưng Yên,Bồ Xuyên,phường Thái Bình,✅ Toàn bộ
Hưng Yên,Tiền Phong và,phường Thái Bình,✅ Toàn bộ
Hưng Yên,xã Tân Hòa (huyện Vũ Thư),phường Thái Bình,✅ Toàn bộ
Hưng Yên,Phúc Thành,phường Thái Bình,✅ Toàn bộ
Hưng Yên,Tân Phong,phường Thái Bình,✅ Toàn bộ
Hưng Yên,Tân Bình,phường Thái Bình,✅ Toàn bộ
Hưng Yên,phường Trần Lãm,phường Trần Lãm,✅ Toàn bộ
Hưng Yên,phường Kỳ Bá,phường Trần Lãm,✅ Toàn bộ
Hưng Yên,xã Vũ Đông,phường Trần Lãm,✅ Toàn bộ
Hưng Yên,Vũ Lạc,phường Trần Lãm,✅ Toàn bộ
Hưng Yên,Vũ Chính,phường Trần Lãm,✅ Toàn bộ
Hưng Yên,Tây Sơn,phường Trần Lãm,✅ Toàn bộ
Hưng Yên,phường Trần Hưng Đạo,phường Trần Hưng Đạo,✅ Toàn bộ
Hưng Yên,Đề Thám,phường Trần Hưng Đạo,✅ Toàn bộ
Hưng Yên,Quang Trung,phường Trần Hưng Đạo,✅ Toàn bộ
Hưng Yên,xã Phú Xuân,phường Trần Hưng Đạo,✅ Toàn bộ
Hưng Yên,phường Hoàng Diệu,phường Trà Lý,✅ Toàn bộ
Hưng Yên,xã Đông Mỹ,phường Trà Lý,✅ Toàn bộ
Hưng Yên,Đông Hoà,phường Trà Lý,✅ Toàn bộ
Hưng Yên,Đông Thọ,phường Trà Lý,✅ Toàn bộ
Hưng Yên,Đông Dương,phường Trà Lý,✅ Toàn bộ
Hưng Yên,phường Phú Khánh và,phường Vũ Phúc,✅ Toàn bộ
Hưng Yên,xã Nguyên Xá (huyện Vũ Thư),phường Vũ Phúc,✅ Toàn bộ
Hưng Yên,Song An,phường Vũ Phúc,✅ Toàn bộ
Hưng Yên,Trung An,phường Vũ Phúc,✅ Toàn bộ
Hưng Yên,Vũ Phúc,phường Vũ Phúc,✅ Toàn bộ
Tuyên Quang,xã Khuôn Hà,xã Thượng Lâm,✅ Toàn bộ
Tuyên Quang,xã Thượng Lâm,xã Thượng Lâm,✅ Toàn bộ
Tuyên Quang,thị trấn Lăng Can,xã Lâm Bình,✅ Toàn bộ
Tuyên Quang,xã Phúc Yên,xã Lâm Bình,✅ Toàn bộ
Tuyên Quang,xã Xuân Lập,xã Lâm Bình,✅ Toàn bộ
Tuyên Quang,xã Sinh Long,xã Côn Lôn,✅ Toàn bộ
Tuyên Quang,xã Côn Lôn,xã Côn Lôn,✅ Toàn bộ
Tuyên Quang,xã Khâu Tinh,xã Yên Hoa,✅ Toàn bộ
Tuyên Quang,xã Yên Hoa,xã Yên Hoa,✅ Toàn bộ
Tuyên Quang,của xã Thượng Giáp,xãThượng Nông,✅ Toàn bộ
Tuyên Quang,xã Thượng Nông,xãThượng Nông,✅ Toàn bộ
Tuyên Quang,xã Đà Vị,xãHồng Thái,✅ Toàn bộ
Tuyên Quang,Sơn Phú,xãHồng Thái,✅ Toàn bộ
Tuyên Quang,Hồng Thái,xãHồng Thái,✅ Toàn bộ
Tuyên Quang,xã Hùng Mỹ,xã Tân Mỹ,✅ Toàn bộ
Tuyên Quang,xã Tân Mỹ,xã Tân Mỹ,✅ Toàn bộ
Tuyên Quang,xã Hà Lang,xã Tân An,✅ Toàn bộ
Tuyên Quang,xã Tân An,xã Tân An,✅ Toàn bộ
Tuyên Quang,xã Tân Thịnh,xã Hòa An,✅ Toàn bộ
Tuyên Quang,Nhân Lý,xã Hòa An,✅ Toàn bộ
Tuyên Quang,Hòa An,xã Hòa An,✅ Toàn bộ
Tuyên Quang,xã Phú Bình,xã Kiên Đài,✅ Toàn bộ
Tuyên Quang,xã Kiên Đài,xã Kiên Đài,✅ Toàn bộ
Tuyên Quang,xã Linh Phú,xã Tri Phú,✅ Toàn bộ
Tuyên Quang,xã Tri Phú,xã Tri Phú,✅ Toàn bộ
Tuyên Quang,xã Vinh Quang,xã Kim Bình,✅ Toàn bộ
Tuyên Quang,Bình Nhân,xã Kim Bình,✅ Toàn bộ
Tuyên Quang,Kim Bình,xã Kim Bình,✅ Toàn bộ
Tuyên Quang,xã Hòa Phú,xã Yên Nguyên,✅ Toàn bộ
Tuyên Quang,xã Yên Nguyên,xã Yên Nguyên,✅ Toàn bộ
Tuyên Quang,xã Yên Lâm,xã Yên Phú,✅ Toàn bộ
Tuyên Quang,xã Yên Phú,xã Yên Phú,✅ Toàn bộ
Tuyên Quang,xã Yên Thuận,xã Bạch Xa,✅ Toàn bộ
Tuyên Quang,Minh Khương,xã Bạch Xa,✅ Toàn bộ
Tuyên Quang,Bạch Xa,xã Bạch Xa,✅ Toàn bộ
Tuyên Quang,xã Minh Dân,xã Phù Lưu,✅ Toàn bộ
Tuyên Quang,xã Phù Lưu,xã Phù Lưu,✅ Toàn bộ
Tuyên Quang,thị trấn Tân Yên,xã Hàm Yên,✅ Toàn bộ
Tuyên Quang,cácxã Tân Thành (huyện Hàm Yên),xã Hàm Yên,✅ Toàn bộ
Tuyên Quang,Bằng Cốc,xã Hàm Yên,✅ Toàn bộ
Tuyên Quang,Nhân Mục,xã Hàm Yên,✅ Toàn bộ
Tuyên Quang,xã Minh Hương,xã Bình Xa,✅ Toàn bộ
Tuyên Quang,xã Bình Xa,xã Bình Xa,✅ Toàn bộ
Tuyên Quang,xã Trung Minh,xã Hùng Lợi,✅ Toàn bộ
Tuyên Quang,xã Hùng Lợi,xã Hùng Lợi,✅ Toàn bộ
Tuyên Quang,xã Đạo Viện,xã Trung Sơn,✅ Toàn bộ
Tuyên Quang,Công Đa,xã Trung Sơn,✅ Toàn bộ
Tuyên Quang,Trung Sơn,xã Trung Sơn,✅ Toàn bộ
Tuyên Quang,xã Phú Thịnh,xã Thái Bình,✅ Toàn bộ
Tuyên Quang,xã Tiến Bộ,xã Thái Bình,✅ Toàn bộ
Tuyên Quang,xã Thái Bình,xã Thái Bình,⚠️ Một phần (Cần check)
Tuyên Quang,xã Tân Tiến (huyện Yên Sơn),xã Tân Long,✅ Toàn bộ
Tuyên Quang,xã Tân Long,xã Tân Long,✅ Toàn bộ
Tuyên Quang,xã Trung Trực,xã Xuân Vân,✅ Toàn bộ
Tuyên Quang,Phúc Ninh,xã Xuân Vân,✅ Toàn bộ
Tuyên Quang,Xuân Vân,xã Xuân Vân,✅ Toàn bộ
Tuyên Quang,xã Quý Quân,xã Lực Hành,✅ Toàn bộ
Tuyên Quang,Chiêu Yên,xã Lực Hành,✅ Toàn bộ
Tuyên Quang,Lực Hành,xã Lực Hành,✅ Toàn bộ
Tuyên Quang,thị trấn Yên Sơn,xã Yên Sơn,✅ Toàn bộ
Tuyên Quang,cácxã Tứ Quận,xã Yên Sơn,✅ Toàn bộ
Tuyên Quang,Lang Quán,xã Yên Sơn,✅ Toàn bộ
Tuyên Quang,Chân Sơn,xã Yên Sơn,✅ Toàn bộ
Tuyên Quang,xã Nhữ Hán,xã Nhữ Khê,✅ Toàn bộ
Tuyên Quang,Đội Bình,xã Nhữ Khê,✅ Toàn bộ
Tuyên Quang,Nhữ Khê,xã Nhữ Khê,✅ Toàn bộ
Tuyên Quang,xã Kim Quan,xã Tân Trào,✅ Toàn bộ
Tuyên Quang,Trung Yên,xã Tân Trào,✅ Toàn bộ
Tuyên Quang,Tân Trào,xã Tân Trào,✅ Toàn bộ
Tuyên Quang,xã Bình Yên,xã Minh Thanh,✅ Toàn bộ
Tuyên Quang,Lương Thiện,xã Minh Thanh,✅ Toàn bộ
Tuyên Quang,Minh Thanh,xã Minh Thanh,✅ Toàn bộ
Tuyên Quang,thị trấn Sơn Dương,xã Sơn Dương,✅ Toàn bộ
Tuyên Quang,cácxã Hợp Thành,xã Sơn Dương,✅ Toàn bộ
Tuyên Quang,Phúc Ứng,xã Sơn Dương,✅ Toàn bộ
Tuyên Quang,Tú Thịnh,xã Sơn Dương,✅ Toàn bộ
Tuyên Quang,xã Thượng Ấm,xã Bình Ca,✅ Toàn bộ
Tuyên Quang,Cấp Tiến,xã Bình Ca,✅ Toàn bộ
Tuyên Quang,Vĩnh Lợi,xã Bình Ca,✅ Toàn bộ
Tuyên Quang,xã Kháng Nhật,xã Tân Thanh,✅ Toàn bộ
Tuyên Quang,Hợp Hòa,xã Tân Thanh,✅ Toàn bộ
Tuyên Quang,Tân Thanh,xã Tân Thanh,✅ Toàn bộ
Tuyên Quang,xã Ninh Lai,xã Sơn Thủy,✅ Toàn bộ
Tuyên Quang,Thiện Kế,xã Sơn Thủy,✅ Toàn bộ
Tuyên Quang,Sơn Nam,xã Sơn Thủy,✅ Toàn bộ
Tuyên Quang,xã Đại Phú,xã Phú Lương,✅ Toàn bộ
Tuyên Quang,Tam Đa,xã Phú Lương,✅ Toàn bộ
Tuyên Quang,Phú Lương,xã Phú Lương,✅ Toàn bộ
Tuyên Quang,xã Hào Phú,xã Trường Sinh,✅ Toàn bộ
Tuyên Quang,Đông Lợi,xã Trường Sinh,✅ Toàn bộ
Tuyên Quang,Trường Sinh,xã Trường Sinh,✅ Toàn bộ
Tuyên Quang,xã Chi Thiết,xã Hồng Sơn,✅ Toàn bộ
Tuyên Quang,Văn Phú,xã Hồng Sơn,✅ Toàn bộ
Tuyên Quang,Hồng Sơn,xã Hồng Sơn,✅ Toàn bộ
Tuyên Quang,xã Đồng Quý,xã Đông Thọ,✅ Toàn bộ
Tuyên Quang,Quyết Thắng,xã Đông Thọ,✅ Toàn bộ
Tuyên Quang,Đông Thọ,xã Đông Thọ,✅ Toàn bộ
Tuyên Quang,xã Má Lé,xã Lũng Cú,✅ Toàn bộ
Tuyên Quang,Lũng Táo,xã Lũng Cú,✅ Toàn bộ
Tuyên Quang,Lũng Cú,xã Lũng Cú,✅ Toàn bộ
Tuyên Quang,thị trấn Đồng Văn và,xã Đồng Văn,✅ Toàn bộ
Tuyên Quang,xã Tả Lủng (huyện Đồng Văn),xã Đồng Văn,✅ Toàn bộ
Tuyên Quang,Tả Phìn,xã Đồng Văn,✅ Toàn bộ
Tuyên Quang,Thài Phìn Tủng,xã Đồng Văn,✅ Toàn bộ
Tuyên Quang,Pải Lủng,xã Đồng Văn,✅ Toàn bộ
Tuyên Quang,xã Sủng Là,xã Sà Phìn,✅ Toàn bộ
Tuyên Quang,Sính Lủng,xã Sà Phìn,✅ Toàn bộ
Tuyên Quang,Sảng Tủng,xã Sà Phìn,✅ Toàn bộ
Tuyên Quang,Sà Phìn,xã Sà Phìn,✅ Toàn bộ
Tuyên Quang,thị trấn Phố Bảng,xã Phố Bảng,✅ Toàn bộ
Tuyên Quang,xã Phố Là,xã Phố Bảng,✅ Toàn bộ
Tuyên Quang,Phố Cáo,xã Phố Bảng,✅ Toàn bộ
Tuyên Quang,Lũng Thầu,xã Phố Bảng,✅ Toàn bộ
Tuyên Quang,xã Sủng Trái,xã Lũng Phìn,✅ Toàn bộ
Tuyên Quang,Hố Quáng Phìn,xã Lũng Phìn,✅ Toàn bộ
Tuyên Quang,Lũng Phìn,xã Lũng Phìn,✅ Toàn bộ
Tuyên Quang,xã Lũng Chinh,xã Sủng Máng,✅ Toàn bộ
Tuyên Quang,Sủng Trà,xã Sủng Máng,✅ Toàn bộ
Tuyên Quang,Sủng Máng,xã Sủng Máng,✅ Toàn bộ
Tuyên Quang,xã Thượng Phùng,xã Sơn Vĩ,✅ Toàn bộ
Tuyên Quang,Xín Cái,xã Sơn Vĩ,✅ Toàn bộ
Tuyên Quang,Sơn Vĩ,xã Sơn Vĩ,✅ Toàn bộ
Tuyên Quang,xã Cán Chu Phìn,xã Khâu Vai,✅ Toàn bộ
Tuyên Quang,Lũng Pù,xã Khâu Vai,✅ Toàn bộ
Tuyên Quang,Khâu Vai,xã Khâu Vai,✅ Toàn bộ
Tuyên Quang,xã Niêm Tòng,xã Niêm Sơn,✅ Toàn bộ
Tuyên Quang,xã Niêm Sơn,xã Niêm Sơn,✅ Toàn bộ
Tuyên Quang,xã Nậm Ban,xã Tát Ngà,✅ Toàn bộ
Tuyên Quang,xã Tát Ngà,xã Tát Ngà,✅ Toàn bộ
Tuyên Quang,xã Sủng Cháng,xã Thắng Mố,✅ Toàn bộ
Tuyên Quang,Sủng Thài,xã Thắng Mố,✅ Toàn bộ
Tuyên Quang,Thắng Mố,xã Thắng Mố,✅ Toàn bộ
Tuyên Quang,xã Phú Lũng,xã Bạch Đích,✅ Toàn bộ
Tuyên Quang,Na Khê,xã Bạch Đích,✅ Toàn bộ
Tuyên Quang,Bạch Đích,xã Bạch Đích,✅ Toàn bộ
Tuyên Quang,xã Ngam La,xã Mậu Duệ,✅ Toàn bộ
Tuyên Quang,Mậu Long,xã Mậu Duệ,✅ Toàn bộ
Tuyên Quang,Mậu Duệ,xã Mậu Duệ,✅ Toàn bộ
Tuyên Quang,xã Du Tiến,xã Du Già,✅ Toàn bộ
Tuyên Quang,xã Du Già,xã Du Già,✅ Toàn bộ
Tuyên Quang,xã Lũng Hồ,xã Đường Thượng,✅ Toàn bộ
Tuyên Quang,xã Đường Thượng,xã Đường Thượng,✅ Toàn bộ
Tuyên Quang,xã Thái An,xã Lùng Tám,✅ Toàn bộ
Tuyên Quang,Đông Hà,xã Lùng Tám,✅ Toàn bộ
Tuyên Quang,Lùng Tám,xã Lùng Tám,✅ Toàn bộ
Tuyên Quang,xã Bát Đại Sơn,xã Cán Tỷ,✅ Toàn bộ
Tuyên Quang,xã Cán Tỷ,xã Cán Tỷ,✅ Toàn bộ
Tuyên Quang,xã Thanh Vân,xã Nghĩa Thuận,✅ Toàn bộ
Tuyên Quang,xã Nghĩa Thuận,xã Nghĩa Thuận,✅ Toàn bộ
Tuyên Quang,thị trấn Tam Sơn,xã Quản Bạ,✅ Toàn bộ
Tuyên Quang,xã Quyết Tiến,xã Quản Bạ,✅ Toàn bộ
Tuyên Quang,xã Quản Bạ,xã Quản Bạ,✅ Toàn bộ
Tuyên Quang,xã Cao Mã Pờ,xã Tùng Vài,✅ Toàn bộ
Tuyên Quang,Tả Ván,xã Tùng Vài,✅ Toàn bộ
Tuyên Quang,Tùng Vài,xã Tùng Vài,✅ Toàn bộ
Tuyên Quang,xã Phiêng Luông,xã Yên Cường,✅ Toàn bộ
Tuyên Quang,xã Yên Cường,xã Yên Cường,✅ Toàn bộ
Tuyên Quang,xã Đường Âm,xã Đường Hồng,✅ Toàn bộ
Tuyên Quang,Phú Nam,xã Đường Hồng,✅ Toàn bộ
Tuyên Quang,Đường Hồng,xã Đường Hồng,✅ Toàn bộ
Tuyên Quang,thị trấn Yên Phú,xã Bắc Mê,✅ Toàn bộ
Tuyên Quang,xã Yên Phong,xã Bắc Mê,✅ Toàn bộ
Tuyên Quang,xã Lạc Nông,xã Bắc Mê,✅ Toàn bộ
Tuyên Quang,xã Minh Ngọc,xã Minh Ngọc,✅ Toàn bộ
Tuyên Quang,xã Thượng Tân,xã Minh Ngọc,✅ Toàn bộ
Tuyên Quang,xã Yên Định,xã Minh Ngọc,⚠️ Một phần (Cần check)
Tuyên Quang,xã Xín Chải,xã Lao Chải,✅ Toàn bộ
Tuyên Quang,Thanh Đức,xã Lao Chải,✅ Toàn bộ
Tuyên Quang,Lao Chải,xã Lao Chải,✅ Toàn bộ
Tuyên Quang,xã Phương Tiến,xã Thanh Thủy,✅ Toàn bộ
Tuyên Quang,xã Thanh Thủy,xã Thanh Thủy,✅ Toàn bộ
Tuyên Quang,cácxã Kim Thạch,xã Phú Linh,✅ Toàn bộ
Tuyên Quang,Kim Linh,xã Phú Linh,✅ Toàn bộ
Tuyên Quang,Phú Linh,xã Phú Linh,✅ Toàn bộ
Tuyên Quang,xã Ngọc Linh,xã Linh Hồ,✅ Toàn bộ
Tuyên Quang,Trung Thành,xã Linh Hồ,✅ Toàn bộ
Tuyên Quang,Linh Hồ,xã Linh Hồ,✅ Toàn bộ
Tuyên Quang,xã Ngọc Minh,xã Bạch Ngọc,✅ Toàn bộ
Tuyên Quang,xã Bạch Ngọc,xã Bạch Ngọc,✅ Toàn bộ
Tuyên Quang,thị trấn Vị Xuyên,xã Vị Xuyên,✅ Toàn bộ
Tuyên Quang,thị trấn Nông trường Việt Lâm,xã Vị Xuyên,✅ Toàn bộ
Tuyên Quang,xã Đạo Đức,xã Vị Xuyên,✅ Toàn bộ
Tuyên Quang,xã Tân Thành (huyện Bắc Quang),xã Tân Quang,✅ Toàn bộ
Tuyên Quang,Tân Lập,xã Tân Quang,✅ Toàn bộ
Tuyên Quang,Tân Quang,xã Tân Quang,✅ Toàn bộ
Tuyên Quang,xã Đồng Tiến,xã Đồng Tâm,✅ Toàn bộ
Tuyên Quang,Thượng Bình,xã Đồng Tâm,✅ Toàn bộ
Tuyên Quang,Đồng Tâm,xã Đồng Tâm,✅ Toàn bộ
Tuyên Quang,xã Hữu Sản,xã Liên Hiệp,✅ Toàn bộ
Tuyên Quang,Đức Xuân,xã Liên Hiệp,✅ Toàn bộ
Tuyên Quang,Liên Hiệp,xã Liên Hiệp,✅ Toàn bộ
Tuyên Quang,xã Kim Ngọc,xã Bằng Hành,✅ Toàn bộ
Tuyên Quang,Vô Điếm,xã Bằng Hành,✅ Toàn bộ
Tuyên Quang,Bằng Hành,xã Bằng Hành,✅ Toàn bộ
Tuyên Quang,thị trấnViệt Quang,xã Bắc Quang,✅ Toàn bộ
Tuyên Quang,xã Quang Minh,xã Bắc Quang,✅ Toàn bộ
Tuyên Quang,xã Việt Vinh,xã Bắc Quang,✅ Toàn bộ
Tuyên Quang,xã Việt Hồng,xã Hùng An,✅ Toàn bộ
Tuyên Quang,Tiên Kiều,xã Hùng An,✅ Toàn bộ
Tuyên Quang,Hùng An,xã Hùng An,✅ Toàn bộ
Tuyên Quang,thị trấn Vĩnh Tuy,xã Vĩnh Tuy,✅ Toàn bộ
Tuyên Quang,xã Vĩnh Hảo,xã Vĩnh Tuy,✅ Toàn bộ
Tuyên Quang,xã Đông Thành,xã Vĩnh Tuy,✅ Toàn bộ
Tuyên Quang,xã Vĩnh Phúc,xã Đồng Yên,✅ Toàn bộ
Tuyên Quang,xã Đồng Yên,xã Đồng Yên,✅ Toàn bộ
Tuyên Quang,xã Vĩ Thượng,xã Tiên Yên,✅ Toàn bộ
Tuyên Quang,Hương Sơn,xã Tiên Yên,✅ Toàn bộ
Tuyên Quang,Tiên Yên,xã Tiên Yên,✅ Toàn bộ
Tuyên Quang,xã Nà Khương,xã Xuân Giang,✅ Toàn bộ
Tuyên Quang,xãXuân Giang,xã Xuân Giang,✅ Toàn bộ
Tuyên Quang,xã Yên Hà,xã Bằng Lang,✅ Toàn bộ
Tuyên Quang,xã Bằng Lang,xã Bằng Lang,✅ Toàn bộ
Tuyên Quang,xã Bản Rịa,xã Yên Thành,✅ Toàn bộ
Tuyên Quang,xã Yên Thành,xã Yên Thành,✅ Toàn bộ
Tuyên Quang,thị trấn Yên Bình,xã Quang Bình,✅ Toàn bộ
Tuyên Quang,xã Tân Nam,xã Quang Bình,✅ Toàn bộ
Tuyên Quang,xã Tân Bắc,xã Tân Trịnh,✅ Toàn bộ
Tuyên Quang,xã Tân Trịnh,xã Tân Trịnh,✅ Toàn bộ
Tuyên Quang,xã Xuân Minh,xã Thông Nguyên,✅ Toàn bộ
Tuyên Quang,xã Thông Nguyên,xã Thông Nguyên,✅ Toàn bộ
Tuyên Quang,xã Nậm Ty,xã Nậm Dịch,✅ Toàn bộ
Tuyên Quang,Tả Sử Choóng,xã Nậm Dịch,✅ Toàn bộ
Tuyên Quang,Nậm Dịch,xã Nậm Dịch,✅ Toàn bộ
Tuyên Quang,thị trấn Vinh Quang,xã Hoàng Su Phì,✅ Toàn bộ
Tuyên Quang,cácxã Bản Luốc,xã Hoàng Su Phì,✅ Toàn bộ
Tuyên Quang,Ngàm Đăng Vài,xã Hoàng Su Phì,✅ Toàn bộ
Tuyên Quang,Tụ Nhân,xã Hoàng Su Phì,✅ Toàn bộ
Tuyên Quang,Đản Ván,xã Hoàng Su Phì,✅ Toàn bộ
Tuyên Quang,xã Pố Lồ,xã Thàng Tín,✅ Toàn bộ
Tuyên Quang,Thèn Chu Phìn,xã Thàng Tín,✅ Toàn bộ
Tuyên Quang,Thàng Tín,xã Thàng Tín,✅ Toàn bộ
Tuyên Quang,xã Bản Phùng,xã Bản Máy,✅ Toàn bộ
Tuyên Quang,Chiến Phố,xã Bản Máy,✅ Toàn bộ
Tuyên Quang,Bản Máy,xã Bản Máy,✅ Toàn bộ
Tuyên Quang,xã Sán Sả Hồ,xã Pờ Ly Ngài,✅ Toàn bộ
Tuyên Quang,Nàng Đôn,xã Pờ Ly Ngài,✅ Toàn bộ
Tuyên Quang,Pờ Ly Ngài,xã Pờ Ly Ngài,✅ Toàn bộ
Tuyên Quang,xã Thèn Phàng,xã Xín Mần,✅ Toàn bộ
Tuyên Quang,Nàn Xỉn,xã Xín Mần,✅ Toàn bộ
Tuyên Quang,Bản Díu,xã Xín Mần,✅ Toàn bộ
Tuyên Quang,Chí Cà,xã Xín Mần,✅ Toàn bộ
Tuyên Quang,Xín Mần,xã Xín Mần,✅ Toàn bộ
Tuyên Quang,thị trấn Cốc Pài,xã Pà Vầy Sủ,✅ Toàn bộ
Tuyên Quang,cácxã Nàn Ma,xã Pà Vầy Sủ,✅ Toàn bộ
Tuyên Quang,Bản Ngò,xã Pà Vầy Sủ,✅ Toàn bộ
Tuyên Quang,Pà Vầy Sủ,xã Pà Vầy Sủ,✅ Toàn bộ
Tuyên Quang,xã Chế Là,xã Nấm Dẩn,✅ Toàn bộ
Tuyên Quang,Tả Nhìu,xã Nấm Dẩn,✅ Toàn bộ
Tuyên Quang,Nấm Dẩn,xã Nấm Dẩn,✅ Toàn bộ
Tuyên Quang,xã Cốc Rế,xã Trung Thịnh,✅ Toàn bộ
Tuyên Quang,Thu Tà,xã Trung Thịnh,✅ Toàn bộ
Tuyên Quang,Trung Thịnh,xã Trung Thịnh,✅ Toàn bộ
Tuyên Quang,xã Nà Chì,xã Khuôn Lùng,✅ Toàn bộ
Tuyên Quang,xã Khuôn Lùng,xã Khuôn Lùng,✅ Toàn bộ
Tuyên Quang,phường Mỹ Lâm,phường Mỹ Lâm,✅ Toàn bộ
Tuyên Quang,xã Mỹ Bằng,phường Mỹ Lâm,✅ Toàn bộ
Tuyên Quang,xã Kim Phú,phường Mỹ Lâm,⚠️ Một phần (Cần check)
Tuyên Quang,phường Hưng Thành,phường An Tường,✅ Toàn bộ
Tuyên Quang,phườngAn Tường và,phường An Tường,✅ Toàn bộ
Tuyên Quang,xã Lưỡng Vượng,phường An Tường,✅ Toàn bộ
Tuyên Quang,An Khang,phường An Tường,✅ Toàn bộ
Tuyên Quang,Hoàng Khai,phường An Tường,✅ Toàn bộ
Tuyên Quang,phường Đội Cấn,phường Bình Thuận,✅ Toàn bộ
Tuyên Quang,xã Thái Long,phường Bình Thuận,✅ Toàn bộ
Tuyên Quang,phường Nguyễn Trãi,phường Hà Giang 1,✅ Toàn bộ
Tuyên Quang,xã Phương Thiện,phường Hà Giang 1,✅ Toàn bộ
Tuyên Quang,xã Phương Độ,phường Hà Giang 1,✅ Toàn bộ
Đồng Nai,xã Phú Hữu,xã Đại Phước,✅ Toàn bộ
Đồng Nai,Phú Đông,xã Đại Phước,✅ Toàn bộ
Đồng Nai,Phước Khánh,xã Đại Phước,✅ Toàn bộ
Đồng Nai,Đại Phước,xã Đại Phước,✅ Toàn bộ
Đồng Nai,thị trấn Hiệp Phước,xã Nhơn Trạch,✅ Toàn bộ
Đồng Nai,xã Long Tân (huyện Nhơn Trạch),xã Nhơn Trạch,✅ Toàn bộ
Đồng Nai,Phú Thạnh,xã Nhơn Trạch,✅ Toàn bộ
Đồng Nai,Phú Hội,xã Nhơn Trạch,✅ Toàn bộ
Đồng Nai,Phước Thiền,xã Nhơn Trạch,✅ Toàn bộ
Đồng Nai,xã Phước An (huyện Nhơn Trạch),xã Phước An,✅ Toàn bộ
Đồng Nai,Vĩnh Thanh,xã Phước An,✅ Toàn bộ
Đồng Nai,Long Thọ,xã Phước An,✅ Toàn bộ
Đồng Nai,xã Tân Hiệp (huyện Long Thành),xã Phước Thái,✅ Toàn bộ
Đồng Nai,Phước Bình,xã Phước Thái,✅ Toàn bộ
Đồng Nai,Phước Thái,xã Phước Thái,✅ Toàn bộ
Đồng Nai,xã Bàu Cạn,xã Long Phước,✅ Toàn bộ
Đồng Nai,xã Long Phước,xã Long Phước,✅ Toàn bộ
Đồng Nai,thị trấn Long Thành,xã Long Thành,✅ Toàn bộ
Đồng Nai,xã Lộc An,xã Long Thành,✅ Toàn bộ
Đồng Nai,xã Bình Sơn (huyện Long Thành),xã Long Thành,✅ Toàn bộ
Đồng Nai,xã Long An,xã Long Thành,✅ Toàn bộ
Đồng Nai,xã Long Đức,xã Bình An,✅ Toàn bộ
Đồng Nai,xã Bình An,xã Bình An,✅ Toàn bộ
Đồng Nai,xã Tam An,xã An Phước,✅ Toàn bộ
Đồng Nai,xã An Phước,xã An Phước,✅ Toàn bộ
Đồng Nai,xã Đồi 61,xã An Viễn,✅ Toàn bộ
Đồng Nai,xã An Viễn,xã An Viễn,✅ Toàn bộ
Đồng Nai,xã Bình Minh (huyện Trảng Bom),xã Bình Minh,✅ Toàn bộ
Đồng Nai,xã Bắc Sơn,xã Bình Minh,✅ Toàn bộ
Đồng Nai,thị trấn Trảng Bom,xã Trảng Bom,✅ Toàn bộ
Đồng Nai,xã Quảng Tiến,xã Trảng Bom,✅ Toàn bộ
Đồng Nai,Sông Trầu,xã Trảng Bom,✅ Toàn bộ
Đồng Nai,Giang Điền,xã Trảng Bom,✅ Toàn bộ
Đồng Nai,xã Thanh Bình (huyện Trảng Bom),xã Bàu Hàm,✅ Toàn bộ
Đồng Nai,Cây Gáo,xã Bàu Hàm,✅ Toàn bộ
Đồng Nai,Sông Thao,xã Bàu Hàm,✅ Toàn bộ
Đồng Nai,Bàu Hàm,xã Bàu Hàm,✅ Toàn bộ
Đồng Nai,xã Đông Hòa,xã Hưng Thịnh,✅ Toàn bộ
Đồng Nai,Tây Hòa,xã Hưng Thịnh,✅ Toàn bộ
Đồng Nai,Trung Hòa,xã Hưng Thịnh,✅ Toàn bộ
Đồng Nai,Hưng Thịnh,xã Hưng Thịnh,✅ Toàn bộ
Đồng Nai,thị trấn Dầu Giây,xã Dầu Giây,✅ Toàn bộ
Đồng Nai,xã Hưng Lộc,xã Dầu Giây,✅ Toàn bộ
Đồng Nai,Bàu Hàm 2,xã Dầu Giây,✅ Toàn bộ
Đồng Nai,Lộ 25,xã Dầu Giây,✅ Toàn bộ
Đồng Nai,xã Quang Trung,xã Gia Kiệm,✅ Toàn bộ
Đồng Nai,Gia Tân 3,xã Gia Kiệm,✅ Toàn bộ
Đồng Nai,Gia Kiệm,xã Gia Kiệm,✅ Toàn bộ
Đồng Nai,xã Gia Tân 1,xã Thống Nhất,✅ Toàn bộ
Đồng Nai,Gia Tân 2,xã Thống Nhất,✅ Toàn bộ
Đồng Nai,Phú Cường,xã Thống Nhất,✅ Toàn bộ
Đồng Nai,Phú Túc,xã Thống Nhất,✅ Toàn bộ
Đồng Nai,xã Sông Nhạn,xã Xuân Quế,✅ Toàn bộ
Đồng Nai,xã Xuân Quế,xã Xuân Quế,✅ Toàn bộ
Đồng Nai,xã Cẩm Đường,xã Xuân Đường,✅ Toàn bộ
Đồng Nai,Thừa Đức,xã Xuân Đường,✅ Toàn bộ
Đồng Nai,Xuân Đường,xã Xuân Đường,✅ Toàn bộ
Đồng Nai,thị trấn Long Giao,xã Cẩm Mỹ,✅ Toàn bộ
Đồng Nai,xã Nhân Nghĩa,xã Cẩm Mỹ,✅ Toàn bộ
Đồng Nai,Xuân Mỹ,xã Cẩm Mỹ,✅ Toàn bộ
Đồng Nai,Bảo Bình,xã Cẩm Mỹ,✅ Toàn bộ
Đồng Nai,xã Lâm San,xã Sông Ray,✅ Toàn bộ
Đồng Nai,xã Sông Ray,xã Sông Ray,✅ Toàn bộ
Đồng Nai,xã Xuân Tây,xã Xuân Đông,✅ Toàn bộ
Đồng Nai,xã Xuân Đông,xã Xuân Đông,✅ Toàn bộ
Đồng Nai,xã Xuân Tâm,xã Xuân Đông,⚠️ Một phần (Cần check)
Đồng Nai,xã Xuân Bảo,xã Xuân Định,✅ Toàn bộ
Đồng Nai,Bảo Hòa,xã Xuân Định,✅ Toàn bộ
Đồng Nai,Xuân Định,xã Xuân Định,✅ Toàn bộ
Đồng Nai,xã Lang Minh,xã Xuân Phú,✅ Toàn bộ
Đồng Nai,xã Xuân Phú,xã Xuân Phú,✅ Toàn bộ
Đồng Nai,thị trấn Gia Ray,xã Xuân Lộc,✅ Toàn bộ
Đồng Nai,xã Xuân Thọ,xã Xuân Lộc,✅ Toàn bộ
Đồng Nai,Xuân Trường,xã Xuân Lộc,✅ Toàn bộ
Đồng Nai,Suối Cát,xã Xuân Lộc,✅ Toàn bộ
Đồng Nai,Xuân Hiệp,xã Xuân Lộc,✅ Toàn bộ
Đồng Nai,xã Xuân Hưng,xã Xuân Hòa,✅ Toàn bộ
Đồng Nai,Xuân Hòa,xã Xuân Hòa,✅ Toàn bộ
Đồng Nai,phần còn lại của xã Xuân Tâm sau khi sắp xếp theo quy định tại khoản 21 Điều này,xã Xuân Hòa,✅ Toàn bộ
Đồng Nai,xã Suối Cao,xã Xuân Thành,✅ Toàn bộ
Đồng Nai,xã Xuân Thành,xã Xuân Thành,✅ Toàn bộ
Đồng Nai,xã Suối Nho,xã Xuân Bắc,✅ Toàn bộ
Đồng Nai,xã Xuân Bắc,xã Xuân Bắc,✅ Toàn bộ
Đồng Nai,xã Túc Trưng,xã La Ngà,✅ Toàn bộ
Đồng Nai,xã La Ngà,xã La Ngà,✅ Toàn bộ
Đồng Nai,thị trấn Định Quán,xã Định Quán,✅ Toàn bộ
Đồng Nai,xã Phú Ngọc,xã Định Quán,✅ Toàn bộ
Đồng Nai,Gia Canh,xã Định Quán,✅ Toàn bộ
Đồng Nai,Ngọc Định,xã Định Quán,✅ Toàn bộ
Đồng Nai,xã Phú Tân,xã Phú Vinh,✅ Toàn bộ
Đồng Nai,xã Phú Vinh,xã Phú Vinh,✅ Toàn bộ
Đồng Nai,xã Phú Điền,xã Phú Hòa,✅ Toàn bộ
Đồng Nai,Phú Lợi,xã Phú Hòa,✅ Toàn bộ
Đồng Nai,Phú Hòa,xã Phú Hòa,✅ Toàn bộ
Đồng Nai,xã Phú Thịnh,xã Tà Lài,✅ Toàn bộ
Đồng Nai,Phú Lập,xã Tà Lài,✅ Toàn bộ
Đồng Nai,Tà Lài,xã Tà Lài,✅ Toàn bộ
Đồng Nai,xã Phú An,xã Nam Cát Tiên,✅ Toàn bộ
Đồng Nai,xã Nam Cát Tiên,xã Nam Cát Tiên,✅ Toàn bộ
Đồng Nai,thị trấn Tân Phú (huyện Tân Phú),xã Tân Phú,✅ Toàn bộ
Đồng Nai,xã Phú Lộc,xã Tân Phú,✅ Toàn bộ
Đồng Nai,Trà Cổ,xã Tân Phú,✅ Toàn bộ
Đồng Nai,Phú Thanh,xã Tân Phú,✅ Toàn bộ
Đồng Nai,Phú Xuân,xã Tân Phú,✅ Toàn bộ
Đồng Nai,xã Thanh Sơn,xã Phú Lâm,✅ Toàn bộ
Đồng Nai,xã Phú Sơn (huyện Tân Phú),xã Phú Lâm,✅ Toàn bộ
Đồng Nai,xã Phú Bình,xã Phú Lâm,✅ Toàn bộ
Đồng Nai,xã Phú Lâm,xã Phú Lâm,✅ Toàn bộ
Đồng Nai,thị trấn Vĩnh An,xã Trị An,✅ Toàn bộ
Đồng Nai,xã Mã Đà,xã Trị An,✅ Toàn bộ
Đồng Nai,xã Trị An,xã Trị An,✅ Toàn bộ
Đồng Nai,xã Vĩnh Tân,xã Tân An,✅ Toàn bộ
Đồng Nai,xã Tân An,xã Tân An,✅ Toàn bộ
Đồng Nai,xã Minh Thắng,xã Nha Bích,✅ Toàn bộ
Đồng Nai,Minh Lập,xã Nha Bích,✅ Toàn bộ
Đồng Nai,Nha Bích,xã Nha Bích,✅ Toàn bộ
Đồng Nai,xã Phước An,xã Tân Quan,✅ Toàn bộ
Đồng Nai,xã Tân Lợi (huyện Hớn Quản),xã Tân Quan,✅ Toàn bộ
Đồng Nai,xã Quang Minh,xã Tân Quan,✅ Toàn bộ
Đồng Nai,xã Tân Quan,xã Tân Quan,✅ Toàn bộ
Đồng Nai,xã Tân Hưng (huyện Hớn Quản),xã Tân Hưng,✅ Toàn bộ
Đồng Nai,An Khương,xã Tân Hưng,✅ Toàn bộ
Đồng Nai,Thanh An,xã Tân Hưng,✅ Toàn bộ
Đồng Nai,thị trấn Tân Khai,xã Tân Khai,✅ Toàn bộ
Đồng Nai,xã Tân Hiệp (huyện Hớn Quản),xã Tân Khai,✅ Toàn bộ
Đồng Nai,xã Đồng Nơ,xã Tân Khai,✅ Toàn bộ
Đồng Nai,xã An Phú,xã Minh Đức,✅ Toàn bộ
Đồng Nai,Minh Tâm,xã Minh Đức,✅ Toàn bộ
Đồng Nai,Minh Đức,xã Minh Đức,✅ Toàn bộ
Đồng Nai,xã Lộc Thịnh,xã Lộc Thành,✅ Toàn bộ
Đồng Nai,xã Lộc Thành,xã Lộc Thành,✅ Toàn bộ
Đồng Nai,thị trấn Lộc Ninh,xã Lộc Ninh,✅ Toàn bộ
Đồng Nai,xã Lộc Thái,xã Lộc Ninh,✅ Toàn bộ
Đồng Nai,xã Lộc Thuận,xã Lộc Ninh,✅ Toàn bộ
Đồng Nai,xã Lộc Khánh,xã Lộc Hưng,✅ Toàn bộ
Đồng Nai,Lộc Điền,xã Lộc Hưng,✅ Toàn bộ
Đồng Nai,Lộc Hưng,xã Lộc Hưng,✅ Toàn bộ
Đồng Nai,xã Lộc Thiện,xã Lộc Tấn,✅ Toàn bộ
Đồng Nai,xã Lộc Tấn,xã Lộc Tấn,✅ Toàn bộ
Đồng Nai,xã Lộc Hòa,xã Lộc Thạnh,✅ Toàn bộ
Đồng Nai,xã Lộc Thạnh,xã Lộc Thạnh,✅ Toàn bộ
Đồng Nai,xã Lộc Phú,xã Lộc Quang,✅ Toàn bộ
Đồng Nai,Lộc Hiệp,xã Lộc Quang,✅ Toàn bộ
Đồng Nai,Lộc Quang,xã Lộc Quang,✅ Toàn bộ
Đồng Nai,xã Tân Thành,xã Tân Tiến,✅ Toàn bộ
Đồng Nai,Tân Tiến (huyện Bù Đốp),xã Tân Tiến,✅ Toàn bộ
Đồng Nai,Lộc An (huyện Lộc Ninh),xã Tân Tiến,✅ Toàn bộ
Đồng Nai,thị trấn Thanh Bình,xã Thiện Hưng,✅ Toàn bộ
Đồng Nai,xã Thanh Hòa,xã Thiện Hưng,✅ Toàn bộ
Đồng Nai,xã Thiện Hưng,xã Thiện Hưng,✅ Toàn bộ
Đồng Nai,xã Phước Thiện,xã Hưng Phước,✅ Toàn bộ
Đồng Nai,xã Hưng Phước,xã Hưng Phước,✅ Toàn bộ
Đồng Nai,xã Phú Văn,xã Phú Nghĩa,✅ Toàn bộ
Đồng Nai,Đức Hạnh,xã Phú Nghĩa,✅ Toàn bộ
Đồng Nai,Phú Nghĩa,xã Phú Nghĩa,✅ Toàn bộ
Đồng Nai,xã Phước Minh,xã Đa Kia,✅ Toàn bộ
Đồng Nai,Bình Thắng,xã Đa Kia,✅ Toàn bộ
Đồng Nai,Đa Kia,xã Đa Kia,✅ Toàn bộ
Đồng Nai,xã Long Hưng (huyện Phú Riềng),xã Bình Tân,✅ Toàn bộ
Đồng Nai,Long Bình,xã Bình Tân,✅ Toàn bộ
Đồng Nai,Bình Tân,xã Bình Tân,✅ Toàn bộ
Đồng Nai,xã Long Tân (huyện Phú Riềng),xã Long Hà,✅ Toàn bộ
Đồng Nai,xã Long Hà,xã Long Hà,✅ Toàn bộ
Đồng Nai,xã Bù Nho,xã Phú Riềng,✅ Toàn bộ
Đồng Nai,xã Phú Riềng,xã Phú Riềng,✅ Toàn bộ
Đồng Nai,xã Phước Tân,xã Phú Trung,✅ Toàn bộ
Đồng Nai,xã Phú Trung,xã Phú Trung,✅ Toàn bộ
Đồng Nai,xã Thuận Phú,xã Thuận Lợi,✅ Toàn bộ
Đồng Nai,xã Thuận Lợi,xã Thuận Lợi,✅ Toàn bộ
Đồng Nai,xã Đồng Tiến,xã Đồng Tâm,✅ Toàn bộ
Đồng Nai,Tân Phước,xã Đồng Tâm,✅ Toàn bộ
Đồng Nai,Đồng Tâm,xã Đồng Tâm,✅ Toàn bộ
Đồng Nai,xã Tân Hưng,xã Tân Lợi,✅ Toàn bộ
Đồng Nai,xã Tân Lợi (huyện Đồng Phú),xã Tân Lợi,✅ Toàn bộ
Đồng Nai,xã Tân Hòa,xã Tân Lợi,✅ Toàn bộ
Đồng Nai,thị trấn Tân Phú,xã Đồng Phú,✅ Toàn bộ
Đồng Nai,xã Tân Tiến (huyện Đồng Phú),xã Đồng Phú,✅ Toàn bộ
Đồng Nai,xã Tân Lập,xã Đồng Phú,✅ Toàn bộ
Đồng Nai,xã Đăng Hà,xã Phước Sơn,✅ Toàn bộ
Đồng Nai,Thống Nhất,xã Phước Sơn,✅ Toàn bộ
Đồng Nai,Phước Sơn,xã Phước Sơn,✅ Toàn bộ
Đồng Nai,xã Đức Liễu,xã Nghĩa Trung,✅ Toàn bộ
Đồng Nai,Nghĩa Bình,xã Nghĩa Trung,✅ Toàn bộ
Đồng Nai,Nghĩa Trung,xã Nghĩa Trung,✅ Toàn bộ
Đồng Nai,thị trấn Đức Phong,xã Bù Đăng,✅ Toàn bộ
Đồng Nai,xã Đoàn Kết,xã Bù Đăng,✅ Toàn bộ
Đồng Nai,xã Minh Hưng,xã Bù Đăng,✅ Toàn bộ
Đồng Nai,xã Phú Sơn (huyện Bù Đăng),xã Thọ Sơn,✅ Toàn bộ
Đồng Nai,Đồng Nai,xã Thọ Sơn,✅ Toàn bộ
Đồng Nai,Thọ Sơn,xã Thọ Sơn,✅ Toàn bộ
Đồng Nai,xã Đường 10,xã Đak Nhau,✅ Toàn bộ
Đồng Nai,xã Đak Nhau,xã Đak Nhau,✅ Toàn bộ
Đồng Nai,xã Bình Minh (huyện Bù Đăng),xã Bom Bo,✅ Toàn bộ
Đồng Nai,xã Bom Bo,xã Bom Bo,✅ Toàn bộ
Đồng Nai,phường Tân Hạnh,phường Biên Hòa,✅ Toàn bộ
Đồng Nai,Hóa An,phường Biên Hòa,✅ Toàn bộ
Đồng Nai,Bửu Hòa,phường Biên Hòa,✅ Toàn bộ
Đồng Nai,Tân Vạn,phường Biên Hòa,✅ Toàn bộ
Đồng Nai,phường Bửu Long,phường Trấn Biên,✅ Toàn bộ
Đồng Nai,Quang Vinh,phường Trấn Biên,✅ Toàn bộ
Đồng Nai,Trung Dũng,phường Trấn Biên,✅ Toàn bộ
Đồng Nai,Thống Nhất,phường Trấn Biên,✅ Toàn bộ
Đồng Nai,Hiệp Hòa,phường Trấn Biên,✅ Toàn bộ
Đồng Nai,An Bình,phường Trấn Biên,✅ Toàn bộ
Đồng Nai,phường Tân Hiệp,phường Tam Hiệp,✅ Toàn bộ
Đồng Nai,Tân Mai,phường Tam Hiệp,✅ Toàn bộ
Đồng Nai,Bình Đa,phường Tam Hiệp,✅ Toàn bộ
Đồng Nai,Tam Hiệp,phường Tam Hiệp,✅ Toàn bộ
Đồng Nai,phường Hố Nai,phường Long Bình,✅ Toàn bộ
Đồng Nai,Tân Biên,phường Long Bình,✅ Toàn bộ
Đồng Nai,Long Bình,phường Long Bình,✅ Toàn bộ
Đồng Nai,phường Trảng Dài,phường Trảng Dài,✅ Toàn bộ
Đồng Nai,xã Thiện Tân,phường Trảng Dài,✅ Toàn bộ
Đồng Nai,phường Tân Hòa,phường Hố Nai,✅ Toàn bộ
Đồng Nai,xã Hố Nai 3,phường Hố Nai,✅ Toàn bộ
Đồng Nai,phường Long Bình Tân,phường Long Hưng,✅ Toàn bộ
Đồng Nai,phường An Hòa,phường Long Hưng,✅ Toàn bộ
Đồng Nai,xã Long Hưng (thành phố Biên Hòa),phường Long Hưng,✅ Toàn bộ
Đồng Nai,phường Suối Tre,phường Bình Lộc,✅ Toàn bộ
Đồng Nai,xã Xuân Thiện,phường Bình Lộc,✅ Toàn bộ
Đồng Nai,xã Bình Lộc,phường Bình Lộc,✅ Toàn bộ
Đồng Nai,phường Bảo Vinh,phường Bảo Vinh,✅ Toàn bộ
Đồng Nai,xã Bảo Quang,phường Bảo Vinh,✅ Toàn bộ
Đồng Nai,phường Bàu Sen,phường Xuân Lập,✅ Toàn bộ
Đồng Nai,phường Xuân Lập,phường Xuân Lập,✅ Toàn bộ
Đồng Nai,phường Xuân An,phường Long Khánh,✅ Toàn bộ
Đồng Nai,Xuân Bình,phường Long Khánh,✅ Toàn bộ
Đồng Nai,Xuân Hòa,phường Long Khánh,✅ Toàn bộ
Đồng Nai,Phú Bình,phường Long Khánh,✅ Toàn bộ
Đồng Nai,xã Bàu Trâm,phường Long Khánh,✅ Toàn bộ
Đồng Nai,phường Xuân Tân,phường Hàng Gòn,✅ Toàn bộ
Đồng Nai,xã Hàng Gòn,phường Hàng Gòn,✅ Toàn bộ
Đồng Nai,phường Tân Phong,phường Tân Triều,✅ Toàn bộ
Đồng Nai,xã Tân Bình,phường Tân Triều,✅ Toàn bộ
Đồng Nai,Bình Lợi,phường Tân Triều,✅ Toàn bộ
Đồng Nai,Thạnh Phú,phường Tân Triều,✅ Toàn bộ
Đồng Nai,phường Minh Long,phường Minh Hưng,✅ Toàn bộ
Đồng Nai,phường Minh Hưng,phường Minh Hưng,✅ Toàn bộ
Đồng Nai,phường Hưng Long,phường Chơn Thành,✅ Toàn bộ
Đồng Nai,Thành Tâm,phường Chơn Thành,✅ Toàn bộ
Đồng Nai,Minh Thành,phường Chơn Thành,✅ Toàn bộ
Đồng Nai,phường An Lộc,phường Bình Long,✅ Toàn bộ
Đồng Nai,Hưng Chiến,phường Bình Long,✅ Toàn bộ
Đồng Nai,Phú Đức,phường Bình Long,✅ Toàn bộ
Đồng Nai,xã Thanh Bình (huyện Hớn Quản),phường Bình Long,✅ Toàn bộ
Đồng Nai,phường Phú Thịnh,phường An Lộc,✅ Toàn bộ
Đồng Nai,xã Thanh Phú,phường An Lộc,✅ Toàn bộ
Đồng Nai,xã Thanh Lương,phường An Lộc,✅ Toàn bộ
Đồng Nai,phường Long Phước,phường Phước Bình,✅ Toàn bộ
Đồng Nai,phường Phước Bình,phường Phước Bình,✅ Toàn bộ
Đồng Nai,xã Bình Sơn (huyện Phú Riềng),phường Phước Bình,✅ Toàn bộ
Đồng Nai,xã Long Giang,phường Phước Bình,✅ Toàn bộ
Đồng Nai,phường Long Thủy,phường Phước Long,✅ Toàn bộ
Đồng Nai,Thác Mơ,phường Phước Long,✅ Toàn bộ
Đồng Nai,Sơn Giang,phường Phước Long,✅ Toàn bộ
Đồng Nai,xã Phước Tín,phường Phước Long,✅ Toàn bộ
Đồng Nai,phường Tiến Thành,phường Đồng Xoài,✅ Toàn bộ
Đồng Nai,xã Tân Thành (thành phố Đồng Xoài),phường Đồng Xoài,✅ Toàn bộ
Đồng Nai,phường Tân Phú,phường Bình Phước,✅ Toàn bộ
Đồng Nai,Tân Đồng,phường Bình Phước,✅ Toàn bộ
Đồng Nai,Tân Thiện,phường Bình Phước,✅ Toàn bộ
Đồng Nai,Tân Bình,phường Bình Phước,✅ Toàn bộ
Đồng Nai,Tân Xuân,phường Bình Phước,✅ Toàn bộ
Đồng Nai,xã Tiến Hưng,phường Bình Phước,✅ Toàn bộ
Quảng Ninh,xã Bằng Cả,xã Quảng La,✅ Toàn bộ
Quảng Ninh,Dân Chủ,xã Quảng La,✅ Toàn bộ
Quảng Ninh,Tân Dân,xã Quảng La,✅ Toàn bộ
Quảng Ninh,Quảng La,xã Quảng La,✅ Toàn bộ
Quảng Ninh,xã Vũ Oai,xã Thống Nhất,✅ Toàn bộ
Quảng Ninh,Hòa Bình,xã Thống Nhất,✅ Toàn bộ
Quảng Ninh,Thống Nhất,xã Thống Nhất,✅ Toàn bộ
Quảng Ninh,xã Đồng Lâm,xã Thống Nhất,⚠️ Một phần (Cần check)
Quảng Ninh,xã Hải Lạng,xã Hải Hòa,⚠️ Một phần (Cần check)
Quảng Ninh,một phần diện tích tự nhiên của xã Hải Hòa,xã Hải Hòa,⚠️ Một phần (Cần check)
Quảng Ninh,thị trấn Tiên Yên,xã Tiên Yên,✅ Toàn bộ
Quảng Ninh,xã Phong Dụ,xã Tiên Yên,✅ Toàn bộ
Quảng Ninh,xã Tiên Lãng,xã Tiên Yên,✅ Toàn bộ
Quảng Ninh,xã Yên Than,xã Tiên Yên,⚠️ Một phần (Cần check)
Quảng Ninh,Đại Dực,xã Tiên Yên,⚠️ Một phần (Cần check)
Quảng Ninh,Đông Ngũ,xã Tiên Yên,⚠️ Một phần (Cần check)
Quảng Ninh,Vô Ngại,xã Tiên Yên,⚠️ Một phần (Cần check)
Quảng Ninh,xã Đông Hải vàphần còn lại của xã Đại Dực,xã Đông Ngũ,✅ Toàn bộ
Quảng Ninh,xã Đông Ngũ sau khi sắp xếp theo quy định tại  khoản 4 Điều này,xã Đông Ngũ,✅ Toàn bộ
Quảng Ninh,xã Đồng Rui,xã Hải Lạng,✅ Toàn bộ
Quảng Ninh,xã Hải Lạng,xã Hải Lạng,⚠️ Một phần (Cần check)
Quảng Ninh,phần còn lại của xã Hải Hòasau khi sắp xếp theo quy định tại khoản 3 Điều này,xã Hải Lạng,⚠️ Một phần (Cần check)
Quảng Ninh,xã Thanh Lâm,xã Kỳ Thượng,✅ Toàn bộ
Quảng Ninh,Đạp Thanh,xã Kỳ Thượng,✅ Toàn bộ
Quảng Ninh,Kỳ Thượng,xã Kỳ Thượng,✅ Toàn bộ
Quảng Ninh,xã Quảng An,xã Quảng Tân,✅ Toàn bộ
Quảng Ninh,Dực Yên,xã Quảng Tân,✅ Toàn bộ
Quảng Ninh,Quảng Lâm,xã Quảng Tân,✅ Toàn bộ
Quảng Ninh,Quảng Tân,xã Quảng Tân,✅ Toàn bộ
Quảng Ninh,thị trấn Đầm Hà,xã Đầm Hà,✅ Toàn bộ
Quảng Ninh,xã Tân Bình,xã Đầm Hà,✅ Toàn bộ
Quảng Ninh,Đại Bình,xã Đầm Hà,✅ Toàn bộ
Quảng Ninh,Tân Lập,xã Đầm Hà,✅ Toàn bộ
Quảng Ninh,Đầm Hà,xã Đầm Hà,✅ Toàn bộ
Quảng Ninh,thị trấn Quảng Hà,xã Quảng Hà,✅ Toàn bộ
Quảng Ninh,xã Quảng Minh,xã Quảng Hà,✅ Toàn bộ
Quảng Ninh,Quảng Chính,xã Quảng Hà,✅ Toàn bộ
Quảng Ninh,Quảng Phong,xã Quảng Hà,✅ Toàn bộ
Quảng Ninh,xã Quảng Long,xã Quảng Hà,⚠️ Một phần (Cần check)
Quảng Ninh,xã Quảng Thành,xã Quảng Đức,✅ Toàn bộ
Quảng Ninh,Quảng Thịnh,xã Quảng Đức,✅ Toàn bộ
Quảng Ninh,Quảng Đức,xã Quảng Đức,✅ Toàn bộ
Quảng Ninh,xã Đồng Văn,xã Hoành Mô,✅ Toàn bộ
Quảng Ninh,xã Hoành Mô,xã Hoành Mô,✅ Toàn bộ
Quảng Ninh,xã Đồng Tâm,xã Lục Hồn,✅ Toàn bộ
Quảng Ninh,xã Lục Hồn,xã Lục Hồn,✅ Toàn bộ
Quảng Ninh,xã Bắc Sơn,xã Hải Sơn,✅ Toàn bộ
Quảng Ninh,xã Hải Sơn,xã Hải Sơn,✅ Toàn bộ
Quảng Ninh,xã Quảng Nghĩa,xã Hải Ninh,✅ Toàn bộ
Quảng Ninh,xã Hải Tiến,xã Hải Ninh,✅ Toàn bộ
Quảng Ninh,xã Vĩnh Trung,xã Vĩnh Thực,✅ Toàn bộ
Quảng Ninh,xã Vĩnh Thực,xã Vĩnh Thực,✅ Toàn bộ
Quảng Ninh,phường Bình Dương,phường An Sinh,✅ Toàn bộ
Quảng Ninh,xã An Sinh,phường An Sinh,✅ Toàn bộ
Quảng Ninh,xã Việt Dân,phường An Sinh,✅ Toàn bộ
Quảng Ninh,phường Đức Chính,phường An Sinh,⚠️ Một phần (Cần check)
Quảng Ninh,phường Tràng An,phường Bình Khê,✅ Toàn bộ
Quảng Ninh,phường Bình Khê,phường Bình Khê,✅ Toàn bộ
Quảng Ninh,xã Tràng Lương,phường Bình Khê,✅ Toàn bộ
Quảng Ninh,phường Xuân Sơn,phường Mạo Khê,✅ Toàn bộ
Quảng Ninh,Kim Sơn,phường Mạo Khê,✅ Toàn bộ
Quảng Ninh,Yên Thọ,phường Mạo Khê,✅ Toàn bộ
Quảng Ninh,Mạo Khê,phường Mạo Khê,✅ Toàn bộ
Quảng Ninh,phường Yên Đức,phường Hoàng Quế,✅ Toàn bộ
Quảng Ninh,phường Hoàng Quế,phường Hoàng Quế,✅ Toàn bộ
Quảng Ninh,xã Hồng Thái Tâyvà xã Hồng Thái Đông,phường Hoàng Quế,✅ Toàn bộ
Quảng Ninh,phường Phương Đông,phường Yên Tử,✅ Toàn bộ
Quảng Ninh,phường Phương Nam,phường Yên Tử,✅ Toàn bộ
Quảng Ninh,xã Thượng Yên Công,phường Yên Tử,✅ Toàn bộ
Quảng Ninh,phường Bắc Sơn,phường Vàng Danh,✅ Toàn bộ
Quảng Ninh,Nam Khê,phường Vàng Danh,✅ Toàn bộ
Quảng Ninh,Vàng Danh,phường Vàng Danh,✅ Toàn bộ
Quảng Ninh,phường Trưng Vương,phường Vàng Danh,⚠️ Một phần (Cần check)
Quảng Ninh,phường Minh Thành,phường Đông Mai,✅ Toàn bộ
Quảng Ninh,phường Đông Mai,phường Đông Mai,✅ Toàn bộ
Quảng Ninh,phường Cộng Hòa,phường Hiệp Hòa,✅ Toàn bộ
Quảng Ninh,xã Sông Khoai,phường Hiệp Hòa,✅ Toàn bộ
Quảng Ninh,xã Hiệp Hòa,phường Hiệp Hòa,✅ Toàn bộ
Quảng Ninh,phường Yên Giang,phường Quảng Yên,✅ Toàn bộ
Quảng Ninh,phường Quảng Yên,phường Quảng Yên,✅ Toàn bộ
Quảng Ninh,xã Tiền An,phường Quảng Yên,✅ Toàn bộ
Quảng Ninh,phường Tân An,phường Hà An,✅ Toàn bộ
Quảng Ninh,phường Hà An,phường Hà An,✅ Toàn bộ
Quảng Ninh,xã Hoàng Tân,phường Hà An,✅ Toàn bộ
Quảng Ninh,xã Liên Hòa,phường Hà An,⚠️ Một phần (Cần check)
Quảng Ninh,phường Nam Hòa,phường Phong Cốc,✅ Toàn bộ
Quảng Ninh,Yên Hải,phường Phong Cốc,✅ Toàn bộ
Quảng Ninh,Phong Cốc,phường Phong Cốc,✅ Toàn bộ
Quảng Ninh,xã Cẩm La,phường Phong Cốc,✅ Toàn bộ
Quảng Ninh,phường Đại Yên,phường Tuần Châu,✅ Toàn bộ
Quảng Ninh,phường Tuần Châu,phường Tuần Châu,✅ Toàn bộ
Quảng Ninh,phường Hà Khẩu,phường Tuần Châu,⚠️ Một phần (Cần check)
Quảng Ninh,phường Hà Phong,phường Hà Tu,✅ Toàn bộ
Quảng Ninh,phường Hà Tu,phường Hà Tu,✅ Toàn bộ
Quảng Ninh,phường Cao Thắng,phường Hà Lầm,✅ Toàn bộ
Quảng Ninh,Hà Trung,phường Hà Lầm,✅ Toàn bộ
Quảng Ninh,Hà Lầm,phường Hà Lầm,✅ Toàn bộ
Quảng Ninh,phường Hà Khánh,phường Cao Xanh,✅ Toàn bộ
Quảng Ninh,phường Cao Xanh,phường Cao Xanh,✅ Toàn bộ
Quảng Ninh,phường Bạch Đằng,phường Hồng Gai,✅ Toàn bộ
Quảng Ninh,Trần Hưng Đạo,phường Hồng Gai,✅ Toàn bộ
Quảng Ninh,Hồng Gai,phường Hồng Gai,✅ Toàn bộ
Quảng Ninh,phường Hồng Hà,phường Hạ Long,✅ Toàn bộ
Quảng Ninh,phường Hồng Hải,phường Hạ Long,✅ Toàn bộ
Quảng Ninh,phường Hoành Bồ,phường Hoành Bồ,✅ Toàn bộ
Quảng Ninh,xã Sơn Dương,phường Hoành Bồ,✅ Toàn bộ
Quảng Ninh,xã Lê Lợi,phường Hoành Bồ,✅ Toàn bộ
Quảng Ninh,phần còn lại củaxã Đồng Lâm sau khi sắp xếp theo quy định tại khoản 2 Điều này,phường Hoành Bồ,✅ Toàn bộ
Quảng Ninh,phường Mông Dương,phường Mông Dương,✅ Toàn bộ
Quảng Ninh,xã Dương Huy,phường Mông Dương,✅ Toàn bộ
Quảng Ninh,phường Cẩm Thạch,phường Quang Hanh,✅ Toàn bộ
Quảng Ninh,Cẩm Thủy,phường Quang Hanh,✅ Toàn bộ
Quảng Ninh,Quang Hanh,phường Quang Hanh,✅ Toàn bộ
Quảng Ninh,phường Cẩm Trung,phường Cẩm Phả,✅ Toàn bộ
Quảng Ninh,Cẩm Thành,phường Cẩm Phả,✅ Toàn bộ
Quảng Ninh,Cẩm Bình,phường Cẩm Phả,✅ Toàn bộ
Quảng Ninh,Cẩm Tây,phường Cẩm Phả,✅ Toàn bộ
Quảng Ninh,Cẩm Đông,phường Cẩm Phả,✅ Toàn bộ
Quảng Ninh,phường Cẩm Phú,phường Cửa Ông,✅ Toàn bộ
Quảng Ninh,Cẩm Thịnh,phường Cửa Ông,✅ Toàn bộ
Quảng Ninh,Cẩm Sơn,phường Cửa Ông,✅ Toàn bộ
Quảng Ninh,Cửa Ông,phường Cửa Ông,✅ Toàn bộ
Quảng Ninh,phường Trần Phú,phường Móng Cái 1,✅ Toàn bộ
Quảng Ninh,Hải Hòa,phường Móng Cái 1,✅ Toàn bộ
Quảng Ninh,Bình Ngọc,phường Móng Cái 1,✅ Toàn bộ
Quảng Ninh,Trà Cổ,phường Móng Cái 1,✅ Toàn bộ
Quảng Ninh,xã Hải Xuân,phường Móng Cái 1,✅ Toàn bộ
Quảng Ninh,phường Ninh Dương,phường Móng Cái 2,✅ Toàn bộ
Quảng Ninh,phường Ka Long,phường Móng Cái 2,✅ Toàn bộ
Quảng Ninh,xã Vạn Ninh,phường Móng Cái 2,✅ Toàn bộ
Quảng Ninh,phường Hải Yên,phường Móng Cái 3,✅ Toàn bộ
Quảng Ninh,xã Hải Đông,phường Móng Cái 3,✅ Toàn bộ
Quảng Ngãi,xã Tịnh Kỳ,xã Tịnh Khê,✅ Toàn bộ
Quảng Ngãi,Tịnh Châu,xã Tịnh Khê,✅ Toàn bộ
Quảng Ngãi,Tịnh Long,xã Tịnh Khê,✅ Toàn bộ
Quảng Ngãi,Tịnh Thiện,xã Tịnh Khê,✅ Toàn bộ
Quảng Ngãi,Tịnh Khê,xã Tịnh Khê,✅ Toàn bộ
Quảng Ngãi,xã Nghĩa Hà,xã An Phú,✅ Toàn bộ
Quảng Ngãi,Nghĩa Dõng,xã An Phú,✅ Toàn bộ
Quảng Ngãi,Nghĩa Dũng,xã An Phú,✅ Toàn bộ
Quảng Ngãi,An Phú,xã An Phú,✅ Toàn bộ
Quảng Ngãi,xã Phổ Nhơn,xã Nguyễn Nghiêm,✅ Toàn bộ
Quảng Ngãi,xã Phổ Phong,xã Nguyễn Nghiêm,✅ Toàn bộ
Quảng Ngãi,xã Phổ Khánh,xã Khánh Cường,✅ Toàn bộ
Quảng Ngãi,xã Phổ Cường,xã Khánh Cường,✅ Toàn bộ
Quảng Ngãi,xã Bình Khương,xã Bình Minh,✅ Toàn bộ
Quảng Ngãi,Bình An,xã Bình Minh,✅ Toàn bộ
Quảng Ngãi,Bình Minh,xã Bình Minh,✅ Toàn bộ
Quảng Ngãi,xã Bình Mỹ,xã Bình Chương,✅ Toàn bộ
Quảng Ngãi,xã Bình Chương,xã Bình Chương,✅ Toàn bộ
Quảng Ngãi,thị trấn Châu Ổ,xã Bình Sơn,✅ Toàn bộ
Quảng Ngãi,xã Bình Thạnh,xã Bình Sơn,✅ Toàn bộ
Quảng Ngãi,Bình Chánh,xã Bình Sơn,✅ Toàn bộ
Quảng Ngãi,Bình Dương,xã Bình Sơn,✅ Toàn bộ
Quảng Ngãi,Bình Nguyên,xã Bình Sơn,✅ Toàn bộ
Quảng Ngãi,Bình Trung,xã Bình Sơn,✅ Toàn bộ
Quảng Ngãi,Bình Long,xã Bình Sơn,✅ Toàn bộ
Quảng Ngãi,xã Bình Thuận,xã Vạn Tường,✅ Toàn bộ
Quảng Ngãi,Bình Đông,xã Vạn Tường,✅ Toàn bộ
Quảng Ngãi,Bình Trị,xã Vạn Tường,✅ Toàn bộ
Quảng Ngãi,Bình Hải,xã Vạn Tường,✅ Toàn bộ
Quảng Ngãi,Bình Hòa,xã Vạn Tường,✅ Toàn bộ
Quảng Ngãi,Bình Phước,xã Vạn Tường,✅ Toàn bộ
Quảng Ngãi,xã Bình Hiệp,xã Đông Sơn,✅ Toàn bộ
Quảng Ngãi,Bình Thanh,xã Đông Sơn,✅ Toàn bộ
Quảng Ngãi,Bình Tân Phú,xã Đông Sơn,✅ Toàn bộ
Quảng Ngãi,Bình Châu,xã Đông Sơn,✅ Toàn bộ
Quảng Ngãi,Tịnh Hòa,xã Đông Sơn,✅ Toàn bộ
Quảng Ngãi,xã Tịnh Giang,xã Trường Giang,✅ Toàn bộ
Quảng Ngãi,Tịnh Đông,xã Trường Giang,✅ Toàn bộ
Quảng Ngãi,Tịnh Minh,xã Trường Giang,✅ Toàn bộ
Quảng Ngãi,xã Tịnh Bắc,xã Ba Gia,✅ Toàn bộ
Quảng Ngãi,Tịnh Hiệp,xã Ba Gia,✅ Toàn bộ
Quảng Ngãi,Tịnh Trà,xã Ba Gia,✅ Toàn bộ
Quảng Ngãi,thị trấn Tịnh Hà,xã Sơn Tịnh,✅ Toàn bộ
Quảng Ngãi,xã Tịnh Bình,xã Sơn Tịnh,✅ Toàn bộ
Quảng Ngãi,xã Tịnh Sơn,xã Sơn Tịnh,✅ Toàn bộ
Quảng Ngãi,xã Tịnh Phong,xã Thọ Phong,✅ Toàn bộ
Quảng Ngãi,xã Tịnh Thọ,xã Thọ Phong,✅ Toàn bộ
Quảng Ngãi,thị trấn La Hà,xã Tư Nghĩa,✅ Toàn bộ
Quảng Ngãi,xã Nghĩa Trung,xã Tư Nghĩa,✅ Toàn bộ
Quảng Ngãi,Nghĩa Thương,xã Tư Nghĩa,✅ Toàn bộ
Quảng Ngãi,Nghĩa Hòa,xã Tư Nghĩa,✅ Toàn bộ
Quảng Ngãi,thị trấn Sông Vệ,xã Vệ Giang,✅ Toàn bộ
Quảng Ngãi,xã Nghĩa Hiệp,xã Vệ Giang,✅ Toàn bộ
Quảng Ngãi,xã Nghĩa Phương,xã Vệ Giang,✅ Toàn bộ
Quảng Ngãi,xã Nghĩa Thuận,xã Nghĩa Giang,✅ Toàn bộ
Quảng Ngãi,Nghĩa Kỳ,xã Nghĩa Giang,✅ Toàn bộ
Quảng Ngãi,Nghĩa Điền,xã Nghĩa Giang,✅ Toàn bộ
Quảng Ngãi,xã Nghĩa Sơn,xã Trà Giang,✅ Toàn bộ
Quảng Ngãi,Nghĩa Lâm,xã Trà Giang,✅ Toàn bộ
Quảng Ngãi,Nghĩa Thắng,xã Trà Giang,✅ Toàn bộ
Quảng Ngãi,thị trấn Chợ Chùa,xã Nghĩa Hành,✅ Toàn bộ
Quảng Ngãi,xã Hành Thuận,xã Nghĩa Hành,✅ Toàn bộ
Quảng Ngãi,xã Hành Trung,xã Nghĩa Hành,✅ Toàn bộ
Quảng Ngãi,xã Hành Đức,xã Đình Cương,✅ Toàn bộ
Quảng Ngãi,Hành Phước,xã Đình Cương,✅ Toàn bộ
Quảng Ngãi,Hành Thịnh,xã Đình Cương,✅ Toàn bộ
Quảng Ngãi,xã Hành Thiện,xã Thiện Tín,✅ Toàn bộ
Quảng Ngãi,Hành Tín Tây,xã Thiện Tín,✅ Toàn bộ
Quảng Ngãi,Hành Tín Đông,xã Thiện Tín,✅ Toàn bộ
Quảng Ngãi,xã Hành Dũng,xã Phước Giang,✅ Toàn bộ
Quảng Ngãi,Hành Nhân,xã Phước Giang,✅ Toàn bộ
Quảng Ngãi,Hành Minh,xã Phước Giang,✅ Toàn bộ
Quảng Ngãi,xã Thắng Lợi,xã Long Phụng,✅ Toàn bộ
Quảng Ngãi,Đức Nhuận,xã Long Phụng,✅ Toàn bộ
Quảng Ngãi,Đức Hiệp,xã Long Phụng,✅ Toàn bộ
Quảng Ngãi,xã Đức Chánh,xã Mỏ Cày,✅ Toàn bộ
Quảng Ngãi,Đức Thạnh,xã Mỏ Cày,✅ Toàn bộ
Quảng Ngãi,Đức Minh,xã Mỏ Cày,✅ Toàn bộ
Quảng Ngãi,thị trấn Mộ Đức,xã Mộ Đức,✅ Toàn bộ
Quảng Ngãi,xã Đức Hòa,xã Mộ Đức,✅ Toàn bộ
Quảng Ngãi,Đức Phú,xã Mộ Đức,✅ Toàn bộ
Quảng Ngãi,Đức Tân,xã Mộ Đức,✅ Toàn bộ
Quảng Ngãi,xã Đức Phong,xã Lân Phong,✅ Toàn bộ
Quảng Ngãi,xã Đức Lân,xã Lân Phong,✅ Toàn bộ
Quảng Ngãi,thị trấn Trà Xuân,xã Trà Bồng,✅ Toàn bộ
Quảng Ngãi,xã Trà Sơn,xã Trà Bồng,✅ Toàn bộ
Quảng Ngãi,xã Trà Thủy,xã Trà Bồng,✅ Toàn bộ
Quảng Ngãi,xã Trà Bình,xã Đông Trà Bồng,✅ Toàn bộ
Quảng Ngãi,Trà Phú,xã Đông Trà Bồng,✅ Toàn bộ
Quảng Ngãi,Trà Giang,xã Đông Trà Bồng,✅ Toàn bộ
Quảng Ngãi,xã Sơn Trà,xã Tây Trà,✅ Toàn bộ
Quảng Ngãi,Trà Phong,xã Tây Trà,✅ Toàn bộ
Quảng Ngãi,Trà Xinh,xã Tây Trà,✅ Toàn bộ
Quảng Ngãi,xã Trà Lâm,xã Thanh Bồng,✅ Toàn bộ
Quảng Ngãi,Trà Hiệp,xã Thanh Bồng,✅ Toàn bộ
Quảng Ngãi,Trà Thanh,xã Thanh Bồng,✅ Toàn bộ
Quảng Ngãi,xã Trà Tân,xã Cà Đam,✅ Toàn bộ
Quảng Ngãi,xã Trà Bùi,xã Cà Đam,⚠️ Một phần (Cần check)
Quảng Ngãi,xã Hương Trà,xã Tây Trà Bồng,✅ Toàn bộ
Quảng Ngãi,xã Trà Tây,xã Tây Trà Bồng,✅ Toàn bộ
Quảng Ngãi,phần còn lại của xã Trà Bùi sau khi sắp xếp theo quy định tại khoản 30 Điều này,xã Tây Trà Bồng,✅ Toàn bộ
Quảng Ngãi,xã Sơn Thành,xã Sơn Hạ,✅ Toàn bộ
Quảng Ngãi,Sơn Nham,xã Sơn Hạ,✅ Toàn bộ
Quảng Ngãi,Sơn Hạ,xã Sơn Hạ,✅ Toàn bộ
Quảng Ngãi,xã Sơn Giang,xã Sơn Linh,✅ Toàn bộ
Quảng Ngãi,Sơn Cao,xã Sơn Linh,✅ Toàn bộ
Quảng Ngãi,Sơn Linh,xã Sơn Linh,✅ Toàn bộ
Quảng Ngãi,thị trấn Di Lăng,xã Sơn Hà,✅ Toàn bộ
Quảng Ngãi,xã Sơn Bao,xã Sơn Hà,✅ Toàn bộ
Quảng Ngãi,xã Sơn Thượng,xã Sơn Hà,✅ Toàn bộ
Quảng Ngãi,xã Sơn Trung,xã Sơn Thủy,✅ Toàn bộ
Quảng Ngãi,Sơn Hải,xã Sơn Thủy,✅ Toàn bộ
Quảng Ngãi,Sơn Thủy,xã Sơn Thủy,✅ Toàn bộ
Quảng Ngãi,xã Sơn Ba,xã Sơn Kỳ,✅ Toàn bộ
Quảng Ngãi,xã Sơn Kỳ,xã Sơn Kỳ,✅ Toàn bộ
Quảng Ngãi,xã Sơn Long,xã Sơn Tây,✅ Toàn bộ
Quảng Ngãi,Sơn Tân,xã Sơn Tây,✅ Toàn bộ
Quảng Ngãi,Sơn Dung,xã Sơn Tây,✅ Toàn bộ
Quảng Ngãi,xã Sơn Mùa,xã Sơn Tây Thượng,✅ Toàn bộ
Quảng Ngãi,Sơn Liên,xã Sơn Tây Thượng,✅ Toàn bộ
Quảng Ngãi,Sơn Bua,xã Sơn Tây Thượng,✅ Toàn bộ
Quảng Ngãi,xã Sơn Tinh,xã Sơn Tây Hạ,✅ Toàn bộ
Quảng Ngãi,Sơn Lập,xã Sơn Tây Hạ,✅ Toàn bộ
Quảng Ngãi,Sơn Màu,xã Sơn Tây Hạ,✅ Toàn bộ
Quảng Ngãi,xã Long Hiệp,xã Minh Long,✅ Toàn bộ
Quảng Ngãi,Thanh An,xã Minh Long,✅ Toàn bộ
Quảng Ngãi,Long Môn,xã Minh Long,✅ Toàn bộ
Quảng Ngãi,xã Long Mai,xã Sơn Mai,✅ Toàn bộ
Quảng Ngãi,xã Long Sơn,xã Sơn Mai,✅ Toàn bộ
Quảng Ngãi,xã Ba Tiêu,xã Ba Vì,✅ Toàn bộ
Quảng Ngãi,Ba Ngạc,xã Ba Vì,✅ Toàn bộ
Quảng Ngãi,Ba Vì,xã Ba Vì,✅ Toàn bộ
Quảng Ngãi,xã Ba Lế,xã Ba Tô,✅ Toàn bộ
Quảng Ngãi,Ba Nam,xã Ba Tô,✅ Toàn bộ
Quảng Ngãi,Ba Tô,xã Ba Tô,✅ Toàn bộ
Quảng Ngãi,xã Ba Giang,xã Ba Dinh,✅ Toàn bộ
Quảng Ngãi,xã Ba Dinh,xã Ba Dinh,✅ Toàn bộ
Quảng Ngãi,thị trấn Ba Tơ,xã Ba Tơ,✅ Toàn bộ
Quảng Ngãi,xã Ba Cung,xã Ba Tơ,✅ Toàn bộ
Quảng Ngãi,xã Ba Bích,xã Ba Tơ,✅ Toàn bộ
Quảng Ngãi,xã Ba Điền,xã Ba Vinh,✅ Toàn bộ
Quảng Ngãi,xã Ba Vinh,xã Ba Vinh,✅ Toàn bộ
Quảng Ngãi,xã Ba Liên,xã Ba Động,✅ Toàn bộ
Quảng Ngãi,Ba Thành,xã Ba Động,✅ Toàn bộ
Quảng Ngãi,Ba Động,xã Ba Động,✅ Toàn bộ
Quảng Ngãi,xã Ba Trang,xã Đặng Thùy Trâm,✅ Toàn bộ
Quảng Ngãi,xã Ba Khâm,xã Đặng Thùy Trâm,✅ Toàn bộ
Quảng Ngãi,xã Kroong,xã Ngọk Bay,✅ Toàn bộ
Quảng Ngãi,Vinh Quang và Ngọk Bay,xã Ngọk Bay,✅ Toàn bộ
Quảng Ngãi,xã Đoàn Kết,xã Ia Chim,✅ Toàn bộ
Quảng Ngãi,Đăk Năng,xã Ia Chim,✅ Toàn bộ
Quảng Ngãi,Ia Chim,xã Ia Chim,✅ Toàn bộ
Quảng Ngãi,xã Hòa Bình,xã Đăk Rơ Wa,✅ Toàn bộ
Quảng Ngãi,Chư Hreng,xã Đăk Rơ Wa,✅ Toàn bộ
Quảng Ngãi,Đăk Blà,xã Đăk Rơ Wa,✅ Toàn bộ
Quảng Ngãi,Đăk Rơ Wa,xã Đăk Rơ Wa,✅ Toàn bộ
Quảng Ngãi,xã Đăk Long (thuộc huyện Đăk Hà),xã Đăk Pxi,✅ Toàn bộ
Quảng Ngãi,xã Đăk Pxi,xã Đăk Pxi,✅ Toàn bộ
Quảng Ngãi,xã Đăk Hring,xã Đăk Mar,✅ Toàn bộ
Quảng Ngãi,xã Đăk Mar,xã Đăk Mar,✅ Toàn bộ
Quảng Ngãi,xã Đăk Ngọk,xã Đăk Ui,✅ Toàn bộ
Quảng Ngãi,xã Đăk Ui,xã Đăk Ui,✅ Toàn bộ
Quảng Ngãi,xã Ngọk Wang,xã Ngọk Réo,✅ Toàn bộ
Quảng Ngãi,xã Ngọk Réo,xã Ngọk Réo,✅ Toàn bộ
Quảng Ngãi,thị trấn Đăk Hà,xã Đăk Hà,✅ Toàn bộ
Quảng Ngãi,xã Hà Mòn,xã Đăk Hà,✅ Toàn bộ
Quảng Ngãi,xã Đăk La,xã Đăk Hà,✅ Toàn bộ
Quảng Ngãi,xã Đăk Rơ Nga,xã Ngọk Tụ,✅ Toàn bộ
Quảng Ngãi,xã Ngọk Tụ,xã Ngọk Tụ,✅ Toàn bộ
Quảng Ngãi,thị trấn Đăk Tô,xã Đăk Tô,✅ Toàn bộ
Quảng Ngãi,xã Tân Cảnh,xã Đăk Tô,✅ Toàn bộ
Quảng Ngãi,Pô Kô,xã Đăk Tô,✅ Toàn bộ
Quảng Ngãi,Diên Bình,xã Đăk Tô,✅ Toàn bộ
Quảng Ngãi,xã Văn Lem,xã Kon Đào,✅ Toàn bộ
Quảng Ngãi,Đăk Trăm,xã Kon Đào,✅ Toàn bộ
Quảng Ngãi,Kon Đào,xã Kon Đào,✅ Toàn bộ
Quảng Ngãi,xã Đăk Na,xã Đăk Sao,✅ Toàn bộ
Quảng Ngãi,xã Đăk Sao,xã Đăk Sao,✅ Toàn bộ
Quảng Ngãi,xã Đăk Rơ Ông,xã Đăk Tờ Kan,✅ Toàn bộ
Quảng Ngãi,xã Đăk Tờ Kan,xã Đăk Tờ Kan,✅ Toàn bộ
Quảng Ngãi,xã Đăk Hà,xã Tu Mơ Rông,✅ Toàn bộ
Quảng Ngãi,xã Tu Mơ Rông,xã Tu Mơ Rông,✅ Toàn bộ
Quảng Ngãi,xã Ngọk Yêu,xã Măng Ri,✅ Toàn bộ
Quảng Ngãi,Văn Xuôi,xã Măng Ri,✅ Toàn bộ
Quảng Ngãi,Tê Xăng,xã Măng Ri,✅ Toàn bộ
Quảng Ngãi,Ngọk Lây,xã Măng Ri,✅ Toàn bộ
Quảng Ngãi,Măng Ri,xã Măng Ri,✅ Toàn bộ
Quảng Ngãi,thị trấn Plei Kần,xã Bờ Y,✅ Toàn bộ
Quảng Ngãi,xã Đăk Xú,xã Bờ Y,✅ Toàn bộ
Quảng Ngãi,xã Pờ Y,xã Bờ Y,✅ Toàn bộ
Quảng Ngãi,xã Đăk Kan,xã Sa Loong,✅ Toàn bộ
Quảng Ngãi,xã Sa Loong,xã Sa Loong,✅ Toàn bộ
Quảng Ngãi,xã Đăk Ang,xã Dục Nông,✅ Toàn bộ
Quảng Ngãi,Đăk Dục,xã Dục Nông,✅ Toàn bộ
Quảng Ngãi,Đăk Nông,xã Dục Nông,✅ Toàn bộ
Quảng Ngãi,xã Đăk Choong,xã Xốp,✅ Toàn bộ
Quảng Ngãi,xã Xốp,xã Xốp,✅ Toàn bộ
Quảng Ngãi,xã Mường Hoong,xã Ngọc Linh,✅ Toàn bộ
Quảng Ngãi,xã Ngọc Linh,xã Ngọc Linh,✅ Toàn bộ
Quảng Ngãi,xã Đăk Nhoong,xã Đăk Plô,✅ Toàn bộ
Quảng Ngãi,Đăk Man,xã Đăk Plô,✅ Toàn bộ
Quảng Ngãi,Đăk Plô,xã Đăk Plô,✅ Toàn bộ
Quảng Ngãi,thị trấn Đăk Glei,xã Đăk Pék,✅ Toàn bộ
Quảng Ngãi,xã Đăk Pék,xã Đăk Pék,✅ Toàn bộ
Quảng Ngãi,xã Đăk Kroong,xã Đăk Môn,✅ Toàn bộ
Quảng Ngãi,xã Đăk Môn,xã Đăk Môn,✅ Toàn bộ
Quảng Ngãi,thị trấn Sa Thầy,xã Sa Thầy,✅ Toàn bộ
Quảng Ngãi,xã Sa Sơn,xã Sa Thầy,✅ Toàn bộ
Quảng Ngãi,xã Sa Nhơn,xã Sa Thầy,✅ Toàn bộ
Quảng Ngãi,xã Sa Nghĩa,xã Sa Bình,✅ Toàn bộ
Quảng Ngãi,Hơ Moong,xã Sa Bình,✅ Toàn bộ
Quảng Ngãi,Sa Bình,xã Sa Bình,✅ Toàn bộ
Quảng Ngãi,xã Ya Xiêr,xã Ya Ly,✅ Toàn bộ
Quảng Ngãi,Ya Tăng,xã Ya Ly,✅ Toàn bộ
Quảng Ngãi,Ya Ly,xã Ya Ly,✅ Toàn bộ
Quảng Ngãi,xã Ia Dom,xã Ia Tơi,✅ Toàn bộ
Quảng Ngãi,xã Ia Tơi,xã Ia Tơi,✅ Toàn bộ
Quảng Ngãi,xã Đăk Tơ Lung,xã Đăk Kôi,✅ Toàn bộ
Quảng Ngãi,xã Đăk Kôi,xã Đăk Kôi,✅ Toàn bộ
Quảng Ngãi,xã Đăk Tờ Re,xã Kon Braih,✅ Toàn bộ
Quảng Ngãi,Đăk Ruồng,xã Kon Braih,✅ Toàn bộ
Quảng Ngãi,Tân Lập,xã Kon Braih,✅ Toàn bộ
Quảng Ngãi,thị trấn Đăk Rve,xã Đăk Rve,✅ Toàn bộ
Quảng Ngãi,xã Đăk Pne,xã Đăk Rve,✅ Toàn bộ
Quảng Ngãi,thị trấn Măng Đen,xã Măng Đen,✅ Toàn bộ
Quảng Ngãi,xã Măng Cành,xã Măng Đen,✅ Toàn bộ
Quảng Ngãi,xã Đăk Tăng,xã Măng Đen,✅ Toàn bộ
Quảng Ngãi,xã Đăk Nên,xã Măng Bút,✅ Toàn bộ
Quảng Ngãi,Đăk Ring,xã Măng Bút,✅ Toàn bộ
Quảng Ngãi,Măng Bút,xã Măng Bút,✅ Toàn bộ
Quảng Ngãi,xã Ngọk Tem,xã Kon Plông,✅ Toàn bộ
Quảng Ngãi,Hiếu,xã Kon Plông,✅ Toàn bộ
Quảng Ngãi,Pờ Ê,xã Kon Plông,✅ Toàn bộ
Quảng Ngãi,phường Trương Quang Trọng,phường Trương Quang Trọng,✅ Toàn bộ
Quảng Ngãi,xã Tịnh Ấn Tây,phường Trương Quang Trọng,✅ Toàn bộ
Quảng Ngãi,Tịnh Ấn Đông,phường Trương Quang Trọng,✅ Toàn bộ
Quảng Ngãi,Tịnh An,phường Trương Quang Trọng,✅ Toàn bộ
Quảng Ngãi,phường Nguyễn Nghiêm và phường Trần Hưng Đạo (thành phố Quảng Ngãi),phường Cẩm Thành,✅ Toàn bộ
Quảng Ngãi,phường Nghĩa Chánh,phường Cẩm Thành,✅ Toàn bộ
Quảng Ngãi,phường Chánh Lộ,phường Cẩm Thành,✅ Toàn bộ
Quảng Ngãi,phường Lê Hồng Phong,phường Nghĩa Lộ,✅ Toàn bộ
Quảng Ngãi,Trần Phú,phường Nghĩa Lộ,✅ Toàn bộ
Quảng Ngãi,Quảng Phú,phường Nghĩa Lộ,✅ Toàn bộ
Quảng Ngãi,Nghĩa Lộ,phường Nghĩa Lộ,✅ Toàn bộ
Quảng Ngãi,phường Phổ Văn,phường Trà Câu,✅ Toàn bộ
Quảng Ngãi,phường Phổ Quang,phường Trà Câu,✅ Toàn bộ
Quảng Ngãi,xã Phổ An,phường Trà Câu,✅ Toàn bộ
Quảng Ngãi,xã Phổ Thuận,phường Trà Câu,✅ Toàn bộ
Quảng Ngãi,phường Nguyễn Nghiêm (thị xã Đức Phổ),phường Đức Phổ,✅ Toàn bộ
Quảng Ngãi,Phổ Hòa,phường Đức Phổ,✅ Toàn bộ
Quảng Ngãi,Phổ Minh,phường Đức Phổ,✅ Toàn bộ
Quảng Ngãi,Phổ Vinh,phường Đức Phổ,✅ Toàn bộ
Quảng Ngãi,Phổ Ninh,phường Đức Phổ,✅ Toàn bộ
Quảng Ngãi,phường Phổ Thạnh,phường Sa Huỳnh,✅ Toàn bộ
Quảng Ngãi,xã Phổ Châu,phường Sa Huỳnh,✅ Toàn bộ
Quảng Ngãi,phường Quang Trung,phường Kon Tum,✅ Toàn bộ
Quảng Ngãi,Quyết Thắng,phường Kon Tum,✅ Toàn bộ
Quảng Ngãi,Thắng Lợi,phường Kon Tum,✅ Toàn bộ
Quảng Ngãi,Trường Chinh,phường Kon Tum,✅ Toàn bộ
Quảng Ngãi,Thống Nhất,phường Kon Tum,✅ Toàn bộ
Quảng Ngãi,phường Ngô Mây,phường Đăk Cấm,✅ Toàn bộ
Quảng Ngãi,phường Duy Tân,phường Đăk Cấm,✅ Toàn bộ
Quảng Ngãi,xã Đăk Cấm,phường Đăk Cấm,✅ Toàn bộ
Quảng Ngãi,phường Trần Hưng Đạo (thành phố Kon Tum),phường Đăk Bla,✅ Toàn bộ
Quảng Ngãi,Lê Lợi,phường Đăk Bla,✅ Toàn bộ
Quảng Ngãi,Nguyễn Trãi,phường Đăk Bla,✅ Toàn bộ
Điện Biên,xã Nậm Vì,xã Mường Nhé,✅ Toàn bộ
Điện Biên,Chung Chải,xã Mường Nhé,✅ Toàn bộ
Điện Biên,Mường Nhé,xã Mường Nhé,✅ Toàn bộ
Điện Biên,xã Sen Thượng,xã Sín Thầu,✅ Toàn bộ
Điện Biên,Leng Su Sìn,xã Sín Thầu,✅ Toàn bộ
Điện Biên,Sín Thầu,xã Sín Thầu,✅ Toàn bộ
Điện Biên,xã Huổi Lếch,xã Mường Toong,✅ Toàn bộ
Điện Biên,xã Mường Toong,xã Mường Toong,✅ Toàn bộ
Điện Biên,xã Pá Mỳ,xã Nậm Kè,✅ Toàn bộ
Điện Biên,xã Nậm Kè,xã Nậm Kè,✅ Toàn bộ
Điện Biên,xã Na Cô Sa,xã Quảng Lâm,✅ Toàn bộ
Điện Biên,xã Quảng Lâm,xã Quảng Lâm,✅ Toàn bộ
Điện Biên,xã Nà Khoa,xã Nà Hỳ,✅ Toàn bộ
Điện Biên,Nậm Nhừ,xã Nà Hỳ,✅ Toàn bộ
Điện Biên,Nậm Chua,xã Nà Hỳ,✅ Toàn bộ
Điện Biên,Nà Hỳ,xã Nà Hỳ,✅ Toàn bộ
Điện Biên,xã Chà Cang,xã Mường Chà,✅ Toàn bộ
Điện Biên,Chà Nưa,xã Mường Chà,✅ Toàn bộ
Điện Biên,Nậm Tin,xã Mường Chà,✅ Toàn bộ
Điện Biên,Pa Tần,xã Mường Chà,✅ Toàn bộ
Điện Biên,xã Vàng Đán,xã Nà Bủng,✅ Toàn bộ
Điện Biên,xã Nà Bủng,xã Nà Bủng,✅ Toàn bộ
Điện Biên,xã Nậm Khăn,xã Chà Tở,✅ Toàn bộ
Điện Biên,xã Chà Tở,xã Chà Tở,✅ Toàn bộ
Điện Biên,xã Phìn Hồ,xã Si Pa Phìn,✅ Toàn bộ
Điện Biên,xã Si Pa Phìn,xã Si Pa Phìn,✅ Toàn bộ
Điện Biên,thị trấn Mường Chà,xã Na Sang,✅ Toàn bộ
Điện Biên,xã Ma Thì Hồ,xã Na Sang,✅ Toàn bộ
Điện Biên,Sa Lông,xã Na Sang,✅ Toàn bộ
Điện Biên,Na Sang,xã Na Sang,✅ Toàn bộ
Điện Biên,xã Huổi Lèng,xã Mường Tùng,✅ Toàn bộ
Điện Biên,xã Mường Tùng,xã Mường Tùng,✅ Toàn bộ
Điện Biên,xã Hừa Ngài,xã Pa Ham,✅ Toàn bộ
Điện Biên,xã Pa Ham,xã Pa Ham,✅ Toàn bộ
Điện Biên,xã Huổi Mí,xã Nậm Nèn,✅ Toàn bộ
Điện Biên,xã Nậm Nèn,xã Nậm Nèn,✅ Toàn bộ
Điện Biên,xã Mường Mươn,xã Mường Pồn,✅ Toàn bộ
Điện Biên,xã Mường Pồn,xã Mường Pồn,✅ Toàn bộ
Điện Biên,thị trấn Tủa Chùa,xã Tủa Chùa,✅ Toàn bộ
Điện Biên,xã Mường Báng,xã Tủa Chùa,✅ Toàn bộ
Điện Biên,xã Nà Tòng,xã Tủa Chùa,✅ Toàn bộ
Điện Biên,xã Tả Sìn Thàng,xã Sín Chải,✅ Toàn bộ
Điện Biên,Lao Xả Phình,xã Sín Chải,✅ Toàn bộ
Điện Biên,Sín Chải,xã Sín Chải,✅ Toàn bộ
Điện Biên,xã Huổi Só,xã Tủa Thàng,✅ Toàn bộ
Điện Biên,xã Tủa Thàng,xã Tủa Thàng,✅ Toàn bộ
Điện Biên,xã Xá Nhè,xã Sáng Nhè,✅ Toàn bộ
Điện Biên,Mường Đun,xã Sáng Nhè,✅ Toàn bộ
Điện Biên,Phình Sáng,xã Sáng Nhè,✅ Toàn bộ
Điện Biên,thị trấn Tuần Giáo,xã Tuần Giáo,✅ Toàn bộ
Điện Biên,xã Quài Cang,xã Tuần Giáo,✅ Toàn bộ
Điện Biên,xã Quài Nưa,xã Tuần Giáo,✅ Toàn bộ
Điện Biên,xã Tỏa Tình,xã Quài Tở,✅ Toàn bộ
Điện Biên,Tênh Phông,xã Quài Tở,✅ Toàn bộ
Điện Biên,Quài Tở,xã Quài Tở,✅ Toàn bộ
Điện Biên,xã Mùn Chung,xã Mường Mùn,✅ Toàn bộ
Điện Biên,Pú Xi,xã Mường Mùn,✅ Toàn bộ
Điện Biên,Mường Mùn,xã Mường Mùn,✅ Toàn bộ
Điện Biên,xã Rạng Đông,xã Pú Nhung,✅ Toàn bộ
Điện Biên,Ta Ma,xã Pú Nhung,✅ Toàn bộ
Điện Biên,Pú Nhung,xã Pú Nhung,✅ Toàn bộ
Điện Biên,xã Nà Sáy,xã Chiềng Sinh,✅ Toàn bộ
Điện Biên,Mường Thín,xã Chiềng Sinh,✅ Toàn bộ
Điện Biên,Mường Khong,xã Chiềng Sinh,✅ Toàn bộ
Điện Biên,Chiềng Sinh,xã Chiềng Sinh,✅ Toàn bộ
Điện Biên,thị trấn Mường Ảng,xã Mường Ảng,✅ Toàn bộ
Điện Biên,xã Ẳng Nưa,xã Mường Ảng,✅ Toàn bộ
Điện Biên,xã Ẳng Cang,xã Mường Ảng,✅ Toàn bộ
Điện Biên,xã Mường Đăng,xã Nà Tấu,✅ Toàn bộ
Điện Biên,Ngối Cáy,xã Nà Tấu,✅ Toàn bộ
Điện Biên,Nà Tấu,xã Nà Tấu,✅ Toàn bộ
Điện Biên,xã Ẳng Tở,xã Búng Lao,✅ Toàn bộ
Điện Biên,Chiềng Đông,xã Búng Lao,✅ Toàn bộ
Điện Biên,Búng Lao,xã Búng Lao,✅ Toàn bộ
Điện Biên,xã Nặm Lịch,xã Mường Lạn,✅ Toàn bộ
Điện Biên,Xuân Lao,xã Mường Lạn,✅ Toàn bộ
Điện Biên,Mường Lạn,xã Mường Lạn,✅ Toàn bộ
Điện Biên,xã Nà Nhạn,xã Mường Phăng,✅ Toàn bộ
Điện Biên,Pá Khoang,xã Mường Phăng,✅ Toàn bộ
Điện Biên,Mường Phăng,xã Mường Phăng,✅ Toàn bộ
Điện Biên,xã Hua Thanh,xã Thanh Nưa,✅ Toàn bộ
Điện Biên,Thanh Luông,xã Thanh Nưa,✅ Toàn bộ
Điện Biên,Thanh Hưng,xã Thanh Nưa,✅ Toàn bộ
Điện Biên,Thanh Chăn,xã Thanh Nưa,✅ Toàn bộ
Điện Biên,Thanh Nưa,xã Thanh Nưa,✅ Toàn bộ
Điện Biên,xã Noong Hẹt,xã Thanh An,✅ Toàn bộ
Điện Biên,Sam Mứn,xã Thanh An,✅ Toàn bộ
Điện Biên,Thanh An,xã Thanh An,✅ Toàn bộ
Điện Biên,xã Noong Luống,xã Thanh Yên,✅ Toàn bộ
Điện Biên,Pa Thơm,xã Thanh Yên,✅ Toàn bộ
Điện Biên,Thanh Yên,xã Thanh Yên,✅ Toàn bộ
Điện Biên,xã Pom Lót,xã Sam Mứn,✅ Toàn bộ
Điện Biên,xã Na Ư,xã Sam Mứn,✅ Toàn bộ
Điện Biên,xã Hẹ Muông,xã Núa Ngam,✅ Toàn bộ
Điện Biên,Na Tông,xã Núa Ngam,✅ Toàn bộ
Điện Biên,Núa Ngam,xã Núa Ngam,✅ Toàn bộ
Điện Biên,xã Mường Lói,xã Mường Nhà,✅ Toàn bộ
Điện Biên,Phu Luông,xã Mường Nhà,✅ Toàn bộ
Điện Biên,Mường Nhà,xã Mường Nhà,✅ Toàn bộ
Điện Biên,thị trấn Điện Biên Đông,xã Na Son,✅ Toàn bộ
Điện Biên,xã Keo Lôm,xã Na Son,✅ Toàn bộ
Điện Biên,xã Na Son,xã Na Son,✅ Toàn bộ
Điện Biên,xã Chiềng Sơ,xã Mường Luân,✅ Toàn bộ
Điện Biên,Luân Giói,xã Mường Luân,✅ Toàn bộ
Điện Biên,Mường Luân,xã Mường Luân,✅ Toàn bộ
Điện Biên,xã Háng Lìa,xã Tìa Dình,✅ Toàn bộ
Điện Biên,xã Tìa Dình,xã Tìa Dình,✅ Toàn bộ
Điện Biên,xã Pú Hồng,xã Phình Giàng,✅ Toàn bộ
Điện Biên,xã Phình Giàng,xã Phình Giàng,✅ Toàn bộ
Điện Biên,phường Him Lam,phường Điện Biên Phủ,✅ Toàn bộ
Điện Biên,Tân Thanh,phường Điện Biên Phủ,✅ Toàn bộ
Điện Biên,Mường Thanh,phường Điện Biên Phủ,✅ Toàn bộ
Điện Biên,Thanh Bình,phường Điện Biên Phủ,✅ Toàn bộ
Điện Biên,Thanh Trường,phường Điện Biên Phủ,✅ Toàn bộ
Điện Biên,xã Thanh Minh,phường Điện Biên Phủ,✅ Toàn bộ
Điện Biên,phường Noong Bua,phường Mường Thanh,✅ Toàn bộ
Điện Biên,phường Nam Thanh,phường Mường Thanh,✅ Toàn bộ
Điện Biên,xã Thanh Xương,phường Mường Thanh,✅ Toàn bộ
An Giang,thị trấn An Phú,xã An Phú,✅ Toàn bộ
An Giang,xã Vĩnh Hội Đông,xã An Phú,✅ Toàn bộ
An Giang,xã Phú Hội,xã An Phú,⚠️ Một phần (Cần check)
An Giang,xã Phước Hưng,xã An Phú,⚠️ Một phần (Cần check)
An Giang,thị trấn Đa Phước,xã Vĩnh Hậu,✅ Toàn bộ
An Giang,xã Vĩnh Trường,xã Vĩnh Hậu,✅ Toàn bộ
An Giang,xã Vĩnh Hậu,xã Vĩnh Hậu,✅ Toàn bộ
An Giang,xã Quốc Thái,xã Nhơn Hội,✅ Toàn bộ
An Giang,xã Nhơn Hội,xã Nhơn Hội,✅ Toàn bộ
An Giang,xã Phước Hưng,xã Nhơn Hội,⚠️ Một phần (Cần check)
An Giang,phần còn lại của xã Phú Hội sau khi sắp xếp theo quy định tại khoản 1 Điều này,xã Nhơn Hội,⚠️ Một phần (Cần check)
An Giang,thị trấn Long Bình,xã Khánh Bình,✅ Toàn bộ
An Giang,xã Khánh An,xã Khánh Bình,✅ Toàn bộ
An Giang,xã Khánh Bình,xã Khánh Bình,✅ Toàn bộ
An Giang,xã Phú Hữu,xã Phú Hữu,✅ Toàn bộ
An Giang,xã Vĩnh Lộc,xã Phú Hữu,✅ Toàn bộ
An Giang,phần còn lại của xã Phước Hưng sau khi sắp xếp theo quy định tại khoản 1,xã Phú Hữu,✅ Toàn bộ
An Giang,khoản 3 Điều này,xã Phú Hữu,✅ Toàn bộ
An Giang,xã Tân An,xã Tân An,✅ Toàn bộ
An Giang,xã Tân Thạnh (thị xã Tân Châu),xã Tân An,✅ Toàn bộ
An Giang,xã Long An,xã Tân An,✅ Toàn bộ
An Giang,xã Phú Vĩnh,xã Châu Phong,✅ Toàn bộ
An Giang,Lê Chánh,xã Châu Phong,✅ Toàn bộ
An Giang,Châu Phong,xã Châu Phong,✅ Toàn bộ
An Giang,xã Vĩnh Hòa (thị xã Tân Châu),xã Vĩnh Xương,✅ Toàn bộ
An Giang,Phú Lộc,xã Vĩnh Xương,✅ Toàn bộ
An Giang,Vĩnh Xương,xã Vĩnh Xương,✅ Toàn bộ
An Giang,thị trấn Phú Mỹ,xã Phú Tân,✅ Toàn bộ
An Giang,xã Tân Hòa (huyện Phú Tân),xã Phú Tân,✅ Toàn bộ
An Giang,Tân Trung,xã Phú Tân,✅ Toàn bộ
An Giang,Phú Hưng,xã Phú Tân,✅ Toàn bộ
An Giang,xã Phú Thọ,xã Phú An,✅ Toàn bộ
An Giang,Phú Xuân,xã Phú An,✅ Toàn bộ
An Giang,Phú An,xã Phú An,✅ Toàn bộ
An Giang,xã Hiệp Xương,xã Bình Thạnh Đông,✅ Toàn bộ
An Giang,Phú Bình,xã Bình Thạnh Đông,✅ Toàn bộ
An Giang,Bình Thạnh Đông,xã Bình Thạnh Đông,✅ Toàn bộ
An Giang,thị trấn Chợ Vàm,xã Chợ Vàm,✅ Toàn bộ
An Giang,xã Phú Thạnh,xã Chợ Vàm,✅ Toàn bộ
An Giang,xã Phú Thành,xã Chợ Vàm,✅ Toàn bộ
An Giang,xã Phú Hiệp,xã Hòa Lạc,✅ Toàn bộ
An Giang,xã Hòa Lạc,xã Hòa Lạc,✅ Toàn bộ
An Giang,xã Long Hòa,xã Phú Lâm,✅ Toàn bộ
An Giang,Phú Long,xã Phú Lâm,✅ Toàn bộ
An Giang,Phú Lâm,xã Phú Lâm,✅ Toàn bộ
An Giang,thị trấn Cái Dầu,xã Châu Phú,✅ Toàn bộ
An Giang,xã Bình Long,xã Châu Phú,✅ Toàn bộ
An Giang,xã Bình Phú,xã Châu Phú,✅ Toàn bộ
An Giang,xã Khánh Hòa,xã Mỹ Đức,✅ Toàn bộ
An Giang,xã Mỹ Đức,xã Mỹ Đức,✅ Toàn bộ
An Giang,thị trấn Vĩnh Thạnh Trung,xã Vĩnh Thạnh Trung,✅ Toàn bộ
An Giang,xã Mỹ Phú,xã Vĩnh Thạnh Trung,✅ Toàn bộ
An Giang,xã Bình Thủy,xã Bình Mỹ,✅ Toàn bộ
An Giang,Bình Chánh,xã Bình Mỹ,✅ Toàn bộ
An Giang,Bình Mỹ,xã Bình Mỹ,✅ Toàn bộ
An Giang,xã Đào Hữu Cảnh,xã Thạnh Mỹ Tây,✅ Toàn bộ
An Giang,Ô Long Vĩ,xã Thạnh Mỹ Tây,✅ Toàn bộ
An Giang,Thạnh Mỹ Tây,xã Thạnh Mỹ Tây,✅ Toàn bộ
An Giang,xã Văn Giáo,xã An Cư,✅ Toàn bộ
An Giang,Vĩnh Trung,xã An Cư,✅ Toàn bộ
An Giang,An Cư,xã An Cư,✅ Toàn bộ
An Giang,xã Tân Lập,xã Núi Cấm,✅ Toàn bộ
An Giang,xã An Hảo,xã Núi Cấm,✅ Toàn bộ
An Giang,thị trấn Ba Chúc,xã Ba Chúc,✅ Toàn bộ
An Giang,xã Lạc Quới,xã Ba Chúc,✅ Toàn bộ
An Giang,xã Lê Trì,xã Ba Chúc,✅ Toàn bộ
An Giang,thị trấn Tri Tôn,xã Tri Tôn,✅ Toàn bộ
An Giang,xã Núi Tô,xã Tri Tôn,✅ Toàn bộ
An Giang,xã Châu Lăng,xã Tri Tôn,✅ Toàn bộ
An Giang,xã An Tức,xã Ô Lâm,✅ Toàn bộ
An Giang,Lương Phi,xã Ô Lâm,✅ Toàn bộ
An Giang,Ô Lâm,xã Ô Lâm,✅ Toàn bộ
An Giang,thị trấn Cô Tô,xã Cô Tô,✅ Toàn bộ
An Giang,xã Tà Đảnh,xã Cô Tô,✅ Toàn bộ
An Giang,xã Tân Tuyến,xã Cô Tô,✅ Toàn bộ
An Giang,xã Vĩnh Phước,xã Vĩnh Gia,✅ Toàn bộ
An Giang,Lương An Trà,xã Vĩnh Gia,✅ Toàn bộ
An Giang,Vĩnh Gia,xã Vĩnh Gia,✅ Toàn bộ
An Giang,thị trấn An Châu,xã An Châu,✅ Toàn bộ
An Giang,xã Hòa Bình Thạnh,xã An Châu,✅ Toàn bộ
An Giang,xã Vĩnh Thành,xã An Châu,✅ Toàn bộ
An Giang,xã Bình Thạnh,xã Bình Hòa,✅ Toàn bộ
An Giang,An Hòa,xã Bình Hòa,✅ Toàn bộ
An Giang,Bình Hòa,xã Bình Hòa,✅ Toàn bộ
An Giang,xã Vĩnh Lợi,xã Cần Đăng,✅ Toàn bộ
An Giang,xã Cần Đăng,xã Cần Đăng,✅ Toàn bộ
An Giang,xã Vĩnh Nhuận,xã Vĩnh Hanh,✅ Toàn bộ
An Giang,xã Vĩnh Hanh,xã Vĩnh Hanh,✅ Toàn bộ
An Giang,thị trấn Vĩnh Bình,xã Vĩnh An,✅ Toàn bộ
An Giang,xã Tân Phú,xã Vĩnh An,✅ Toàn bộ
An Giang,xã Vĩnh An,xã Vĩnh An,✅ Toàn bộ
An Giang,thị trấn Chợ Mới,xã Chợ Mới,✅ Toàn bộ
An Giang,xã Kiến An,xã Chợ Mới,✅ Toàn bộ
An Giang,xã Kiến Thành,xã Chợ Mới,✅ Toàn bộ
An Giang,xã Tấn Mỹ,xã Cù Lao Giêng,✅ Toàn bộ
An Giang,Mỹ Hiệp,xã Cù Lao Giêng,✅ Toàn bộ
An Giang,Bình Phước Xuân,xã Cù Lao Giêng,✅ Toàn bộ
An Giang,thị trấn Hội An,xã Hội An,✅ Toàn bộ
An Giang,xã Hòa An (huyện Chợ Mới),xã Hội An,✅ Toàn bộ
An Giang,xã Hòa Bình,xã Hội An,✅ Toàn bộ
An Giang,thị trấn Mỹ Luông,xã Long Điền,✅ Toàn bộ
An Giang,xã Long Điền A,xã Long Điền,✅ Toàn bộ
An Giang,xã Long Điền B,xã Long Điền,✅ Toàn bộ
An Giang,xã Mỹ Hội Đông,xã Nhơn Mỹ,✅ Toàn bộ
An Giang,Long Giang,xã Nhơn Mỹ,✅ Toàn bộ
An Giang,Nhơn Mỹ,xã Nhơn Mỹ,✅ Toàn bộ
An Giang,xã An Thạnh Trung,xã Long Kiến,✅ Toàn bộ
An Giang,Mỹ An,xã Long Kiến,✅ Toàn bộ
An Giang,Long Kiến,xã Long Kiến,✅ Toàn bộ
An Giang,thị trấn Núi Sập,xã Thoại Sơn,✅ Toàn bộ
An Giang,xã Thoại Giang,xã Thoại Sơn,✅ Toàn bộ
An Giang,xã Bình Thành,xã Thoại Sơn,✅ Toàn bộ
An Giang,thị trấn Óc Eo,xã Óc Eo,✅ Toàn bộ
An Giang,xã Vọng Thê,xã Óc Eo,✅ Toàn bộ
An Giang,xã Vọng Đông,xã Óc Eo,✅ Toàn bộ
An Giang,xã Vĩnh Phú (huyện Thoại Sơn),xã Định Mỹ,✅ Toàn bộ
An Giang,Định Thành,xã Định Mỹ,✅ Toàn bộ
An Giang,Định Mỹ,xã Định Mỹ,✅ Toàn bộ
An Giang,thị trấn Phú Hòa,xã Phú Hòa,✅ Toàn bộ
An Giang,xã Phú Thuận,xã Phú Hòa,✅ Toàn bộ
An Giang,xã Vĩnh Chánh,xã Phú Hòa,✅ Toàn bộ
An Giang,xã Vĩnh Khánh,xã Vĩnh Trạch,✅ Toàn bộ
An Giang,xã Vĩnh Trạch,xã Vĩnh Trạch,✅ Toàn bộ
An Giang,xã An Bình,xã Tây Phú,✅ Toàn bộ
An Giang,Mỹ Phú Đông,xã Tây Phú,✅ Toàn bộ
An Giang,Tây Phú,xã Tây Phú,✅ Toàn bộ
An Giang,xã Vĩnh Bình Bắc,xã Vĩnh Bình,✅ Toàn bộ
An Giang,Vĩnh Bình Nam,xã Vĩnh Bình,✅ Toàn bộ
An Giang,Bình Minh,xã Vĩnh Bình,✅ Toàn bộ
An Giang,xã Tân Thuận,xã Vĩnh Thuận,✅ Toàn bộ
An Giang,xã Vĩnh Thuận,xã Vĩnh Thuận,✅ Toàn bộ
An Giang,thị trấn Vĩnh Thuận,xã Vĩnh Phong,✅ Toàn bộ
An Giang,xã Phong Đông,xã Vĩnh Phong,✅ Toàn bộ
An Giang,xã Vĩnh Phong,xã Vĩnh Phong,✅ Toàn bộ
An Giang,xã Vĩnh Hòa (huyện U Minh Thượng),xã Vĩnh Hòa,✅ Toàn bộ
An Giang,Thạnh Yên A,xã Vĩnh Hòa,✅ Toàn bộ
An Giang,Hòa Chánh,xã Vĩnh Hòa,✅ Toàn bộ
An Giang,Thạnh Yên,xã Vĩnh Hòa,✅ Toàn bộ
An Giang,xã An Minh Bắc,xã U Minh Thượng,✅ Toàn bộ
An Giang,xã Minh Thuận,xã U Minh Thượng,✅ Toàn bộ
An Giang,xã Đông Thạnh,xã Đông Hòa,✅ Toàn bộ
An Giang,xã Đông Hòa,xã Đông Hòa,✅ Toàn bộ
An Giang,xã Tân Thạnh (huyện An Minh),xã Tân Thạnh,✅ Toàn bộ
An Giang,xã Thuận Hòa,xã Tân Thạnh,✅ Toàn bộ
An Giang,xã Vân Khánh Đông,xã Đông Hưng,✅ Toàn bộ
An Giang,xã Đông Hưng A,xã Đông Hưng,✅ Toàn bộ
An Giang,thị trấn Thứ Mười Một,xã An Minh,✅ Toàn bộ
An Giang,xã Đông Hưng,xã An Minh,✅ Toàn bộ
An Giang,xã Đông Hưng B,xã An Minh,✅ Toàn bộ
An Giang,xã Vân Khánh Tây,xã Vân Khánh,✅ Toàn bộ
An Giang,xã Vân Khánh,xã Vân Khánh,✅ Toàn bộ
An Giang,xã Tây Yên A,xã Tây Yên,✅ Toàn bộ
An Giang,Nam Yên,xã Tây Yên,✅ Toàn bộ
An Giang,Tây Yên,xã Tây Yên,✅ Toàn bộ
An Giang,xã Nam Thái,xã Đông Thái,✅ Toàn bộ
An Giang,Nam Thái A,xã Đông Thái,✅ Toàn bộ
An Giang,Đông Thái,xã Đông Thái,✅ Toàn bộ
An Giang,thị trấn Thứ Ba,xã An Biên,✅ Toàn bộ
An Giang,xã Đông Yên,xã An Biên,✅ Toàn bộ
An Giang,xã Hưng Yên,xã An Biên,✅ Toàn bộ
An Giang,xã Thới Quản,xã Định Hòa,✅ Toàn bộ
An Giang,Thủy Liễu,xã Định Hòa,✅ Toàn bộ
An Giang,Định Hòa,xã Định Hòa,✅ Toàn bộ
An Giang,thị trấn Gò Quao,xã Gò Quao,✅ Toàn bộ
An Giang,xã Vĩnh Phước B,xã Gò Quao,✅ Toàn bộ
An Giang,xã Định An,xã Gò Quao,✅ Toàn bộ
An Giang,xã Vĩnh Hòa Hưng Bắc,xã Vĩnh Hòa Hưng,✅ Toàn bộ
An Giang,xã Vĩnh Hòa Hưng Nam,xã Vĩnh Hòa Hưng,✅ Toàn bộ
An Giang,xã Vĩnh Thắng,xã Vĩnh Tuy,✅ Toàn bộ
An Giang,Vĩnh Phước A,xã Vĩnh Tuy,✅ Toàn bộ
An Giang,Vĩnh Tuy,xã Vĩnh Tuy,✅ Toàn bộ
An Giang,thị trấn Giồng Riềng,xã Giồng Riềng,✅ Toàn bộ
An Giang,xã Bàn Tân Định,xã Giồng Riềng,✅ Toàn bộ
An Giang,Thạnh Hòa,xã Giồng Riềng,✅ Toàn bộ
An Giang,Bàn Thạch,xã Giồng Riềng,✅ Toàn bộ
An Giang,Thạnh Bình,xã Giồng Riềng,✅ Toàn bộ
An Giang,xã Thạnh Lộc (huyện Giồng Riềng),xã Thạnh Hưng,✅ Toàn bộ
An Giang,Thạnh Phước,xã Thạnh Hưng,✅ Toàn bộ
An Giang,Thạnh Hưng,xã Thạnh Hưng,✅ Toàn bộ
An Giang,xã Vĩnh Phú (huyện Giồng Riềng),xã Long Thạnh,✅ Toàn bộ
An Giang,Vĩnh Thạnh,xã Long Thạnh,✅ Toàn bộ
An Giang,Long Thạnh,xã Long Thạnh,✅ Toàn bộ
An Giang,xã Hòa An (huyện Giồng Riềng),xã Hòa Hưng,✅ Toàn bộ
An Giang,Hòa Lợi,xã Hòa Hưng,✅ Toàn bộ
An Giang,Hòa Hưng,xã Hòa Hưng,✅ Toàn bộ
An Giang,xã Ngọc Thuận,xã Ngọc Chúc,✅ Toàn bộ
An Giang,Ngọc Thành,xã Ngọc Chúc,✅ Toàn bộ
An Giang,Ngọc Chúc,xã Ngọc Chúc,✅ Toàn bộ
An Giang,xã Ngọc Hòa,xã Hòa Thuận,✅ Toàn bộ
An Giang,xã Hòa Thuận,xã Hòa Thuận,✅ Toàn bộ
An Giang,xã Tân Hòa,xã Tân Hội,✅ Toàn bộ
An Giang,xã Tân An (huyện Tân Hiệp),xã Tân Hội,✅ Toàn bộ
An Giang,xã Tân Thành,xã Tân Hội,✅ Toàn bộ
An Giang,xã Tân Hội,xã Tân Hội,✅ Toàn bộ
An Giang,thị trấn Tân Hiệp,xã Tân Hiệp,✅ Toàn bộ
An Giang,xã Tân Hiệp B,xã Tân Hiệp,✅ Toàn bộ
An Giang,Thạnh Đông B,xã Tân Hiệp,✅ Toàn bộ
An Giang,Thạnh Đông,xã Tân Hiệp,✅ Toàn bộ
An Giang,xã Tân Hiệp A,xã Thạnh Đông,✅ Toàn bộ
An Giang,Thạnh Trị,xã Thạnh Đông,✅ Toàn bộ
An Giang,Thạnh Đông A,xã Thạnh Đông,✅ Toàn bộ
An Giang,xã Thạnh Lộc (huyện Châu Thành),xã Thạnh Lộc,✅ Toàn bộ
An Giang,Mong Thọ,xã Thạnh Lộc,✅ Toàn bộ
An Giang,Mong Thọ A,xã Thạnh Lộc,✅ Toàn bộ
An Giang,Mong Thọ B,xã Thạnh Lộc,✅ Toàn bộ
An Giang,thị trấn Minh Lương,xã Châu Thành,✅ Toàn bộ
An Giang,xã Minh Hòa,xã Châu Thành,✅ Toàn bộ
An Giang,xã Giục Tượng,xã Châu Thành,✅ Toàn bộ
An Giang,xã Bình An (huyện Châu Thành),xã Bình An,✅ Toàn bộ
An Giang,Vĩnh Hòa Hiệp,xã Bình An,✅ Toàn bộ
An Giang,Vĩnh Hòa Phú,xã Bình An,✅ Toàn bộ
An Giang,thị trấn Hòn Đất,xã Hòn Đất,✅ Toàn bộ
An Giang,xã Lình Huỳnh,xã Hòn Đất,✅ Toàn bộ
An Giang,Thổ Sơn,xã Hòn Đất,✅ Toàn bộ
An Giang,Nam Thái Sơn,xã Hòn Đất,✅ Toàn bộ
An Giang,xã Sơn Bình,xã Sơn Kiên,✅ Toàn bộ
An Giang,Mỹ Thái,xã Sơn Kiên,✅ Toàn bộ
An Giang,Sơn Kiên,xã Sơn Kiên,✅ Toàn bộ
An Giang,thị trấn Sóc Sơn,xã Mỹ Thuận,✅ Toàn bộ
An Giang,xã Mỹ Hiệp Sơn,xã Mỹ Thuận,✅ Toàn bộ
An Giang,Mỹ Phước,xã Mỹ Thuận,✅ Toàn bộ
An Giang,Mỹ Thuận,xã Mỹ Thuận,✅ Toàn bộ
An Giang,xã Kiên Bình,xã Hòa Điền,✅ Toàn bộ
An Giang,xã Hòa Điền,xã Hòa Điền,✅ Toàn bộ
An Giang,thị trấn Kiên Lương,xã Kiên Lương,✅ Toàn bộ
An Giang,xã Bình An (huyện Kiên Lương),xã Kiên Lương,✅ Toàn bộ
An Giang,xã Bình Trị,xã Kiên Lương,✅ Toàn bộ
An Giang,xã Tân Khánh Hòa,xã Giang Thành,✅ Toàn bộ
An Giang,Phú Lợi,xã Giang Thành,✅ Toàn bộ
An Giang,Phú Mỹ,xã Giang Thành,✅ Toàn bộ
An Giang,xã Vĩnh Phú (huyện Giang Thành),xã Vĩnh Điều,✅ Toàn bộ
An Giang,xã Vĩnh Điều,xã Vĩnh Điều,✅ Toàn bộ
An Giang,phường Mỹ Bình,phường Long Xuyên,✅ Toàn bộ
An Giang,Mỹ Long,phường Long Xuyên,✅ Toàn bộ
An Giang,Mỹ Xuyên,phường Long Xuyên,✅ Toàn bộ
An Giang,Mỹ Phước,phường Long Xuyên,✅ Toàn bộ
An Giang,Mỹ Quý,phường Long Xuyên,✅ Toàn bộ
An Giang,Mỹ Hòa,phường Long Xuyên,✅ Toàn bộ
An Giang,phường Bình Khánh,phường Bình Đức,✅ Toàn bộ
An Giang,phường Bình Đức,phường Bình Đức,✅ Toàn bộ
An Giang,xã Mỹ Khánh,phường Bình Đức,✅ Toàn bộ
An Giang,phường Mỹ Thạnh,phường Mỹ Thới,✅ Toàn bộ
An Giang,phường Mỹ Thới,phường Mỹ Thới,✅ Toàn bộ
An Giang,phường Vĩnh Nguơn,phường Châu Đốc,✅ Toàn bộ
An Giang,Châu Phú A,phường Châu Đốc,✅ Toàn bộ
An Giang,Châu Phú B,phường Châu Đốc,✅ Toàn bộ
An Giang,Vĩnh Mỹ,phường Châu Đốc,✅ Toàn bộ
An Giang,xã Vĩnh Châu,phường Châu Đốc,⚠️ Một phần (Cần check)
An Giang,phường Núi Sam,phường Vĩnh Tế,✅ Toàn bộ
An Giang,xã Vĩnh Tế,phường Vĩnh Tế,✅ Toàn bộ
An Giang,phần còn lại của xã Vĩnh Châu sau khi sắp xếp theo quy định tại khoản 83 Điều này,phường Vĩnh Tế,✅ Toàn bộ
An Giang,phường Long Thạnh,phường Tân Châu,✅ Toàn bộ
An Giang,phường Long Sơn,phường Tân Châu,✅ Toàn bộ
An Giang,phường Long Hưng,phường Long Phú,✅ Toàn bộ
An Giang,Long Châu,phường Long Phú,✅ Toàn bộ
An Giang,Long Phú,phường Long Phú,✅ Toàn bộ
An Giang,phường An Phú,phường Tịnh Biên,✅ Toàn bộ
An Giang,phường Tịnh Biên,phường Tịnh Biên,✅ Toàn bộ
An Giang,xã An Nông,phường Tịnh Biên,✅ Toàn bộ
An Giang,phường Nhơn Hưng,phường Thới Sơn,✅ Toàn bộ
An Giang,Nhà Bàng,phường Thới Sơn,✅ Toàn bộ
An Giang,Thới Sơn,phường Thới Sơn,✅ Toàn bộ
An Giang,phường Núi Voi,phường Chi Lăng,✅ Toàn bộ
An Giang,phường Chi Lăng,phường Chi Lăng,✅ Toàn bộ
An Giang,xã Tân Lợi,phường Chi Lăng,✅ Toàn bộ
An Giang,phường Vĩnh Thông,phường Vĩnh Thông,✅ Toàn bộ
An Giang,xã Phi Thông,phường Vĩnh Thông,✅ Toàn bộ
An Giang,xã Mỹ Lâm,phường Vĩnh Thông,✅ Toàn bộ
An Giang,phường Vĩnh Quang,phường Rạch Giá,✅ Toàn bộ
An Giang,Vĩnh Thanh,phường Rạch Giá,✅ Toàn bộ
An Giang,Vĩnh Thanh Vân,phường Rạch Giá,✅ Toàn bộ
An Giang,Vĩnh Lạc,phường Rạch Giá,✅ Toàn bộ
An Giang,An Hòa,phường Rạch Giá,✅ Toàn bộ
An Giang,Vĩnh Hiệp,phường Rạch Giá,✅ Toàn bộ
An Giang,An Bình,phường Rạch Giá,✅ Toàn bộ
An Giang,Rạch Sỏi,phường Rạch Giá,✅ Toàn bộ
An Giang,Vĩnh Lợi,phường Rạch Giá,✅ Toàn bộ
An Giang,phường Pháo Đài,phường Hà Tiên,✅ Toàn bộ
An Giang,Bình San,phường Hà Tiên,✅ Toàn bộ
An Giang,Mỹ Đức,phường Hà Tiên,✅ Toàn bộ
An Giang,Đông Hồ,phường Hà Tiên,✅ Toàn bộ
An Giang,phường Tô Châu,phường Tô Châu,✅ Toàn bộ
An Giang,xã Thuận Yên,phường Tô Châu,✅ Toàn bộ
An Giang,xã Dương Hòa,phường Tô Châu,✅ Toàn bộ
Lâm Đồng,xã Đạ Sar,xã Lạc Dương,✅ Toàn bộ
Lâm Đồng,Đạ Nhim,xã Lạc Dương,✅ Toàn bộ
Lâm Đồng,Đạ Chais,xã Lạc Dương,✅ Toàn bộ
Lâm Đồng,thị trấn Thạnh Mỹ,xã Đơn Dương,✅ Toàn bộ
Lâm Đồng,xã Đạ Ròn và xã Tu Tra,xã Đơn Dương,✅ Toàn bộ
Lâm Đồng,xã Lạc Lâm,xã Ka Đô,✅ Toàn bộ
Lâm Đồng,xã Ka Đô,xã Ka Đô,✅ Toàn bộ
Lâm Đồng,xã Ka Đơn,xã Quảng Lập,✅ Toàn bộ
Lâm Đồng,xã Quảng Lập,xã Quảng Lập,✅ Toàn bộ
Lâm Đồng,thị trấn D’Ran,xã D’Ran,✅ Toàn bộ
Lâm Đồng,xã Lạc Xuân,xã D’Ran,✅ Toàn bộ
Lâm Đồng,xã Hiệp An,xã Hiệp Thạnh,✅ Toàn bộ
Lâm Đồng,Liên Hiệp,xã Hiệp Thạnh,✅ Toàn bộ
Lâm Đồng,Hiệp Thạnh,xã Hiệp Thạnh,✅ Toàn bộ
Lâm Đồng,thị trấn Liên Nghĩa,xã Đức Trọng,✅ Toàn bộ
Lâm Đồng,xã Phú Hội,xã Đức Trọng,✅ Toàn bộ
Lâm Đồng,xã Tân Thành (huyện Đức Trọng),xã Tân Hội,✅ Toàn bộ
Lâm Đồng,N’ Thôn Hạ,xã Tân Hội,✅ Toàn bộ
Lâm Đồng,Tân Hội,xã Tân Hội,✅ Toàn bộ
Lâm Đồng,xã Ninh Loan,xã Tà Hine,✅ Toàn bộ
Lâm Đồng,Đà Loan,xã Tà Hine,✅ Toàn bộ
Lâm Đồng,Tà Hine,xã Tà Hine,✅ Toàn bộ
Lâm Đồng,xã Đa Quyn,xã Tà Năng,✅ Toàn bộ
Lâm Đồng,xã Tà Năng,xã Tà Năng,✅ Toàn bộ
Lâm Đồng,xã Bình Thạnh (huyện Đức Trọng),xã Đinh Văn Lâm Hà,✅ Toàn bộ
Lâm Đồng,xã Tân Văn và thị trấn Đinh Văn,xã Đinh Văn Lâm Hà,✅ Toàn bộ
Lâm Đồng,xã Phú Sơn,xã Phú Sơn Lâm Hà,✅ Toàn bộ
Lâm Đồng,xã Đạ Đờn,xã Phú Sơn Lâm Hà,✅ Toàn bộ
Lâm Đồng,xã Nam Hà,xã Nam Hà Lâm Hà,✅ Toàn bộ
Lâm Đồng,xã Phi Tô,xã Nam Hà Lâm Hà,✅ Toàn bộ
Lâm Đồng,thị trấn Nam Ban,xã Nam Ban Lâm Hà,✅ Toàn bộ
Lâm Đồng,xã Đông Thanh,xã Nam Ban Lâm Hà,✅ Toàn bộ
Lâm Đồng,Mê Linh,xã Nam Ban Lâm Hà,✅ Toàn bộ
Lâm Đồng,Gia Lâm,xã Nam Ban Lâm Hà,✅ Toàn bộ
Lâm Đồng,xã Tân Hà (huyện Lâm Hà),xã Tân Hà Lâm Hà,✅ Toàn bộ
Lâm Đồng,Hoài Đức,xã Tân Hà Lâm Hà,✅ Toàn bộ
Lâm Đồng,Đan Phượng,xã Tân Hà Lâm Hà,✅ Toàn bộ
Lâm Đồng,Liên Hà,xã Tân Hà Lâm Hà,✅ Toàn bộ
Lâm Đồng,xã Phúc Thọ,xã Phúc Thọ Lâm Hà,✅ Toàn bộ
Lâm Đồng,xã Tân Thanh,xã Phúc Thọ Lâm Hà,✅ Toàn bộ
Lâm Đồng,xã Phi Liêng,xã Đam Rông 1,✅ Toàn bộ
Lâm Đồng,xã Đạ K’Nàng,xã Đam Rông 1,✅ Toàn bộ
Lâm Đồng,xã Rô Men,xã Đam Rông 2,✅ Toàn bộ
Lâm Đồng,xã Liêng Srônh,xã Đam Rông 2,✅ Toàn bộ
Lâm Đồng,xã Đạ Tông,xã Đam Rông 4,✅ Toàn bộ
Lâm Đồng,Đạ Long,xã Đam Rông 4,✅ Toàn bộ
Lâm Đồng,Đưng K’Nớ,xã Đam Rông 4,✅ Toàn bộ
Lâm Đồng,thị trấn Di Linh,xã Di Linh,✅ Toàn bộ
Lâm Đồng,xã Liên Đầm,xã Di Linh,✅ Toàn bộ
Lâm Đồng,Tân Châu,xã Di Linh,✅ Toàn bộ
Lâm Đồng,Gung Ré,xã Di Linh,✅ Toàn bộ
Lâm Đồng,xã Đinh Trang Hòa,xã Hòa Ninh,✅ Toàn bộ
Lâm Đồng,Hòa Trung,xã Hòa Ninh,✅ Toàn bộ
Lâm Đồng,Hòa Ninh,xã Hòa Ninh,✅ Toàn bộ
Lâm Đồng,xã Hòa Nam,xã Hòa Bắc,✅ Toàn bộ
Lâm Đồng,xã Hòa Bắc,xã Hòa Bắc,✅ Toàn bộ
Lâm Đồng,xã Tân Lâm,xã Đinh Trang Thượng,✅ Toàn bộ
Lâm Đồng,Tân Thượng,xã Đinh Trang Thượng,✅ Toàn bộ
Lâm Đồng,Đinh Trang Thượng,xã Đinh Trang Thượng,✅ Toàn bộ
Lâm Đồng,xã Đinh Lạc,xã Bảo Thuận,✅ Toàn bộ
Lâm Đồng,Tân Nghĩa,xã Bảo Thuận,✅ Toàn bộ
Lâm Đồng,Bảo Thuận,xã Bảo Thuận,✅ Toàn bộ
Lâm Đồng,xã Gia Bắc,xã Sơn Điền,✅ Toàn bộ
Lâm Đồng,xã Sơn Điền,xã Sơn Điền,✅ Toàn bộ
Lâm Đồng,xã Tam Bố,xã Gia Hiệp,✅ Toàn bộ
Lâm Đồng,xã Gia Hiệp,xã Gia Hiệp,✅ Toàn bộ
Lâm Đồng,thị trấn Lộc Thắng,xã Bảo Lâm 1,✅ Toàn bộ
Lâm Đồng,xã Lộc Quảng và xã Lộc Ngãi,xã Bảo Lâm 1,✅ Toàn bộ
Lâm Đồng,xã Lộc An,xã Bảo Lâm 2,✅ Toàn bộ
Lâm Đồng,Lộc Đức,xã Bảo Lâm 2,✅ Toàn bộ
Lâm Đồng,Tân Lạc,xã Bảo Lâm 2,✅ Toàn bộ
Lâm Đồng,xã Lộc Thành,xã Bảo Lâm 3,✅ Toàn bộ
Lâm Đồng,xã Lộc Nam,xã Bảo Lâm 3,✅ Toàn bộ
Lâm Đồng,xã Lộc Phú,xã Bảo Lâm 4,✅ Toàn bộ
Lâm Đồng,Lộc Lâm,xã Bảo Lâm 4,✅ Toàn bộ
Lâm Đồng,B’Lá,xã Bảo Lâm 4,✅ Toàn bộ
Lâm Đồng,xã Lộc Bảo,xã Bảo Lâm 5,✅ Toàn bộ
Lâm Đồng,xã Lộc Bắc,xã Bảo Lâm 5,✅ Toàn bộ
Lâm Đồng,thị trấn Mađaguôi,xã Đạ Huoai,✅ Toàn bộ
Lâm Đồng,xã Mađaguôi và xã Đạ Oai,xã Đạ Huoai,✅ Toàn bộ
Lâm Đồng,thị trấn Đạ M’ri,xã Đạ Huoai 2,✅ Toàn bộ
Lâm Đồng,xã Hà Lâm,xã Đạ Huoai 2,✅ Toàn bộ
Lâm Đồng,thị trấn Đạ Tẻh,xã Đạ Tẻh,✅ Toàn bộ
Lâm Đồng,xã An Nhơn,xã Đạ Tẻh,✅ Toàn bộ
Lâm Đồng,xã Đạ Lây,xã Đạ Tẻh,✅ Toàn bộ
Lâm Đồng,xã Quảng Trị,xã Đạ Tẻh 2,✅ Toàn bộ
Lâm Đồng,Đạ Pal,xã Đạ Tẻh 2,✅ Toàn bộ
Lâm Đồng,Đạ Kho,xã Đạ Tẻh 2,✅ Toàn bộ
Lâm Đồng,xã Mỹ Đức,xã Đạ Tẻh 3,✅ Toàn bộ
Lâm Đồng,xã Quốc Oai,xã Đạ Tẻh 3,✅ Toàn bộ
Lâm Đồng,thị trấn Cát Tiên,xã Cát Tiên,✅ Toàn bộ
Lâm Đồng,xã Nam Ninh và xã Quảng Ngãi,xã Cát Tiên,✅ Toàn bộ
Lâm Đồng,thị trấn Phước Cát,xã Cát Tiên 2,✅ Toàn bộ
Lâm Đồng,xã Phước Cát 2 và xã Đức Phổ,xã Cát Tiên 2,✅ Toàn bộ
Lâm Đồng,xã Gia Viễn,xã Cát Tiên 3,✅ Toàn bộ
Lâm Đồng,Tiên Hoàng,xã Cát Tiên 3,✅ Toàn bộ
Lâm Đồng,Đồng Nai Thượng,xã Cát Tiên 3,✅ Toàn bộ
Lâm Đồng,xã Vĩnh Tân,xã Vĩnh Hảo,✅ Toàn bộ
Lâm Đồng,xã Vĩnh Hảo,xã Vĩnh Hảo,✅ Toàn bộ
Lâm Đồng,thị trấn Liên Hương,xã Liên Hương,✅ Toàn bộ
Lâm Đồng,xã Bình Thạnh (huyện Tuy Phong),xã Liên Hương,✅ Toàn bộ
Lâm Đồng,Phước Thể,xã Liên Hương,✅ Toàn bộ
Lâm Đồng,Phú Lạc,xã Liên Hương,✅ Toàn bộ
Lâm Đồng,xã Phan Dũng,xã Tuy Phong,✅ Toàn bộ
Lâm Đồng,xã Phong Phú,xã Tuy Phong,⚠️ Một phần (Cần check)
Lâm Đồng,thị trấn Phan Rí Cửa,xã Phan Rí Cửa,✅ Toàn bộ
Lâm Đồng,xã Chí Công,xã Phan Rí Cửa,✅ Toàn bộ
Lâm Đồng,xã Hòa Minh,xã Phan Rí Cửa,✅ Toàn bộ
Lâm Đồng,phần còn lại của xã Phong Phú sau khi sắp xếp theo quy định tại khoản 43 Điều này,xã Phan Rí Cửa,✅ Toàn bộ
Lâm Đồng,thị trấn Chợ Lầu,xã Bắc Bình,✅ Toàn bộ
Lâm Đồng,xã Phan Hòa,xã Bắc Bình,✅ Toàn bộ
Lâm Đồng,Phan Hiệp,xã Bắc Bình,✅ Toàn bộ
Lâm Đồng,Phan Rí Thành,xã Bắc Bình,✅ Toàn bộ
Lâm Đồng,xã Phan Thanh,xã Hồng Thái,✅ Toàn bộ
Lâm Đồng,xã Hồng Thái,xã Hồng Thái,✅ Toàn bộ
Lâm Đồng,xã Hòa Thắng,xã Hồng Thái,⚠️ Một phần (Cần check)
Lâm Đồng,xã Bình An,xã Hải Ninh,✅ Toàn bộ
Lâm Đồng,Phan Điền,xã Hải Ninh,✅ Toàn bộ
Lâm Đồng,Hải Ninh,xã Hải Ninh,✅ Toàn bộ
Lâm Đồng,xã Phan Lâm,xã Phan Sơn,✅ Toàn bộ
Lâm Đồng,xã Phan Sơn,xã Phan Sơn,✅ Toàn bộ
Lâm Đồng,xã Phan Tiến,xã Sông Lũy,✅ Toàn bộ
Lâm Đồng,Bình Tân,xã Sông Lũy,✅ Toàn bộ
Lâm Đồng,Sông Lũy,xã Sông Lũy,✅ Toàn bộ
Lâm Đồng,thị trấn Lương Sơn,xã Lương Sơn,✅ Toàn bộ
Lâm Đồng,xã Sông Bình,xã Lương Sơn,✅ Toàn bộ
Lâm Đồng,xã Hồng Phong,xã Hòa Thắng,✅ Toàn bộ
Lâm Đồng,phần còn lại của xã Hòa Thắng sau khi sắp xếp theo quy định tại khoản 46 Điều này,xã Hòa Thắng,✅ Toàn bộ
Lâm Đồng,xã Đông Tiến,xã Đông Giang,✅ Toàn bộ
Lâm Đồng,xã Đông Giang,xã Đông Giang,✅ Toàn bộ
Lâm Đồng,xã Đa Mi,xã La Dạ,✅ Toàn bộ
Lâm Đồng,xã La Dạ,xã La Dạ,✅ Toàn bộ
Lâm Đồng,xã Thuận Hòa,xã Hàm Thuận Bắc,✅ Toàn bộ
Lâm Đồng,Hàm Trí,xã Hàm Thuận Bắc,✅ Toàn bộ
Lâm Đồng,Hàm Phú,xã Hàm Thuận Bắc,✅ Toàn bộ
Lâm Đồng,thị trấn Ma Lâm,xã Hàm Thuận,✅ Toàn bộ
Lâm Đồng,xã Thuận Minh và xã Hàm Đức,xã Hàm Thuận,✅ Toàn bộ
Lâm Đồng,xã Hồng Liêm,xã Hồng Sơn,✅ Toàn bộ
Lâm Đồng,xã Hồng Sơn,xã Hồng Sơn,✅ Toàn bộ
Lâm Đồng,xã Hàm Chính,xã Hàm Liêm,✅ Toàn bộ
Lâm Đồng,xã Hàm Liêm,xã Hàm Liêm,✅ Toàn bộ
Lâm Đồng,xã Tiến Lợi,xã Tuyên Quang,✅ Toàn bộ
Lâm Đồng,xã Hàm Mỹ,xã Tuyên Quang,✅ Toàn bộ
Lâm Đồng,xã Mỹ Thạnh,xã Hàm Thạnh,✅ Toàn bộ
Lâm Đồng,Hàm Cần,xã Hàm Thạnh,✅ Toàn bộ
Lâm Đồng,Hàm Thạnh,xã Hàm Thạnh,✅ Toàn bộ
Lâm Đồng,xã Mương Mán,xã Hàm Kiệm,✅ Toàn bộ
Lâm Đồng,Hàm Cường,xã Hàm Kiệm,✅ Toàn bộ
Lâm Đồng,Hàm Kiệm,xã Hàm Kiệm,✅ Toàn bộ
Lâm Đồng,xã Tân Thành (huyện Hàm Thuận Nam),xã Tân Thành,✅ Toàn bộ
Lâm Đồng,Thuận Quý và Tân Thuận,xã Tân Thành,✅ Toàn bộ
Lâm Đồng,thị trấn Thuận Nam,xã Hàm Thuận Nam,✅ Toàn bộ
Lâm Đồng,xã Hàm Minh,xã Hàm Thuận Nam,✅ Toàn bộ
Lâm Đồng,xã Sông Phan,xã Tân Lập,✅ Toàn bộ
Lâm Đồng,xã Tân Lập,xã Tân Lập,✅ Toàn bộ
Lâm Đồng,thị trấn Tân Minh,xã Tân Minh,✅ Toàn bộ
Lâm Đồng,xã Tân Đức và xã Tân Phúc,xã Tân Minh,✅ Toàn bộ
Lâm Đồng,xã Tân Hà (huyện Hàm Tân),xã Hàm Tân,✅ Toàn bộ
Lâm Đồng,xã Tân Xuân và thị trấn Tân Nghĩa,xã Hàm Tân,✅ Toàn bộ
Lâm Đồng,xã Tân Thắng,xã Sơn Mỹ,✅ Toàn bộ
Lâm Đồng,Thắng Hải,xã Sơn Mỹ,✅ Toàn bộ
Lâm Đồng,Sơn Mỹ,xã Sơn Mỹ,✅ Toàn bộ
Lâm Đồng,xã Tân Tiến,xã Tân Hải,✅ Toàn bộ
Lâm Đồng,xã Tân Hải,xã Tân Hải,✅ Toàn bộ
Lâm Đồng,xã Đức Phú,xã Nghị Đức,✅ Toàn bộ
Lâm Đồng,xã Nghị Đức,xã Nghị Đức,✅ Toàn bộ
Lâm Đồng,xã Măng Tố,xã Bắc Ruộng,✅ Toàn bộ
Lâm Đồng,xã Bắc Ruộng,xã Bắc Ruộng,✅ Toàn bộ
Lâm Đồng,xã Huy Khiêm,xã Đồng Kho,✅ Toàn bộ
Lâm Đồng,La Ngâu,xã Đồng Kho,✅ Toàn bộ
Lâm Đồng,Đức Bình,xã Đồng Kho,✅ Toàn bộ
Lâm Đồng,Đồng Kho,xã Đồng Kho,✅ Toàn bộ
Lâm Đồng,thị trấn Lạc Tánh,xã Tánh Linh,✅ Toàn bộ
Lâm Đồng,xã Gia An và xã Đức Thuận,xã Tánh Linh,✅ Toàn bộ
Lâm Đồng,xã Gia Huynh,xã Suối Kiết,✅ Toàn bộ
Lâm Đồng,xã Suối Kiết,xã Suối Kiết,✅ Toàn bộ
Lâm Đồng,xã Mê Pu,xã Nam Thành,✅ Toàn bộ
Lâm Đồng,Sùng Nhơn,xã Nam Thành,✅ Toàn bộ
Lâm Đồng,Đa Kai,xã Nam Thành,✅ Toàn bộ
Lâm Đồng,thị trấn Võ Xu,xã Đức Linh,✅ Toàn bộ
Lâm Đồng,xã Nam Chính và xã Vũ Hòa,xã Đức Linh,✅ Toàn bộ
Lâm Đồng,thị trấn Đức Tài,xã Hoài Đức,✅ Toàn bộ
Lâm Đồng,xã Đức Tín và xã Đức Hạnh,xã Hoài Đức,✅ Toàn bộ
Lâm Đồng,xã Tân Hà (huyện Đức Linh),xã Trà Tân,✅ Toàn bộ
Lâm Đồng,Đông Hà,xã Trà Tân,✅ Toàn bộ
Lâm Đồng,Trà Tân,xã Trà Tân,✅ Toàn bộ
Lâm Đồng,xã Ea Pô,xã Đắk Wil,✅ Toàn bộ
Lâm Đồng,xã Đắk Wil,xã Đắk Wil,✅ Toàn bộ
Lâm Đồng,xã Đắk D’rông,xã Nam Dong,✅ Toàn bộ
Lâm Đồng,xã Nam Dong,xã Nam Dong,✅ Toàn bộ
Lâm Đồng,thị trấn Ea T’ling,xã Cư Jút,✅ Toàn bộ
Lâm Đồng,xã Trúc Sơn,xã Cư Jút,✅ Toàn bộ
Lâm Đồng,Tâm Thắng,xã Cư Jút,✅ Toàn bộ
Lâm Đồng,Cư K’nia,xã Cư Jút,✅ Toàn bộ
Lâm Đồng,xã Đắk Lao,xã Thuận An,✅ Toàn bộ
Lâm Đồng,xã Thuận An,xã Thuận An,✅ Toàn bộ
Lâm Đồng,thị trấn Đắk Mil,xã Đức Lập,✅ Toàn bộ
Lâm Đồng,xã Đức Mạnh và xã Đức Minh,xã Đức Lập,✅ Toàn bộ
Lâm Đồng,xã Đắk Gằn,xã Đắk Mil,✅ Toàn bộ
Lâm Đồng,Đắk N’Drót,xã Đắk Mil,✅ Toàn bộ
Lâm Đồng,Đắk R’La,xã Đắk Mil,✅ Toàn bộ
Lâm Đồng,xã Nam Xuân,xã Đắk Sắk,✅ Toàn bộ
Lâm Đồng,Long Sơn,xã Đắk Sắk,✅ Toàn bộ
Lâm Đồng,Đắk Sắk,xã Đắk Sắk,✅ Toàn bộ
Lâm Đồng,xã Buôn Choáh,xã Nam Đà,✅ Toàn bộ
Lâm Đồng,Đắk Sôr,xã Nam Đà,✅ Toàn bộ
Lâm Đồng,Nam Đà,xã Nam Đà,✅ Toàn bộ
Lâm Đồng,xã Tân Thành (huyện Krông Nô),xã Krông Nô,✅ Toàn bộ
Lâm Đồng,xã Đắk Drô và thị trấn Đắk Mâm,xã Krông Nô,✅ Toàn bộ
Lâm Đồng,xã Nâm N’Đir,xã Nâm Nung,✅ Toàn bộ
Lâm Đồng,xã Nâm Nung,xã Nâm Nung,✅ Toàn bộ
Lâm Đồng,xã Đức Xuyên,xã Quảng Phú,✅ Toàn bộ
Lâm Đồng,Đắk Nang,xã Quảng Phú,✅ Toàn bộ
Lâm Đồng,Quảng Phú,xã Quảng Phú,✅ Toàn bộ
Lâm Đồng,xã Đắk Môl,xã Đắk Song,✅ Toàn bộ
Lâm Đồng,xã Đắk Hòa,xã Đắk Song,✅ Toàn bộ
Lâm Đồng,thị trấn Đức An,xã Đức An,✅ Toàn bộ
Lâm Đồng,xã Đắk N’Drung và xã Nam Bình,xã Đức An,✅ Toàn bộ
Lâm Đồng,xã Thuận Hà,xã Thuận Hạnh,✅ Toàn bộ
Lâm Đồng,xã Thuận Hạnh,xã Thuận Hạnh,✅ Toàn bộ
Lâm Đồng,xã Nâm N’Jang,xã Trường Xuân,✅ Toàn bộ
Lâm Đồng,xã Trường Xuân,xã Trường Xuân,✅ Toàn bộ
Lâm Đồng,xã Đắk Som,xã Tà Đùng,✅ Toàn bộ
Lâm Đồng,xã Đắk R’Măng,xã Tà Đùng,✅ Toàn bộ
Lâm Đồng,xã Đắk Plao,xã Quảng Khê,✅ Toàn bộ
Lâm Đồng,xã Quảng Khê,xã Quảng Khê,✅ Toàn bộ
Lâm Đồng,xã Đắk Ngo,xã Quảng Tân,✅ Toàn bộ
Lâm Đồng,xã Quảng Tân,xã Quảng Tân,✅ Toàn bộ
Lâm Đồng,xã Quảng Tâm,xã Tuy Đức,✅ Toàn bộ
Lâm Đồng,Đắk R’Tíh,xã Tuy Đức,✅ Toàn bộ
Lâm Đồng,Đắk Búk So,xã Tuy Đức,✅ Toàn bộ
Lâm Đồng,thị trấn Kiến Đức,xã Kiến Đức,✅ Toàn bộ
Lâm Đồng,xã Đạo Nghĩa,xã Kiến Đức,✅ Toàn bộ
Lâm Đồng,Nghĩa Thắng,xã Kiến Đức,✅ Toàn bộ
Lâm Đồng,Kiến Thành,xã Kiến Đức,✅ Toàn bộ
Lâm Đồng,xã Nhân Đạo,xã Nhân Cơ,✅ Toàn bộ
Lâm Đồng,Đắk Wer,xã Nhân Cơ,✅ Toàn bộ
Lâm Đồng,Nhân Cơ,xã Nhân Cơ,✅ Toàn bộ
Lâm Đồng,xã Đắk Sin,xã Quảng Tín,✅ Toàn bộ
Lâm Đồng,Hưng Bình,xã Quảng Tín,✅ Toàn bộ
Lâm Đồng,Đắk Ru,xã Quảng Tín,✅ Toàn bộ
Lâm Đồng,Quảng Tín,xã Quảng Tín,✅ Toàn bộ
Lâm Đồng,Phường 1 và Phường 2 (thành phố Đà Lạt),phường Xuân Hương - Đà Lạt,✅ Toàn bộ
Lâm Đồng,Phường 3,phường Xuân Hương - Đà Lạt,✅ Toàn bộ
Lâm Đồng,Phường 4,phường Xuân Hương - Đà Lạt,✅ Toàn bộ
Lâm Đồng,Phường 10,phường Xuân Hương - Đà Lạt,✅ Toàn bộ
Lâm Đồng,Phường 5,phường Cam Ly - Đà Lạt,✅ Toàn bộ
Lâm Đồng,Phường 6,phường Cam Ly - Đà Lạt,✅ Toàn bộ
Lâm Đồng,xã Tà Nung,phường Cam Ly - Đà Lạt,✅ Toàn bộ
Lâm Đồng,Phường 8,phường Lâm Viên - Đà Lạt,✅ Toàn bộ
Lâm Đồng,Phường 9,phường Lâm Viên - Đà Lạt,✅ Toàn bộ
Lâm Đồng,Phường 12,phường Lâm Viên - Đà Lạt,✅ Toàn bộ
Lâm Đồng,Phường 11,phường Xuân Trường - Đà Lạt,✅ Toàn bộ
Lâm Đồng,xã Xuân Thọ,phường Xuân Trường - Đà Lạt,✅ Toàn bộ
Lâm Đồng,Xuân Trường,phường Xuân Trường - Đà Lạt,✅ Toàn bộ
Lâm Đồng,Trạm Hành,phường Xuân Trường - Đà Lạt,✅ Toàn bộ
Lâm Đồng,Phường 7,phường Lang Biang - Đà Lạt,✅ Toàn bộ
Lâm Đồng,thị trấn Lạc Dương,phường Lang Biang - Đà Lạt,✅ Toàn bộ
Lâm Đồng,xã Lát,phường Lang Biang - Đà Lạt,✅ Toàn bộ
Lâm Đồng,Phường 1 (thành phố Bảo Lộc),Phường 1 Bảo Lộc,✅ Toàn bộ
Lâm Đồng,phường Lộc Phát,Phường 1 Bảo Lộc,✅ Toàn bộ
Lâm Đồng,xã Lộc Thanh,Phường 1 Bảo Lộc,✅ Toàn bộ
Lâm Đồng,Phường 2 (thành phố Bảo Lộc),Phường 2 Bảo Lộc,✅ Toàn bộ
Lâm Đồng,xã Lộc Tân và xã ĐamBri,Phường 2 Bảo Lộc,✅ Toàn bộ
Lâm Đồng,phường Lộc Tiến,Phường 3 Bảo Lộc,✅ Toàn bộ
Lâm Đồng,xã Lộc Châu và xã Đại Lào,Phường 3 Bảo Lộc,✅ Toàn bộ
Lâm Đồng,phường Lộc Sơn,phường B’Lao,✅ Toàn bộ
Lâm Đồng,phường B’Lao,phường B’Lao,✅ Toàn bộ
Lâm Đồng,xã Lộc Nga,phường B’Lao,✅ Toàn bộ
Lâm Đồng,phường Xuân An,phường Hàm Thắng,✅ Toàn bộ
Lâm Đồng,thị trấn Phú Long,phường Hàm Thắng,✅ Toàn bộ
Lâm Đồng,xã Hàm Thắng,phường Hàm Thắng,✅ Toàn bộ
Lâm Đồng,phường Phú Tài,phường Bình Thuận,✅ Toàn bộ
Lâm Đồng,xã Phong Nẫm,phường Bình Thuận,✅ Toàn bộ
Lâm Đồng,xã Hàm Hiệp,phường Bình Thuận,✅ Toàn bộ
Lâm Đồng,phường Hàm Tiến,phường Mũi Né,✅ Toàn bộ
Lâm Đồng,phường Mũi Né,phường Mũi Né,✅ Toàn bộ
Lâm Đồng,xã Thiện Nghiệp,phường Mũi Né,✅ Toàn bộ
Lâm Đồng,phường Thanh Hải,phường Phú Thủy,✅ Toàn bộ
Lâm Đồng,Phú Hài,phường Phú Thủy,✅ Toàn bộ
Lâm Đồng,Phú Thủy,phường Phú Thủy,✅ Toàn bộ
Lâm Đồng,phường Phú Trinh,phường Phan Thiết,✅ Toàn bộ
Lâm Đồng,Lạc Đạo,phường Phan Thiết,✅ Toàn bộ
Lâm Đồng,Bình Hưng,phường Phan Thiết,✅ Toàn bộ
Lâm Đồng,phường Đức Long,phường Tiến Thành,✅ Toàn bộ
Lâm Đồng,xã Tiến Thành,phường Tiến Thành,✅ Toàn bộ
Lâm Đồng,phường Tân An,phường La Gi,✅ Toàn bộ
Lâm Đồng,Bình Tân,phường La Gi,✅ Toàn bộ
Lâm Đồng,Tân Thiện,phường La Gi,✅ Toàn bộ
Lâm Đồng,xã Tân Bình,phường La Gi,✅ Toàn bộ
Lâm Đồng,phường Phước Lộc,phường Phước Hội,✅ Toàn bộ
Lâm Đồng,phường Phước Hội,phường Phước Hội,✅ Toàn bộ
Lâm Đồng,xã Tân Phước,phường Phước Hội,✅ Toàn bộ
Lâm Đồng,phường Quảng Thành,phường Bắc Gia Nghĩa,✅ Toàn bộ
Lâm Đồng,Nghĩa Thành,phường Bắc Gia Nghĩa,✅ Toàn bộ
Lâm Đồng,Nghĩa Đức,phường Bắc Gia Nghĩa,✅ Toàn bộ
Lâm Đồng,xã Đắk Ha,phường Bắc Gia Nghĩa,✅ Toàn bộ
Lâm Đồng,phường Nghĩa Phú,phường Nam Gia Nghĩa,✅ Toàn bộ
Lâm Đồng,phường Nghĩa Tân,phường Nam Gia Nghĩa,✅ Toàn bộ
Lâm Đồng,xã Đắk R’Moan,phường Nam Gia Nghĩa,✅ Toàn bộ
Lâm Đồng,phường Nghĩa Trung,phường Đông Gia Nghĩa,✅ Toàn bộ
Lâm Đồng,xã Đắk Nia,phường Đông Gia Nghĩa,✅ Toàn bộ
Thái Nguyên,xã Thịnh Đức,xã Tân Cương,✅ Toàn bộ
Thái Nguyên,Bình Sơn,xã Tân Cương,✅ Toàn bộ
Thái Nguyên,Tân Cương,xã Tân Cương,✅ Toàn bộ
Thái Nguyên,thị trấn Hùng Sơn và,xã Đại Phúc,✅ Toàn bộ
Thái Nguyên,xã Phúc Xuân,xã Đại Phúc,✅ Toàn bộ
Thái Nguyên,Phúc Trìu,xã Đại Phúc,✅ Toàn bộ
Thái Nguyên,Tân Thái,xã Đại Phúc,✅ Toàn bộ
Thái Nguyên,Phúc Tân,xã Đại Phúc,✅ Toàn bộ
Thái Nguyên,xã Vạn Phái,xã Thành Công,✅ Toàn bộ
Thái Nguyên,xã Thành Công,xã Thành Công,✅ Toàn bộ
Thái Nguyên,thị trấn Chợ Chuvà,xã Định Hóa,✅ Toàn bộ
Thái Nguyên,xã Phúc Chu,xã Định Hóa,✅ Toàn bộ
Thái Nguyên,Bảo Linh,xã Định Hóa,✅ Toàn bộ
Thái Nguyên,Đồng Thịnh,xã Định Hóa,✅ Toàn bộ
Thái Nguyên,xã Trung Lương,xã Bình Yên,✅ Toàn bộ
Thái Nguyên,Định Biên,xã Bình Yên,✅ Toàn bộ
Thái Nguyên,Thanh Định,xã Bình Yên,✅ Toàn bộ
Thái Nguyên,Bình Yên,xã Bình Yên,✅ Toàn bộ
Thái Nguyên,xã Phú Tiến,xã Trung Hội,✅ Toàn bộ
Thái Nguyên,Bộc Nhiêu,xã Trung Hội,✅ Toàn bộ
Thái Nguyên,Trung Hội,xã Trung Hội,✅ Toàn bộ
Thái Nguyên,xã Tân Dương,xã Phượng Tiến,✅ Toàn bộ
Thái Nguyên,Tân Thịnh,xã Phượng Tiến,✅ Toàn bộ
Thái Nguyên,Phượng Tiến,xã Phượng Tiến,✅ Toàn bộ
Thái Nguyên,xã Điềm Mặc,xã Phú Đình,✅ Toàn bộ
Thái Nguyên,xã Phú Đình,xã Phú Đình,✅ Toàn bộ
Thái Nguyên,xã Sơn Phú,xãBình Thành,✅ Toàn bộ
Thái Nguyên,xã Bình Thành,xãBình Thành,✅ Toàn bộ
Thái Nguyên,xã Quy Kỳ,xã Kim Phượng,✅ Toàn bộ
Thái Nguyên,xã Kim Phượng,xã Kim Phượng,✅ Toàn bộ
Thái Nguyên,xã Linh Thông,xã Lam Vỹ,✅ Toàn bộ
Thái Nguyên,xã Lam Vỹ,xã Lam Vỹ,✅ Toàn bộ
Thái Nguyên,thị trấn Đình Cả,xã Võ Nhai,✅ Toàn bộ
Thái Nguyên,xã Phú Thượng,xã Võ Nhai,✅ Toàn bộ
Thái Nguyên,xã Lâu Thượng,xã Võ Nhai,✅ Toàn bộ
Thái Nguyên,xã Bình Long,xã Dân Tiến,✅ Toàn bộ
Thái Nguyên,Phương Giao,xã Dân Tiến,✅ Toàn bộ
Thái Nguyên,Dân Tiến,xã Dân Tiến,✅ Toàn bộ
Thái Nguyên,xã Vũ Chấn,xã Nghinh Tường,✅ Toàn bộ
Thái Nguyên,xã Nghinh Tường,xã Nghinh Tường,✅ Toàn bộ
Thái Nguyên,xã Thượng Nung,xã Thần Sa,✅ Toàn bộ
Thái Nguyên,xã Thần Xa,xã Thần Sa,✅ Toàn bộ
Thái Nguyên,xã Cúc Đường,xã La Hiên,✅ Toàn bộ
Thái Nguyên,xã La Hiên,xã La Hiên,✅ Toàn bộ
Thái Nguyên,xã Liên Minh,xã Tràng Xá,✅ Toàn bộ
Thái Nguyên,xã Tràng Xá,xã Tràng Xá,✅ Toàn bộ
Thái Nguyên,thị trấn Đu,xã Phú Lương,✅ Toàn bộ
Thái Nguyên,thị trấn Giang Tiên,xã Phú Lương,✅ Toàn bộ
Thái Nguyên,xã Yên Lạc,xã Phú Lương,✅ Toàn bộ
Thái Nguyên,xã Động Đạt,xã Phú Lương,✅ Toàn bộ
Thái Nguyên,xã Tức Tranh,xã Vô Tranh,✅ Toàn bộ
Thái Nguyên,Cổ Lũng,xã Vô Tranh,✅ Toàn bộ
Thái Nguyên,Phú Đô,xã Vô Tranh,✅ Toàn bộ
Thái Nguyên,Vô Tranh,xã Vô Tranh,✅ Toàn bộ
Thái Nguyên,xã Yên Ninh,xã Yên Trạch,✅ Toàn bộ
Thái Nguyên,Yên Đổ,xã Yên Trạch,✅ Toàn bộ
Thái Nguyên,Yên Trạch,xã Yên Trạch,✅ Toàn bộ
Thái Nguyên,xã Ôn Lương,xã Hợp Thành,✅ Toàn bộ
Thái Nguyên,Phủ Lý,xã Hợp Thành,✅ Toàn bộ
Thái Nguyên,Hợp Thành,xã Hợp Thành,✅ Toàn bộ
Thái Nguyên,thị trấn Hóa Thượng,xã Đồng Hỷ,✅ Toàn bộ
Thái Nguyên,thị trấn Sông Cầu,xã Đồng Hỷ,✅ Toàn bộ
Thái Nguyên,xã Minh Lập,xã Đồng Hỷ,✅ Toàn bộ
Thái Nguyên,xã Hóa Trung,xã Đồng Hỷ,✅ Toàn bộ
Thái Nguyên,xã Tân Long,xã Quang Sơn,✅ Toàn bộ
Thái Nguyên,xã Quang Sơn,xã Quang Sơn,✅ Toàn bộ
Thái Nguyên,thị trấn Trại Cau,xã Trại Cau,✅ Toàn bộ
Thái Nguyên,xã Hợp Tiến,xã Trại Cau,✅ Toàn bộ
Thái Nguyên,xã Cây Thị,xã Nam Hòa,✅ Toàn bộ
Thái Nguyên,xã Nam Hòa,xã Nam Hòa,✅ Toàn bộ
Thái Nguyên,xã Khe Mo,xã Văn Hán,✅ Toàn bộ
Thái Nguyên,xã Văn Hán,xã Văn Hán,✅ Toàn bộ
Thái Nguyên,xã Hòa Bình,xã Văn Lăng,✅ Toàn bộ
Thái Nguyên,xã Văn Lăng,xã Văn Lăng,✅ Toàn bộ
Thái Nguyên,xã Bình Thuận,xã Đại Từ,✅ Toàn bộ
Thái Nguyên,Khôi Kỳ,xã Đại Từ,✅ Toàn bộ
Thái Nguyên,Mỹ Yên,xã Đại Từ,✅ Toàn bộ
Thái Nguyên,Lục Ba,xã Đại Từ,✅ Toàn bộ
Thái Nguyên,xã Minh Tiến,xã Đức Lương,✅ Toàn bộ
Thái Nguyên,Phúc Lương,xã Đức Lương,✅ Toàn bộ
Thái Nguyên,Đức Lương,xã Đức Lương,✅ Toàn bộ
Thái Nguyên,xã Bản Ngoại,xã Phú Thịnh,✅ Toàn bộ
Thái Nguyên,Phú Cường,xã Phú Thịnh,✅ Toàn bộ
Thái Nguyên,Phú Thịnh,xã Phú Thịnh,✅ Toàn bộ
Thái Nguyên,xã Hoàng Nông,xã La Bằng,✅ Toàn bộ
Thái Nguyên,Tiên Hội,xã La Bằng,✅ Toàn bộ
Thái Nguyên,La Bằng,xã La Bằng,✅ Toàn bộ
Thái Nguyên,xã Phục Linh,xã Phú Lạc,✅ Toàn bộ
Thái Nguyên,Tân Linh,xã Phú Lạc,✅ Toàn bộ
Thái Nguyên,Phú Lạc,xã Phú Lạc,✅ Toàn bộ
Thái Nguyên,xã Cù Vân,xã An Khánh,✅ Toàn bộ
Thái Nguyên,Hà Thượng,xã An Khánh,✅ Toàn bộ
Thái Nguyên,An Khánh,xã An Khánh,✅ Toàn bộ
Thái Nguyên,thị trấn Quân Chu,xã Quân Chu,✅ Toàn bộ
Thái Nguyên,xã Cát Nê,xã Quân Chu,✅ Toàn bộ
Thái Nguyên,xã Văn Yên,xã Vạn Phú,✅ Toàn bộ
Thái Nguyên,xã Vạn Phú,xã Vạn Phú,✅ Toàn bộ
Thái Nguyên,xã Yên Lãng,xã Phú Xuyên,✅ Toàn bộ
Thái Nguyên,xã Phú Xuyên,xã Phú Xuyên,✅ Toàn bộ
Thái Nguyên,thị trấn Hương Sơn,xã Phú Bình,✅ Toàn bộ
Thái Nguyên,xã Xuân Phương,xã Phú Bình,✅ Toàn bộ
Thái Nguyên,Úc Kỳ,xã Phú Bình,✅ Toàn bộ
Thái Nguyên,Nhã Lộng,xã Phú Bình,✅ Toàn bộ
Thái Nguyên,Bảo Lý,xã Phú Bình,✅ Toàn bộ
Thái Nguyên,xã Thượng Đình,xã Phú Bình,⚠️ Một phần (Cần check)
Thái Nguyên,xã Tân Hòa,xã Tân Thành,✅ Toàn bộ
Thái Nguyên,Tân Kim,xã Tân Thành,✅ Toàn bộ
Thái Nguyên,Tân Thành,xã Tân Thành,✅ Toàn bộ
Thái Nguyên,xã Lương Phú,xã Kha Sơn,✅ Toàn bộ
Thái Nguyên,Tân Đức,xã Kha Sơn,✅ Toàn bộ
Thái Nguyên,Thanh Ninh,xã Kha Sơn,✅ Toàn bộ
Thái Nguyên,Dương Thành,xã Kha Sơn,✅ Toàn bộ
Thái Nguyên,Kha Sơn,xã Kha Sơn,✅ Toàn bộ
Thái Nguyên,xã Bàn Đạt,xã Tân Khánh,✅ Toàn bộ
Thái Nguyên,Đào Xá,xã Tân Khánh,✅ Toàn bộ
Thái Nguyên,Tân Khánh,xã Tân Khánh,✅ Toàn bộ
Thái Nguyên,xã Bộc Bố,xã Bằng Thành,✅ Toàn bộ
Thái Nguyên,Nhạn Môn,xã Bằng Thành,✅ Toàn bộ
Thái Nguyên,Giáo Hiệu,xã Bằng Thành,✅ Toàn bộ
Thái Nguyên,Bằng Thành,xã Bằng Thành,✅ Toàn bộ
Thái Nguyên,xã Xuân La,xã Nghiên Loan,✅ Toàn bộ
Thái Nguyên,An Thắng,xã Nghiên Loan,✅ Toàn bộ
Thái Nguyên,Nghiên Loan,xã Nghiên Loan,✅ Toàn bộ
Thái Nguyên,xã Công Bằng,xã Cao Minh,✅ Toàn bộ
Thái Nguyên,Cổ Linh,xã Cao Minh,✅ Toàn bộ
Thái Nguyên,Cao Tân,xã Cao Minh,✅ Toàn bộ
Thái Nguyên,xã Cao Thượng,xã Ba Bể,✅ Toàn bộ
Thái Nguyên,Nam Mẫu,xã Ba Bể,✅ Toàn bộ
Thái Nguyên,Khang Ninh,xã Ba Bể,✅ Toàn bộ
Thái Nguyên,thị trấn Chợ Rã,xã Chợ Rã,✅ Toàn bộ
Thái Nguyên,xã Thượng Giáo,xã Chợ Rã,✅ Toàn bộ
Thái Nguyên,xã Địa Linh,xã Chợ Rã,✅ Toàn bộ
Thái Nguyên,xã Bành Trạch,xã Phúc Lộc,✅ Toàn bộ
Thái Nguyên,Hà Hiệu,xã Phúc Lộc,✅ Toàn bộ
Thái Nguyên,Phúc Lộc,xã Phúc Lộc,✅ Toàn bộ
Thái Nguyên,xã Yến Dương,xã Thượng Minh,✅ Toàn bộ
Thái Nguyên,Chu Hương,xã Thượng Minh,✅ Toàn bộ
Thái Nguyên,Mỹ Phương,xã Thượng Minh,✅ Toàn bộ
Thái Nguyên,xã Quảng Khê,xã Đồng Phúc,✅ Toàn bộ
Thái Nguyên,Hoàng Trĩ,xã Đồng Phúc,✅ Toàn bộ
Thái Nguyên,Bằng Phúc,xã Đồng Phúc,✅ Toàn bộ
Thái Nguyên,Đồng Phúc,xã Đồng Phúc,✅ Toàn bộ
Thái Nguyên,xã Thượng Ân,xã Bằng Vân,✅ Toàn bộ
Thái Nguyên,xã Bằng Vân,xã Bằng Vân,✅ Toàn bộ
Thái Nguyên,thị trấn Vân Tùng,xã Ngân Sơn,✅ Toàn bộ
Thái Nguyên,xã Cốc Đán,xã Ngân Sơn,✅ Toàn bộ
Thái Nguyên,xã Đức Vân,xã Ngân Sơn,✅ Toàn bộ
Thái Nguyên,thị trấn Nà Phặc vàxã Trung Hòa,xã Nà Phặc,✅ Toàn bộ
Thái Nguyên,xã Thuần Mang,xã Hiệp Lực,✅ Toàn bộ
Thái Nguyên,xã Hiệp Lực,xã Hiệp Lực,✅ Toàn bộ
Thái Nguyên,xã Xuân Lạc,xã Nam Cường,✅ Toàn bộ
Thái Nguyên,Đồng Lạc,xã Nam Cường,✅ Toàn bộ
Thái Nguyên,Nam Cường,xã Nam Cường,✅ Toàn bộ
Thái Nguyên,xã Tân Lập,xã Quảng Bạch,✅ Toàn bộ
Thái Nguyên,xã Quảng Bạch,xã Quảng Bạch,✅ Toàn bộ
Thái Nguyên,xã Bản Thi,xã Yên Thịnh,✅ Toàn bộ
Thái Nguyên,Yên Thượng,xã Yên Thịnh,✅ Toàn bộ
Thái Nguyên,Yên Thịnh,xã Yên Thịnh,✅ Toàn bộ
Thái Nguyên,thị trấn Bằng Lũng,xã Chợ Đồn,✅ Toàn bộ
Thái Nguyên,xã Ngọc Phái,xã Chợ Đồn,✅ Toàn bộ
Thái Nguyên,Phương Viên,xã Chợ Đồn,✅ Toàn bộ
Thái Nguyên,Bằng Lãng,xã Chợ Đồn,✅ Toàn bộ
Thái Nguyên,xã Đại Sảo,xã Yên Phong,✅ Toàn bộ
Thái Nguyên,Yên Mỹ,xã Yên Phong,✅ Toàn bộ
Thái Nguyên,Yên Phong,xã Yên Phong,✅ Toàn bộ
Thái Nguyên,xã Lương Bằng,xã Nghĩa Tá,✅ Toàn bộ
Thái Nguyên,Bình Trung,xã Nghĩa Tá,✅ Toàn bộ
Thái Nguyên,Nghĩa Tá,xã Nghĩa Tá,✅ Toàn bộ
Thái Nguyên,thị trấn Phủ Thông,xã Phủ Thông,✅ Toàn bộ
Thái Nguyên,xã Vi Hương,xã Phủ Thông,✅ Toàn bộ
Thái Nguyên,Tân Tú,xã Phủ Thông,✅ Toàn bộ
Thái Nguyên,Lục Bình,xã Phủ Thông,✅ Toàn bộ
Thái Nguyên,xã Quân Hà,xã Cẩm Giàng,✅ Toàn bộ
Thái Nguyên,Nguyên Phúc,xã Cẩm Giàng,✅ Toàn bộ
Thái Nguyên,Mỹ Thanh,xã Cẩm Giàng,✅ Toàn bộ
Thái Nguyên,Cẩm Giàng,xã Cẩm Giàng,✅ Toàn bộ
Thái Nguyên,xã Sỹ Bình,xã Vĩnh Thông,✅ Toàn bộ
Thái Nguyên,Vũ Muộn,xã Vĩnh Thông,✅ Toàn bộ
Thái Nguyên,Cao Sơn,xã Vĩnh Thông,✅ Toàn bộ
Thái Nguyên,xã Đồng Thắng,xã Bạch Thông,✅ Toàn bộ
Thái Nguyên,Dương Phong,xã Bạch Thông,✅ Toàn bộ
Thái Nguyên,Quang Thuận,xã Bạch Thông,✅ Toàn bộ
Thái Nguyên,xã Dương Quang,xã Phong Quang,✅ Toàn bộ
Thái Nguyên,xã Đôn Phong,xã Phong Quang,✅ Toàn bộ
Thái Nguyên,xã Kim Hỷ,xã Văn Lang,✅ Toàn bộ
Thái Nguyên,Lương Thượng,xã Văn Lang,✅ Toàn bộ
Thái Nguyên,Văn Lang,xã Văn Lang,✅ Toàn bộ
Thái Nguyên,xã Văn Vũ,xã Cường Lợi,✅ Toàn bộ
Thái Nguyên,xã Cường Lợi,xã Cường Lợi,✅ Toàn bộ
Thái Nguyên,thị trấn Yến Lạc,xã Na Rì,✅ Toàn bộ
Thái Nguyên,xã Sơn Thành,xã Na Rì,✅ Toàn bộ
Thái Nguyên,xã Kim Lư,xã Na Rì,✅ Toàn bộ
Thái Nguyên,xã Văn Minh,xã Trần Phú,✅ Toàn bộ
Thái Nguyên,Cư Lễ,xã Trần Phú,✅ Toàn bộ
Thái Nguyên,Trần Phú,xã Trần Phú,✅ Toàn bộ
Thái Nguyên,xã Đổng Xá,xã Xuân Dương,✅ Toàn bộ
Thái Nguyên,Liêm Thủy,xã Xuân Dương,✅ Toàn bộ
Thái Nguyên,Xuân Dương,xã Xuân Dương,✅ Toàn bộ
Thái Nguyên,xã Tân Sơn,xã Tân Kỳ,✅ Toàn bộ
Thái Nguyên,Cao Kỳ,xã Tân Kỳ,✅ Toàn bộ
Thái Nguyên,Hòa Mục,xã Tân Kỳ,✅ Toàn bộ
Thái Nguyên,xã Thanh Vận,xã Thanh Mai,✅ Toàn bộ
Thái Nguyên,Mai Lạp,xã Thanh Mai,✅ Toàn bộ
Thái Nguyên,Thanh Mai,xã Thanh Mai,✅ Toàn bộ
Thái Nguyên,xã Nông Hạ,xã Thanh Thịnh,✅ Toàn bộ
Thái Nguyên,xã Thanh Thịnh,xã Thanh Thịnh,✅ Toàn bộ
Thái Nguyên,xã Yên Cư,xã Yên Bình,✅ Toàn bộ
Thái Nguyên,Bình Văn,xã Yên Bình,✅ Toàn bộ
Thái Nguyên,Yên Hân,xã Yên Bình,✅ Toàn bộ
Thái Nguyên,phường Trưng Vương,phường Phan Đình Phùng,✅ Toàn bộ
Thái Nguyên,Túc Duyên,phường Phan Đình Phùng,✅ Toàn bộ
Thái Nguyên,Đồng Quang,phường Phan Đình Phùng,✅ Toàn bộ
Thái Nguyên,Quang Trung,phường Phan Đình Phùng,✅ Toàn bộ
Thái Nguyên,Hoàng Văn Thụ,phường Phan Đình Phùng,✅ Toàn bộ
Thái Nguyên,Tân Thịnh,phường Phan Đình Phùng,✅ Toàn bộ
Thái Nguyên,Phan Đình Phùng,phường Phan Đình Phùng,✅ Toàn bộ
Thái Nguyên,phường Trung Thành (thành phố Thái Nguyên),phường Tích Lương,✅ Toàn bộ
Thái Nguyên,Phú Xá,phường Tích Lương,✅ Toàn bộ
Thái Nguyên,Tân Thành,phường Tích Lương,✅ Toàn bộ
Thái Nguyên,Tân Lập,phường Tích Lương,✅ Toàn bộ
Thái Nguyên,Tích Lương,phường Tích Lương,✅ Toàn bộ
Thái Nguyên,phường Thịnh Đán,phường Quyết Thắng,✅ Toàn bộ
Thái Nguyên,xã Phúc Hà,phường Quyết Thắng,✅ Toàn bộ
Thái Nguyên,xã Quyết Thắng,phường Quyết Thắng,✅ Toàn bộ
Thái Nguyên,phường Tân Long,phường Quan Triều,✅ Toàn bộ
Thái Nguyên,Quang Vinh,phường Quan Triều,✅ Toàn bộ
Thái Nguyên,Quan Triều,phường Quan Triều,✅ Toàn bộ
Thái Nguyên,xã Sơn Cẩm,phường Quan Triều,✅ Toàn bộ
Thái Nguyên,phường Thắng Lợi,phường Sông Công,✅ Toàn bộ
Thái Nguyên,Phố Cò,phường Sông Công,✅ Toàn bộ
Thái Nguyên,Cải Đan,phường Sông Công,✅ Toàn bộ
Thái Nguyên,phường Ba Hàng,phường Phổ Yên,✅ Toàn bộ
Thái Nguyên,Hồng Tiến,phường Phổ Yên,✅ Toàn bộ
Thái Nguyên,Bãi Bông,phường Phổ Yên,✅ Toàn bộ
Thái Nguyên,Đắc Sơn,phường Phổ Yên,✅ Toàn bộ
Thái Nguyên,phường Nam Tiến,phường Vạn Xuân,✅ Toàn bộ
Thái Nguyên,Đồng Tiến,phường Vạn Xuân,✅ Toàn bộ
Thái Nguyên,Tân Hương,phường Vạn Xuân,✅ Toàn bộ
Thái Nguyên,Tiên Phong,phường Vạn Xuân,✅ Toàn bộ
Thái Nguyên,phường Bắc Sơn,phường Phúc Thuận,✅ Toàn bộ
Thái Nguyên,xã Minh Đức,phường Phúc Thuận,✅ Toàn bộ
Thái Nguyên,xã Phúc Thuận,phường Phúc Thuận,✅ Toàn bộ
Thái Nguyên,phường Nguyễn Thị Minh Khai,phường Đức Xuân,✅ Toàn bộ
Thái Nguyên,Huyền Tụng,phường Đức Xuân,✅ Toàn bộ
Thái Nguyên,Đức Xuân,phường Đức Xuân,✅ Toàn bộ
Thái Nguyên,phường Sông Cầu,phường Bắc Kạn,✅ Toàn bộ
Thái Nguyên,Phùng Chí Kiên,phường Bắc Kạn,✅ Toàn bộ
Thái Nguyên,Xuất Hóa,phường Bắc Kạn,✅ Toàn bộ
Thái Nguyên,xã Nông Thượng,phường Bắc Kạn,✅ Toàn bộ
Bắc Ninh,xã Yên Giả và xã Chi Lăng,xã Chi Lăng,✅ Toàn bộ
Bắc Ninh,xã Châu Phong,xã Phù Lãng,✅ Toàn bộ
Bắc Ninh,Đức Long và Phù Lãng,xã Phù Lãng,✅ Toàn bộ
Bắc Ninh,thị trấn Chờ,xã Yên Phong,✅ Toàn bộ
Bắc Ninh,xã Trung Nghĩa,xã Yên Phong,✅ Toàn bộ
Bắc Ninh,Long Châu,xã Yên Phong,✅ Toàn bộ
Bắc Ninh,Đông Tiến,xã Yên Phong,✅ Toàn bộ
Bắc Ninh,xã Yên Phụ,xã Văn Môn,✅ Toàn bộ
Bắc Ninh,Đông Thọ và Văn Môn,xã Văn Môn,✅ Toàn bộ
Bắc Ninh,xã Hòa Tiến và xã Tam Giang,xã Tam Giang,✅ Toàn bộ
Bắc Ninh,xã Dũng Liệt và xã Yên Trung,xã Yên Trung,✅ Toàn bộ
Bắc Ninh,xã Thụy Hòa,xã Tam Đa,✅ Toàn bộ
Bắc Ninh,Đông Phong và Tam Đa,xã Tam Đa,✅ Toàn bộ
Bắc Ninh,thị trấn Lim,xã Tiên Du,✅ Toàn bộ
Bắc Ninh,xã Nội Duệ và xã Phú Lâm,xã Tiên Du,✅ Toàn bộ
Bắc Ninh,xã Hiên Vân,xã Liên Bão,✅ Toàn bộ
Bắc Ninh,Việt Đoàn và Liên Bão,xã Liên Bão,✅ Toàn bộ
Bắc Ninh,xã Lạc Vệ và xã Tân Chi,xã Tân Chi,✅ Toàn bộ
Bắc Ninh,xã Tri Phương,xã Đại Đồng,✅ Toàn bộ
Bắc Ninh,Hoàn Sơn và Đại Đồng,xã Đại Đồng,✅ Toàn bộ
Bắc Ninh,xã Minh Đạo,xã Phật Tích,✅ Toàn bộ
Bắc Ninh,Cảnh Hưng và Phật Tích,xã Phật Tích,✅ Toàn bộ
Bắc Ninh,thị trấn Gia Bình,xã Gia Bình,✅ Toàn bộ
Bắc Ninh,xã Xuân Lai,xã Gia Bình,✅ Toàn bộ
Bắc Ninh,Quỳnh Phú,xã Gia Bình,✅ Toàn bộ
Bắc Ninh,Đại Bái,xã Gia Bình,✅ Toàn bộ
Bắc Ninh,thị trấn Nhân Thắng,xã Nhân Thắng,✅ Toàn bộ
Bắc Ninh,xã Thái Bảo,xã Nhân Thắng,✅ Toàn bộ
Bắc Ninh,xã Bình Dương,xã Nhân Thắng,✅ Toàn bộ
Bắc Ninh,xã Song Giang và xã Đại Lai,xã Đại Lai,✅ Toàn bộ
Bắc Ninh,xã Vạn Ninh và xã Cao Đức,xã Cao Đức,✅ Toàn bộ
Bắc Ninh,xã Giang Sơn,xã Đông Cứu,✅ Toàn bộ
Bắc Ninh,Lãng Ngâm và Đông Cứu,xã Đông Cứu,✅ Toàn bộ
Bắc Ninh,thị trấn Thứa,xã Lương Tài,✅ Toàn bộ
Bắc Ninh,xã Phú Hòa và xã Tân Lãng,xã Lương Tài,✅ Toàn bộ
Bắc Ninh,xã Bình Định,xã Lâm Thao,✅ Toàn bộ
Bắc Ninh,Quảng Phú và Lâm Thao,xã Lâm Thao,✅ Toàn bộ
Bắc Ninh,xã Phú Lương,xã Trung Chính,✅ Toàn bộ
Bắc Ninh,Quang Minh và Trung Chính,xã Trung Chính,✅ Toàn bộ
Bắc Ninh,xã An Thịnh,xã Trung Kênh,✅ Toàn bộ
Bắc Ninh,An Tập và Trung Kênh,xã Trung Kênh,✅ Toàn bộ
Bắc Ninh,xã Giáo Liêm,xã Đại Sơn,✅ Toàn bộ
Bắc Ninh,Phúc Sơn,xã Đại Sơn,✅ Toàn bộ
Bắc Ninh,Đại Sơn,xã Đại Sơn,✅ Toàn bộ
Bắc Ninh,thị trấn An Châu,xã Sơn Động,✅ Toàn bộ
Bắc Ninh,xã An Bá và xã Vĩnh An,xã Sơn Động,✅ Toàn bộ
Bắc Ninh,thị trấn Tây Yên Tử,xã Tây Yên Tử,✅ Toàn bộ
Bắc Ninh,xã Thanh Luận,xã Tây Yên Tử,✅ Toàn bộ
Bắc Ninh,xã Long Sơn,xã Dương Hưu,✅ Toàn bộ
Bắc Ninh,xã Dương Hưu,xã Dương Hưu,✅ Toàn bộ
Bắc Ninh,xã Cẩm Đàn,xã Yên Định,✅ Toàn bộ
Bắc Ninh,xã Yên Định,xã Yên Định,✅ Toàn bộ
Bắc Ninh,xã Lệ Viễn,xã An Lạc,✅ Toàn bộ
Bắc Ninh,xã An Lạc,xã An Lạc,✅ Toàn bộ
Bắc Ninh,xã Hữu Sản và xã Vân Sơn,xã Vân Sơn,✅ Toàn bộ
Bắc Ninh,thị trấn Biển Động,xã Biển Động,✅ Toàn bộ
Bắc Ninh,xã Kim Sơn và xã Phú Nhuận,xã Biển Động,✅ Toàn bộ
Bắc Ninh,thị trấn Phì Điền,xã Lục Ngạn,✅ Toàn bộ
Bắc Ninh,xã Giáp Sơn,xã Lục Ngạn,✅ Toàn bộ
Bắc Ninh,Đồng Cốc,xã Lục Ngạn,✅ Toàn bộ
Bắc Ninh,Tân Hoa,xã Lục Ngạn,✅ Toàn bộ
Bắc Ninh,Tân Quang,xã Lục Ngạn,✅ Toàn bộ
Bắc Ninh,xã Tân Lập,xã Đèo Gia,✅ Toàn bộ
Bắc Ninh,xã Đèo Gia,xã Đèo Gia,✅ Toàn bộ
Bắc Ninh,xã Hộ Đáp,xã Sơn Hải,✅ Toàn bộ
Bắc Ninh,xã Sơn Hải,xã Sơn Hải,✅ Toàn bộ
Bắc Ninh,xã Cấm Sơn,xã Tân Sơn,✅ Toàn bộ
Bắc Ninh,xã Tân Sơn,xã Tân Sơn,✅ Toàn bộ
Bắc Ninh,xã Phong Vân,xã Biên Sơn,✅ Toàn bộ
Bắc Ninh,xã Biên Sơn,xã Biên Sơn,✅ Toàn bộ
Bắc Ninh,toàn bộ diện tích tự nhiên của Trường bắn TB1,xã Biên Sơn,✅ Toàn bộ
Bắc Ninh,xã Phong Minh,xã Sa Lý,✅ Toàn bộ
Bắc Ninh,xã Sa Lý,xã Sa Lý,✅ Toàn bộ
Bắc Ninh,xã Tân Mộc,xã Nam Dương,✅ Toàn bộ
Bắc Ninh,xã Nam Dương,xã Nam Dương,✅ Toàn bộ
Bắc Ninh,xã Kiên Thành,xã Kiên Lao,✅ Toàn bộ
Bắc Ninh,xã Kiên Lao,xã Kiên Lao,✅ Toàn bộ
Bắc Ninh,xã Bình Sơn,xã Lục Sơn,✅ Toàn bộ
Bắc Ninh,xã Lục Sơn,xã Lục Sơn,✅ Toàn bộ
Bắc Ninh,xã Vô Tranh,xã Trường Sơn,✅ Toàn bộ
Bắc Ninh,xã Trường Sơn,xã Trường Sơn,✅ Toàn bộ
Bắc Ninh,xã Đan Hội,xã Cẩm Lý,✅ Toàn bộ
Bắc Ninh,xã Cẩm Lý,xã Cẩm Lý,✅ Toàn bộ
Bắc Ninh,xã Đông Hưng,xã Đông Phú,✅ Toàn bộ
Bắc Ninh,xã Đông Phú,xã Đông Phú,✅ Toàn bộ
Bắc Ninh,xã Trường Giang,xã Nghĩa Phương,✅ Toàn bộ
Bắc Ninh,Huyền Sơn,xã Nghĩa Phương,✅ Toàn bộ
Bắc Ninh,Nghĩa Phương,xã Nghĩa Phương,✅ Toàn bộ
Bắc Ninh,thị trấn Phương Sơn,xã Lục Nam,✅ Toàn bộ
Bắc Ninh,thị trấn Đồi Ngô,xã Lục Nam,✅ Toàn bộ
Bắc Ninh,xã Cương Sơn,xã Lục Nam,✅ Toàn bộ
Bắc Ninh,Tiên Nha,xã Lục Nam,✅ Toàn bộ
Bắc Ninh,Chu Điện,xã Lục Nam,✅ Toàn bộ
Bắc Ninh,xã Yên Sơn,xã Bắc Lũng,✅ Toàn bộ
Bắc Ninh,Lan Mẫu,xã Bắc Lũng,✅ Toàn bộ
Bắc Ninh,Khám Lạng,xã Bắc Lũng,✅ Toàn bộ
Bắc Ninh,Bắc Lũng,xã Bắc Lũng,✅ Toàn bộ
Bắc Ninh,xã Bảo Sơn,xã Bảo Đài,✅ Toàn bộ
Bắc Ninh,Thanh Lâm,xã Bảo Đài,✅ Toàn bộ
Bắc Ninh,Tam Dị,xã Bảo Đài,✅ Toàn bộ
Bắc Ninh,Bảo Đài,xã Bảo Đài,✅ Toàn bộ
Bắc Ninh,thị trấn Vôi,xã Lạng Giang,✅ Toàn bộ
Bắc Ninh,xã Xương Lâm,xã Lạng Giang,✅ Toàn bộ
Bắc Ninh,Hương Lạc,xã Lạng Giang,✅ Toàn bộ
Bắc Ninh,Tân Hưng,xã Lạng Giang,✅ Toàn bộ
Bắc Ninh,xã Xuân Hương,xã Mỹ Thái,✅ Toàn bộ
Bắc Ninh,Dương Đức,xã Mỹ Thái,✅ Toàn bộ
Bắc Ninh,Tân Thanh,xã Mỹ Thái,✅ Toàn bộ
Bắc Ninh,Mỹ Thái,xã Mỹ Thái,✅ Toàn bộ
Bắc Ninh,thị trấn Kép,xã Kép,✅ Toàn bộ
Bắc Ninh,xã Quang Thịnh,xã Kép,✅ Toàn bộ
Bắc Ninh,xã Hương Sơn,xã Kép,✅ Toàn bộ
Bắc Ninh,xã Tân Dĩnh,xã Tân Dĩnh,✅ Toàn bộ
Bắc Ninh,Thái Đào và Đại Lâm,xã Tân Dĩnh,✅ Toàn bộ
Bắc Ninh,xã Đào Mỹ,xã Tiên Lục,✅ Toàn bộ
Bắc Ninh,Nghĩa Hòa,xã Tiên Lục,✅ Toàn bộ
Bắc Ninh,An Hà,xã Tiên Lục,✅ Toàn bộ
Bắc Ninh,Nghĩa Hưng,xã Tiên Lục,✅ Toàn bộ
Bắc Ninh,Tiên Lục,xã Tiên Lục,✅ Toàn bộ
Bắc Ninh,thị trấn Phồn Xương,xã Yên Thế,✅ Toàn bộ
Bắc Ninh,xã Đồng Lạc,xã Yên Thế,✅ Toàn bộ
Bắc Ninh,Đồng Tâm,xã Yên Thế,✅ Toàn bộ
Bắc Ninh,Tân Hiệp,xã Yên Thế,✅ Toàn bộ
Bắc Ninh,Tân Sỏi,xã Yên Thế,✅ Toàn bộ
Bắc Ninh,thị trấn Bố Hạ,xã Bố Hạ,✅ Toàn bộ
Bắc Ninh,xã Đông Sơn,xã Bố Hạ,✅ Toàn bộ
Bắc Ninh,xã Hương Vĩ,xã Bố Hạ,✅ Toàn bộ
Bắc Ninh,xã Đồng Hưu,xã Đồng Kỳ,✅ Toàn bộ
Bắc Ninh,Đồng Vương,xã Đồng Kỳ,✅ Toàn bộ
Bắc Ninh,Đồng Kỳ,xã Đồng Kỳ,✅ Toàn bộ
Bắc Ninh,xã Đồng Tiến (huyện Yên Thế),xã                Xuân Lương,✅ Toàn bộ
Bắc Ninh,Canh Nậu,xã                Xuân Lương,✅ Toàn bộ
Bắc Ninh,Xuân Lương,xã                Xuân Lương,✅ Toàn bộ
Bắc Ninh,xã Tiến Thắng,xã Tam Tiến,✅ Toàn bộ
Bắc Ninh,An Thượng,xã Tam Tiến,✅ Toàn bộ
Bắc Ninh,Tam Tiến,xã Tam Tiến,✅ Toàn bộ
Bắc Ninh,thị trấn Cao Thượng,xã Tân Yên,✅ Toàn bộ
Bắc Ninh,xã Cao Xá,xã Tân Yên,✅ Toàn bộ
Bắc Ninh,Việt Lập,xã Tân Yên,✅ Toàn bộ
Bắc Ninh,Ngọc Lý,xã Tân Yên,✅ Toàn bộ
Bắc Ninh,xã Song Vân,xã  Ngọc Thiện,✅ Toàn bộ
Bắc Ninh,Ngọc Châu,xã  Ngọc Thiện,✅ Toàn bộ
Bắc Ninh,Ngọc Vân,xã  Ngọc Thiện,✅ Toàn bộ
Bắc Ninh,Việt Ngọc,xã  Ngọc Thiện,✅ Toàn bộ
Bắc Ninh,Ngọc Thiện,xã  Ngọc Thiện,✅ Toàn bộ
Bắc Ninh,thị trấn Nhã Nam,xã Nhã Nam,✅ Toàn bộ
Bắc Ninh,xã Tân Trung,xã Nhã Nam,✅ Toàn bộ
Bắc Ninh,Liên Sơn,xã Nhã Nam,✅ Toàn bộ
Bắc Ninh,An Dương,xã Nhã Nam,✅ Toàn bộ
Bắc Ninh,xã Hợp Đức,xã Phúc Hoà,✅ Toàn bộ
Bắc Ninh,Liên Chung,xã Phúc Hoà,✅ Toàn bộ
Bắc Ninh,Phúc Hòa,xã Phúc Hoà,✅ Toàn bộ
Bắc Ninh,xã Lam Sơn,xã Quang Trung,✅ Toàn bộ
Bắc Ninh,xã Quang Trung,xã Quang Trung,✅ Toàn bộ
Bắc Ninh,xã Thường Thắng,xã Hợp Thịnh,✅ Toàn bộ
Bắc Ninh,Mai Trung,xã Hợp Thịnh,✅ Toàn bộ
Bắc Ninh,Hùng Thái,xã Hợp Thịnh,✅ Toàn bộ
Bắc Ninh,Sơn Thịnh,xã Hợp Thịnh,✅ Toàn bộ
Bắc Ninh,Hợp Thịnh,xã Hợp Thịnh,✅ Toàn bộ
Bắc Ninh,thị trấn Thắng,xã Hiệp Hòa,✅ Toàn bộ
Bắc Ninh,xã Đông Lỗ,xã Hiệp Hòa,✅ Toàn bộ
Bắc Ninh,Đoan Bái,xã Hiệp Hòa,✅ Toàn bộ
Bắc Ninh,Danh Thắng,xã Hiệp Hòa,✅ Toàn bộ
Bắc Ninh,Lương Phong,xã Hiệp Hòa,✅ Toàn bộ
Bắc Ninh,xã Đồng Tiến (huyện Hiệp Hòa),xã Hoàng Vân,✅ Toàn bộ
Bắc Ninh,Toàn Thắng,xã Hoàng Vân,✅ Toàn bộ
Bắc Ninh,Ngọc Sơn,xã Hoàng Vân,✅ Toàn bộ
Bắc Ninh,Hoàng Vân,xã Hoàng Vân,✅ Toàn bộ
Bắc Ninh,xã Đức Giang,xã Đồng Việt,✅ Toàn bộ
Bắc Ninh,Đồng Phúc,xã Đồng Việt,✅ Toàn bộ
Bắc Ninh,Đồng Việt,xã Đồng Việt,✅ Toàn bộ
Bắc Ninh,thị trấn Bắc Lý,xã Xuân Cẩm,✅ Toàn bộ
Bắc Ninh,xã Hương Lâm,xã Xuân Cẩm,✅ Toàn bộ
Bắc Ninh,Mai Đình,xã Xuân Cẩm,✅ Toàn bộ
Bắc Ninh,Châu Minh,xã Xuân Cẩm,✅ Toàn bộ
Bắc Ninh,Xuân Cẩm,xã Xuân Cẩm,✅ Toàn bộ
Bắc Ninh,phường Suối Hoa,phường Kinh Bắc,✅ Toàn bộ
Bắc Ninh,Tiền Ninh Vệ,phường Kinh Bắc,✅ Toàn bộ
Bắc Ninh,Vạn An,phường Kinh Bắc,✅ Toàn bộ
Bắc Ninh,Hòa Long,phường Kinh Bắc,✅ Toàn bộ
Bắc Ninh,Khúc Xuyên,phường Kinh Bắc,✅ Toàn bộ
Bắc Ninh,Kinh Bắc,phường Kinh Bắc,✅ Toàn bộ
Bắc Ninh,phường Đại Phúc,phường Võ Cường,✅ Toàn bộ
Bắc Ninh,Phong Khê và Võ Cường,phường Võ Cường,✅ Toàn bộ
Bắc Ninh,phường Kim Chân,phường Vũ Ninh,✅ Toàn bộ
Bắc Ninh,Đáp Cầu,phường Vũ Ninh,✅ Toàn bộ
Bắc Ninh,Thị Cầu và Vũ Ninh,phường Vũ Ninh,✅ Toàn bộ
Bắc Ninh,phường Khắc Niệm và phường Hạp Lĩnh,phường Hạp Lĩnh,✅ Toàn bộ
Bắc Ninh,phường Vân Dương và phường Nam Sơn,phường Nam Sơn,✅ Toàn bộ
Bắc Ninh,phường Đông Ngàn,phường Từ Sơn,✅ Toàn bộ
Bắc Ninh,Tân Hồng,phường Từ Sơn,✅ Toàn bộ
Bắc Ninh,Phù Chẩn và Đình Bảng,phường Từ Sơn,✅ Toàn bộ
Bắc Ninh,phường Tương Giang và phường Tam Sơn,phường Tam Sơn,✅ Toàn bộ
Bắc Ninh,phường  Trang Hạ,phường Đồng Nguyên,✅ Toàn bộ
Bắc Ninh,Đồng Kỵ và Đồng Nguyên,phường Đồng Nguyên,✅ Toàn bộ
Bắc Ninh,phường Châu Khê,phường Phù Khê,✅ Toàn bộ
Bắc Ninh,Hương Mạc và Phù Khê,phường Phù Khê,✅ Toàn bộ
Bắc Ninh,phường Hồ,phường Thuận Thành,✅ Toàn bộ
Bắc Ninh,Song Hồ,phường Thuận Thành,✅ Toàn bộ
Bắc Ninh,Gia Đông và xã Đại Đồng Thành,phường Thuận Thành,✅ Toàn bộ
Bắc Ninh,phường An Bình,phường Mão Điền,✅ Toàn bộ
Bắc Ninh,xã Hoài Thượng và xã Mão Điền,phường Mão Điền,✅ Toàn bộ
Bắc Ninh,phường Trạm Lộ,phường Trạm Lộ,✅ Toàn bộ
Bắc Ninh,xã Nghĩa Đạo,phường Trạm Lộ,✅ Toàn bộ
Bắc Ninh,phường Thanh Khương,phường Trí Quả,✅ Toàn bộ
Bắc Ninh,phường Trí Quả và xã Đình Tổ,phường Trí Quả,✅ Toàn bộ
Bắc Ninh,phường Xuân Lâm,phường Song Liễu,✅ Toàn bộ
Bắc Ninh,phường Hà Mãn,phường Song Liễu,✅ Toàn bộ
Bắc Ninh,xã Ngũ Thái và xã Song Liễu,phường Song Liễu,✅ Toàn bộ
Bắc Ninh,phường Ninh Xá,phường Ninh Xá,✅ Toàn bộ
Bắc Ninh,xã Nguyệt Đức,phường Ninh Xá,✅ Toàn bộ
Bắc Ninh,phường Phố Mới,phường Quế Võ,✅ Toàn bộ
Bắc Ninh,Bằng An,phường Quế Võ,✅ Toàn bộ
Bắc Ninh,Việt Hùng và Quế Tân,phường Quế Võ,✅ Toàn bộ
Bắc Ninh,phường Phượng Mao và phường Phương Liễu,phường Phương Liễu,✅ Toàn bộ
Bắc Ninh,phường Đại Xuân,phường Nhân Hòa,✅ Toàn bộ
Bắc Ninh,phường Nhân Hòa,phường Nhân Hòa,✅ Toàn bộ
Bắc Ninh,xã Việt Thống,phường Nhân Hòa,✅ Toàn bộ
Bắc Ninh,phường Phù Lương,phường Đào Viên,✅ Toàn bộ
Bắc Ninh,xã Ngọc Xá và xã Đào Viên,phường Đào Viên,✅ Toàn bộ
Bắc Ninh,phường Cách Bi,phường Bồng Lai,✅ Toàn bộ
Bắc Ninh,phường Bồng Lai,phường Bồng Lai,✅ Toàn bộ
Bắc Ninh,xã Mộ Đạo,phường Bồng Lai,✅ Toàn bộ
Bắc Ninh,phường Thanh Hải,phường Chũ,✅ Toàn bộ
Bắc Ninh,Hồng Giang,phường Chũ,✅ Toàn bộ
Bắc Ninh,Trù Hựu,phường Chũ,✅ Toàn bộ
Bắc Ninh,Chũ,phường Chũ,✅ Toàn bộ
Bắc Ninh,phường Phượng Sơn,phường Phượng Sơn,✅ Toàn bộ
Bắc Ninh,xã Quý Sơn,phường Phượng Sơn,✅ Toàn bộ
Bắc Ninh,xã Mỹ An,phường Phượng Sơn,✅ Toàn bộ
Bắc Ninh,phường Tự Lạn,phường Tự Lạn,✅ Toàn bộ
Bắc Ninh,xã Việt Tiến,phường Tự Lạn,✅ Toàn bộ
Bắc Ninh,Thượng Lan,phường Tự Lạn,✅ Toàn bộ
Bắc Ninh,Hương Mai,phường Tự Lạn,✅ Toàn bộ
Bắc Ninh,phường Bích Động,phường Việt Yên,✅ Toàn bộ
Bắc Ninh,phường Hồng Thái,phường Việt Yên,✅ Toàn bộ
Bắc Ninh,xã Minh Đức,phường Việt Yên,✅ Toàn bộ
Bắc Ninh,xã Nghĩa Trung,phường Việt Yên,✅ Toàn bộ
Bắc Ninh,phường Quang Châu,phường Nếnh,✅ Toàn bộ
Bắc Ninh,Vân Trung,phường Nếnh,✅ Toàn bộ
Bắc Ninh,Tăng Tiến,phường Nếnh,✅ Toàn bộ
Bắc Ninh,Nếnh,phường Nếnh,✅ Toàn bộ
Bắc Ninh,phường Ninh Sơn,phường Vân Hà,✅ Toàn bộ
Bắc Ninh,phường Quảng Minh,phường Vân Hà,✅ Toàn bộ
Bắc Ninh,xã Tiên Sơn,phường Vân Hà,✅ Toàn bộ
Bắc Ninh,Trung Sơn,phường Vân Hà,✅ Toàn bộ
Bắc Ninh,Vân Hà,phường Vân Hà,✅ Toàn bộ
Bắc Ninh,phường Thọ Xương,phường Bắc Giang,✅ Toàn bộ
Bắc Ninh,Ngô Quyền,phường Bắc Giang,✅ Toàn bộ
Bắc Ninh,Xương Giang,phường Bắc Giang,✅ Toàn bộ
Bắc Ninh,Hoàng Văn Thụ,phường Bắc Giang,✅ Toàn bộ
Bắc Ninh,Trần Phú,phường Bắc Giang,✅ Toàn bộ
Bắc Ninh,Dĩnh Kế và Dĩnh Trì,phường Bắc Giang,✅ Toàn bộ
Bắc Ninh,phường Tân Mỹ,phường Đa Mai,✅ Toàn bộ
Bắc Ninh,Mỹ Độ,phường Đa Mai,✅ Toàn bộ
Bắc Ninh,Song Mai,phường Đa Mai,✅ Toàn bộ
Bắc Ninh,Đa Mai,phường Đa Mai,✅ Toàn bộ
Bắc Ninh,xã Quế Nham,phường Đa Mai,✅ Toàn bộ
Bắc Ninh,phường Nội Hoàng,phường Tiền Phong,✅ Toàn bộ
Bắc Ninh,Song Khê,phường Tiền Phong,✅ Toàn bộ
Bắc Ninh,Đồng Sơn,phường Tiền Phong,✅ Toàn bộ
Bắc Ninh,Tiền Phong,phường Tiền Phong,✅ Toàn bộ
Bắc Ninh,phường Tân An,phường Tân An,✅ Toàn bộ
Bắc Ninh,xã Quỳnh Sơn,phường Tân An,✅ Toàn bộ
Bắc Ninh,Trí Yên,phường Tân An,✅ Toàn bộ
Bắc Ninh,Lãng Sơn,phường Tân An,✅ Toàn bộ
Bắc Ninh,phường Tân Liễu,phường Yên Dũng,✅ Toàn bộ
Bắc Ninh,phường Nham Biền,phường Yên Dũng,✅ Toàn bộ
Bắc Ninh,xã Yên Lư,phường Yên Dũng,✅ Toàn bộ
Bắc Ninh,phường Hương Gián,phường Tân Tiến,✅ Toàn bộ
Bắc Ninh,phường Tân Tiến,phường Tân Tiến,✅ Toàn bộ
Bắc Ninh,xã Xuân Phú,phường Tân Tiến,✅ Toàn bộ
Bắc Ninh,phường Cảnh Thụy,phường Cảnh Thụy,✅ Toàn bộ
Bắc Ninh,xã Tiến Dũng,phường Cảnh Thụy,✅ Toàn bộ
Bắc Ninh,xã Tư Mại,phường Cảnh Thụy,✅ Toàn bộ
Cao Bằng,xã Thạch Lâm vàxã Quảng Lâm,xãQuảng Lâm,✅ Toàn bộ
Cao Bằng,xã Nam Cao,xãNam Quang,✅ Toàn bộ
Cao Bằng,xã Nam Quang,xãNam Quang,✅ Toàn bộ
Cao Bằng,xã Vĩnh Quang (huyện Bảo Lâm),xãLý Bôn,✅ Toàn bộ
Cao Bằng,xã Lý Bôn,xãLý Bôn,✅ Toàn bộ
Cao Bằng,thị trấn Pác Miầu,xãBảo Lâm,✅ Toàn bộ
Cao Bằng,xã Mông Ân,xãBảo Lâm,✅ Toàn bộ
Cao Bằng,xã Vĩnh Phong,xãBảo Lâm,✅ Toàn bộ
Cao Bằng,xã Sơn Lập,xãSơn Lộ,✅ Toàn bộ
Cao Bằng,xã Sơn Lộ,xãSơn Lộ,✅ Toàn bộ
Cao Bằng,thị trấn Bảo Lạc,xãBảo Lạc,✅ Toàn bộ
Cao Bằng,xã Bảo Toàn,xãBảo Lạc,✅ Toàn bộ
Cao Bằng,xã Hồng Trị,xãBảo Lạc,✅ Toàn bộ
Cao Bằng,xã Đức Hạnhvà xã Cốc Pàng,xã Cốc Pàng,✅ Toàn bộ
Cao Bằng,xã Thượng Hà,xã Cô Ba,✅ Toàn bộ
Cao Bằng,xã Cô Ba,xã Cô Ba,✅ Toàn bộ
Cao Bằng,xã Phan Thanh (huyện Bảo Lạc),xã Khánh Xuân,✅ Toàn bộ
Cao Bằng,xã Khánh Xuân,xã Khánh Xuân,✅ Toàn bộ
Cao Bằng,xã Hồng An vàxã Xuân Trường,xã Xuân Trường,✅ Toàn bộ
Cao Bằng,xã Đình Phùng,xã Huy Giáp,✅ Toàn bộ
Cao Bằng,xã Huy Giáp,xã Huy Giáp,✅ Toàn bộ
Cao Bằng,xã Yên Lạc,xã Ca Thành,✅ Toàn bộ
Cao Bằng,xã Ca Thành,xã Ca Thành,✅ Toàn bộ
Cao Bằng,xã Phan Thanh (huyện Nguyên Bình),xã Phan Thanh,✅ Toàn bộ
Cao Bằng,xã Mai Long,xã Phan Thanh,✅ Toàn bộ
Cao Bằng,xã Quang Thành,xã Thành Công,✅ Toàn bộ
Cao Bằng,xã Thành Công,xã Thành Công,✅ Toàn bộ
Cao Bằng,xã Hưng Đạo (huyện Nguyên Bình),xã Tam Kim,✅ Toàn bộ
Cao Bằng,Hoa Thám,xã Tam Kim,✅ Toàn bộ
Cao Bằng,Tam Kim,xã Tam Kim,✅ Toàn bộ
Cao Bằng,thị trấn Nguyên Bình,xã Nguyên Bình,✅ Toàn bộ
Cao Bằng,xã Thể Dục,xã Nguyên Bình,✅ Toàn bộ
Cao Bằng,xã Vũ Minh,xã Nguyên Bình,✅ Toàn bộ
Cao Bằng,thị trấn Tĩnh Túc,xã Tĩnh Túc,✅ Toàn bộ
Cao Bằng,xã Triệu Nguyên,xã Tĩnh Túc,✅ Toàn bộ
Cao Bằng,xã Vũ Nông,xã Tĩnh Túc,✅ Toàn bộ
Cao Bằng,xã Trương Lương,xã Minh Tâm,✅ Toàn bộ
Cao Bằng,xã Minh Tâm,xã Minh Tâm,✅ Toàn bộ
Cao Bằng,cácxã Cần Nông,xã Cần Yên,✅ Toàn bộ
Cao Bằng,Lương Thông,xã Cần Yên,✅ Toàn bộ
Cao Bằng,Cần Yên,xã Cần Yên,✅ Toàn bộ
Cao Bằng,thị trấn Thông Nông,xã Thông Nông,✅ Toàn bộ
Cao Bằng,xã Đa Thông,xã Thông Nông,✅ Toàn bộ
Cao Bằng,xã Lương Can,xã Thông Nông,✅ Toàn bộ
Cao Bằng,xã Hồng Sỹ,xã Hà Quảng,✅ Toàn bộ
Cao Bằng,Ngọc Đào,xã Hà Quảng,✅ Toàn bộ
Cao Bằng,Mã Ba,xã Hà Quảng,✅ Toàn bộ
Cao Bằng,xã Thượng Thôn,xã Lũng Nặm,✅ Toàn bộ
Cao Bằng,xã Lũng Nặm,xã Lũng Nặm,✅ Toàn bộ
Cao Bằng,xã Nội Thôn,xã Tổng Cọt,✅ Toàn bộ
Cao Bằng,Cải Viên,xã Tổng Cọt,✅ Toàn bộ
Cao Bằng,Tổng Cọt,xã Tổng Cọt,✅ Toàn bộ
Cao Bằng,xã Đức Long (huyện Hòa An),xã Nam Tuấn,✅ Toàn bộ
Cao Bằng,Dân Chủ vàNam Tuấn,xã Nam Tuấn,✅ Toàn bộ
Cao Bằng,thị trấn Nước Hai,xã Hòa An,✅ Toàn bộ
Cao Bằng,xã Đại Tiến,xã Hòa An,✅ Toàn bộ
Cao Bằng,xã Hồng Việt,xã Hòa An,✅ Toàn bộ
Cao Bằng,xã Thịnh Vượng,xã Bạch Đằng,✅ Toàn bộ
Cao Bằng,Bình Dương vàBạch Đằng,xã Bạch Đằng,✅ Toàn bộ
Cao Bằng,xã Quang Trung (huyện Hòa An),xã Nguyễn Huệ,✅ Toàn bộ
Cao Bằng,Ngũ Lão vàNguyễn Huệ,xã Nguyễn Huệ,✅ Toàn bộ
Cao Bằng,xã Quang Trọng,xã Minh Khai,✅ Toàn bộ
Cao Bằng,xã Minh Khai,xã Minh Khai,✅ Toàn bộ
Cao Bằng,xã Đức Thông,xã Canh Tân,✅ Toàn bộ
Cao Bằng,xã Canh Tân,xã Canh Tân,✅ Toàn bộ
Cao Bằng,xã Tiên Thành,xã Thạch An,✅ Toàn bộ
Cao Bằng,Vân Trình,xã Thạch An,✅ Toàn bộ
Cao Bằng,Lê Lai,xã Thạch An,✅ Toàn bộ
Cao Bằng,thị trấn Đông Khê,xã Đông Khê,✅ Toàn bộ
Cao Bằng,xã Đức Xuân,xã Đông Khê,✅ Toàn bộ
Cao Bằng,xã Trọng Con,xã Đông Khê,✅ Toàn bộ
Cao Bằng,xã Đức Long (huyện Thạch An),xã Đức Long,✅ Toàn bộ
Cao Bằng,Thụy Hùng,xã Đức Long,✅ Toàn bộ
Cao Bằng,Lê Lợi,xã Đức Long,✅ Toàn bộ
Cao Bằng,thị trấn Tà Lùng,xã Phục Hòa,✅ Toàn bộ
Cao Bằng,thị trấn Hòa Thuận,xã Phục Hòa,✅ Toàn bộ
Cao Bằng,xã Mỹ Hưng,xã Phục Hòa,✅ Toàn bộ
Cao Bằng,xã Đại Sơn,xã Phục Hòa,✅ Toàn bộ
Cao Bằng,xã Hồng Quang,xã Bế Văn Đàn,✅ Toàn bộ
Cao Bằng,Cách Linh,xã Bế Văn Đàn,✅ Toàn bộ
Cao Bằng,Bế Văn Đàn,xã Bế Văn Đàn,✅ Toàn bộ
Cao Bằng,xã Quảng Hưng,xã Độc Lập,✅ Toàn bộ
Cao Bằng,Cai Bộ,xã Độc Lập,✅ Toàn bộ
Cao Bằng,Độc Lập,xã Độc Lập,✅ Toàn bộ
Cao Bằng,thị trấn Quảng Uyên,xã Quảng Uyên,✅ Toàn bộ
Cao Bằng,xã Phi Hải,xã Quảng Uyên,✅ Toàn bộ
Cao Bằng,Phúc Sen,xã Quảng Uyên,✅ Toàn bộ
Cao Bằng,Chí Thảo,xã Quảng Uyên,✅ Toàn bộ
Cao Bằng,xã Quang Vinh,xã Quang Hán,✅ Toàn bộ
Cao Bằng,xã Quang Hán,xã Quang Hán,✅ Toàn bộ
Cao Bằng,thị trấn Trà Lĩnh,xã Trà Lĩnh,✅ Toàn bộ
Cao Bằng,xã Cao Chương,xã Trà Lĩnh,✅ Toàn bộ
Cao Bằng,xã Quốc Toản,xã Trà Lĩnh,✅ Toàn bộ
Cao Bằng,xã Trung Phúc,xã Đoài Dương,✅ Toàn bộ
Cao Bằng,Cao Thăng,xã Đoài Dương,✅ Toàn bộ
Cao Bằng,Đoài Dương,xã Đoài Dương,✅ Toàn bộ
Cao Bằng,thị trấn Trùng Khánh,xã Trùng Khánh,✅ Toàn bộ
Cao Bằng,xã Đức Hồng,xã Trùng Khánh,✅ Toàn bộ
Cao Bằng,Lăng Hiếu,xã Trùng Khánh,✅ Toàn bộ
Cao Bằng,Khâm Thành,xã Trùng Khánh,✅ Toàn bộ
Cao Bằng,xã Ngọc Côn,xã Đình Phong,✅ Toàn bộ
Cao Bằng,Ngọc Khê,xã Đình Phong,✅ Toàn bộ
Cao Bằng,Phong Nặm,xã Đình Phong,✅ Toàn bộ
Cao Bằng,Đình Phong,xã Đình Phong,✅ Toàn bộ
Cao Bằng,thị trấn Thanh Nhật,xã Hạ Lang,✅ Toàn bộ
Cao Bằng,xã Thống Nhất,xã Hạ Lang,✅ Toàn bộ
Cao Bằng,xã Thị Hoa,xã Hạ Lang,✅ Toàn bộ
Cao Bằng,xã Minh Long,xã Lý Quốc,✅ Toàn bộ
Cao Bằng,Đồng Loan,xã Lý Quốc,✅ Toàn bộ
Cao Bằng,Lý Quốc,xã Lý Quốc,✅ Toàn bộ
Cao Bằng,xã Cô Ngân,xã Vinh Quý,✅ Toàn bộ
Cao Bằng,An Lạc,xã Vinh Quý,✅ Toàn bộ
Cao Bằng,Kim Loan,xã Vinh Quý,✅ Toàn bộ
Cao Bằng,Vinh Quý,xã Vinh Quý,✅ Toàn bộ
Cao Bằng,xã Đức Quang,xã Quang Long,✅ Toàn bộ
Cao Bằng,Thắng Lợi,xã Quang Long,✅ Toàn bộ
Cao Bằng,Quang Long,xã Quang Long,✅ Toàn bộ
Cao Bằng,phường Ngọc Xuân,phường Nùng Trí Cao,✅ Toàn bộ
Cao Bằng,phường Sông Bằng,phường Nùng Trí Cao,✅ Toàn bộ
Cao Bằng,xã Vĩnh Quang (thành phố Cao Bằng),phường Nùng Trí Cao,✅ Toàn bộ
Cao Bằng,phường Tân Giang,phường Tân Giang,✅ Toàn bộ
Cao Bằng,Duyệt Trung,phường Tân Giang,✅ Toàn bộ
Cao Bằng,Hòa Chung,phường Tân Giang,✅ Toàn bộ
Cao Bằng,xã Chu Trinh vàxã Lê Chung,phường Tân Giang,✅ Toàn bộ
Lào Cai,xã Hồ Bốn,xã Khao Mang,✅ Toàn bộ
Lào Cai,xã Khao Mang,xã Khao Mang,✅ Toàn bộ
Lào Cai,thị trấn Mù Cang Chải,xã Mù Cang Chải,✅ Toàn bộ
Lào Cai,xã Kim Nọi,xã Mù Cang Chải,✅ Toàn bộ
Lào Cai,Mồ Dề,xã Mù Cang Chải,✅ Toàn bộ
Lào Cai,Chế Cu Nha,xã Mù Cang Chải,✅ Toàn bộ
Lào Cai,xã Nậm Khắt,xã Púng Luông,✅ Toàn bộ
Lào Cai,La Pán Tẩn,xã Púng Luông,✅ Toàn bộ
Lào Cai,Dế Xu Phình,xã Púng Luông,✅ Toàn bộ
Lào Cai,Púng Luông,xã Púng Luông,✅ Toàn bộ
Lào Cai,xã Cao Phạ,xã Tú Lệ,✅ Toàn bộ
Lào Cai,xã Tú Lệ,xã Tú Lệ,✅ Toàn bộ
Lào Cai,xã Pá Lau,xã Trạm Tấu,✅ Toàn bộ
Lào Cai,Pá Hu,xã Trạm Tấu,✅ Toàn bộ
Lào Cai,Túc Đán,xã Trạm Tấu,✅ Toàn bộ
Lào Cai,Trạm Tấu,xã Trạm Tấu,✅ Toàn bộ
Lào Cai,thị trấn Trạm Tấu,xã Hạnh Phúc,✅ Toàn bộ
Lào Cai,xã Bản Công,xã Hạnh Phúc,✅ Toàn bộ
Lào Cai,Hát Lừu,xã Hạnh Phúc,✅ Toàn bộ
Lào Cai,Xà Hồ,xã Hạnh Phúc,✅ Toàn bộ
Lào Cai,xã Làng Nhì,xã Phình Hồ,✅ Toàn bộ
Lào Cai,Bản Mù,xã Phình Hồ,✅ Toàn bộ
Lào Cai,Phình Hồ,xã Phình Hồ,✅ Toàn bộ
Lào Cai,thị trấn Nông trường Liên Sơn,xã Liên Sơn,✅ Toàn bộ
Lào Cai,xã Sơn A,xã Liên Sơn,✅ Toàn bộ
Lào Cai,xã Nghĩa Phúc,xã Liên Sơn,✅ Toàn bộ
Lào Cai,xã Nậm Búng,xã Gia Hội,✅ Toàn bộ
Lào Cai,Nậm Lành,xã Gia Hội,✅ Toàn bộ
Lào Cai,Gia Hội,xã Gia Hội,✅ Toàn bộ
Lào Cai,xã Nậm Mười,xã Sơn Lương,✅ Toàn bộ
Lào Cai,Sùng Đô,xã Sơn Lương,✅ Toàn bộ
Lào Cai,Suối Quyền,xã Sơn Lương,✅ Toàn bộ
Lào Cai,Sơn Lương,xã Sơn Lương,✅ Toàn bộ
Lào Cai,thị trấn Sơn Thịnh,xã Văn Chấn,✅ Toàn bộ
Lào Cai,xã Đồng Khê,xã Văn Chấn,✅ Toàn bộ
Lào Cai,Suối Bu,xã Văn Chấn,✅ Toàn bộ
Lào Cai,Suối Giàng,xã Văn Chấn,✅ Toàn bộ
Lào Cai,thị trấn Nông trường Trần Phú,xã Thượng Bằng La,✅ Toàn bộ
Lào Cai,xã Thượng Bằng La,xã Thượng Bằng La,✅ Toàn bộ
Lào Cai,xã Tân Thịnh (huyện Văn Chấn),xã Chấn Thịnh,✅ Toàn bộ
Lào Cai,Đại Lịch,xã Chấn Thịnh,✅ Toàn bộ
Lào Cai,Chấn Thịnh,xã Chấn Thịnh,✅ Toàn bộ
Lào Cai,xã Bình Thuận,xã Nghĩa Tâm,✅ Toàn bộ
Lào Cai,Minh An,xã Nghĩa Tâm,✅ Toàn bộ
Lào Cai,Nghĩa Tâm,xã Nghĩa Tâm,✅ Toàn bộ
Lào Cai,xã Xuân Tầm,xã Phong Dụ Hạ,✅ Toàn bộ
Lào Cai,xã Phong Dụ Hạ,xã Phong Dụ Hạ,✅ Toàn bộ
Lào Cai,xã Châu Quế Thượng,xã Châu Quế,✅ Toàn bộ
Lào Cai,xã Châu Quế Hạ,xã Châu Quế,✅ Toàn bộ
Lào Cai,xã Lang Thíp,xã Lâm Giang,✅ Toàn bộ
Lào Cai,xã Lâm Giang,xã Lâm Giang,✅ Toàn bộ
Lào Cai,xã Quang Minh,xã Đông Cuông,✅ Toàn bộ
Lào Cai,An Bình,xã Đông Cuông,✅ Toàn bộ
Lào Cai,Đông An,xã Đông Cuông,✅ Toàn bộ
Lào Cai,Đông Cuông,xã Đông Cuông,✅ Toàn bộ
Lào Cai,xã Đại Sơn,xã Tân Hợp,✅ Toàn bộ
Lào Cai,Nà Hẩu,xã Tân Hợp,✅ Toàn bộ
Lào Cai,Tân Hợp,xã Tân Hợp,✅ Toàn bộ
Lào Cai,thị trấn Mậu A,xã Mậu A,✅ Toàn bộ
Lào Cai,xã Yên Thái,xã Mậu A,✅ Toàn bộ
Lào Cai,An Thịnh,xã Mậu A,✅ Toàn bộ
Lào Cai,Mậu Đông,xã Mậu A,✅ Toàn bộ
Lào Cai,Ngòi A,xã Mậu A,✅ Toàn bộ
Lào Cai,xã Đại Phác,xã Xuân Ái,✅ Toàn bộ
Lào Cai,Yên Phú,xã Xuân Ái,✅ Toàn bộ
Lào Cai,Yên Hợp,xã Xuân Ái,✅ Toàn bộ
Lào Cai,Viễn Sơn,xã Xuân Ái,✅ Toàn bộ
Lào Cai,Xuân Ái,xã Xuân Ái,✅ Toàn bộ
Lào Cai,xã An Lương,xã Mỏ Vàng,✅ Toàn bộ
Lào Cai,xã Mỏ Vàng,xã Mỏ Vàng,✅ Toàn bộ
Lào Cai,xã Mai Sơn,xã Lâm Thượng,✅ Toàn bộ
Lào Cai,Khánh Thiện,xã Lâm Thượng,✅ Toàn bộ
Lào Cai,Tân Phượng,xã Lâm Thượng,✅ Toàn bộ
Lào Cai,Lâm Thượng,xã Lâm Thượng,✅ Toàn bộ
Lào Cai,thị trấn Yên Thế và,xã Lục Yên,✅ Toàn bộ
Lào Cai,xã Minh Xuân,xã Lục Yên,✅ Toàn bộ
Lào Cai,Yên Thắng,xã Lục Yên,✅ Toàn bộ
Lào Cai,Liễu Đô,xã Lục Yên,✅ Toàn bộ
Lào Cai,xã Minh Chuẩn,xã Tân Lĩnh,✅ Toàn bộ
Lào Cai,Tân Lập,xã Tân Lĩnh,✅ Toàn bộ
Lào Cai,Phan Thanh,xã Tân Lĩnh,✅ Toàn bộ
Lào Cai,Khai Trung,xã Tân Lĩnh,✅ Toàn bộ
Lào Cai,Tân Lĩnh,xã Tân Lĩnh,✅ Toàn bộ
Lào Cai,xã Tô Mậu,xã Khánh Hòa,✅ Toàn bộ
Lào Cai,An Lạc,xã Khánh Hòa,✅ Toàn bộ
Lào Cai,Động Quan,xã Khánh Hòa,✅ Toàn bộ
Lào Cai,Khánh Hòa,xã Khánh Hòa,✅ Toàn bộ
Lào Cai,xã Trúc Lâu,xã Phúc Lợi,✅ Toàn bộ
Lào Cai,Trung Tâm,xã Phúc Lợi,✅ Toàn bộ
Lào Cai,Phúc Lợi,xã Phúc Lợi,✅ Toàn bộ
Lào Cai,xã An Phú,xã Mường Lai,✅ Toàn bộ
Lào Cai,Vĩnh Lạc,xã Mường Lai,✅ Toàn bộ
Lào Cai,Minh Tiến,xã Mường Lai,✅ Toàn bộ
Lào Cai,Mường Lai,xã Mường Lai,✅ Toàn bộ
Lào Cai,xã Xuân Long,xã Cảm Nhân,✅ Toàn bộ
Lào Cai,Ngọc Chấn,xã Cảm Nhân,✅ Toàn bộ
Lào Cai,Cảm Nhân,xã Cảm Nhân,✅ Toàn bộ
Lào Cai,xã Phúc Ninh,xã Yên Thành,✅ Toàn bộ
Lào Cai,Mỹ Gia,xã Yên Thành,✅ Toàn bộ
Lào Cai,Xuân Lai,xã Yên Thành,✅ Toàn bộ
Lào Cai,Phúc An,xã Yên Thành,✅ Toàn bộ
Lào Cai,Yên Thành,xã Yên Thành,✅ Toàn bộ
Lào Cai,thị trấn Thác Bà,xã Thác Bà,✅ Toàn bộ
Lào Cai,xã Vũ Linh,xã Thác Bà,✅ Toàn bộ
Lào Cai,Bạch Hà,xã Thác Bà,✅ Toàn bộ
Lào Cai,Hán Đà,xã Thác Bà,✅ Toàn bộ
Lào Cai,Vĩnh Kiên,xã Thác Bà,✅ Toàn bộ
Lào Cai,Đại Minh,xã Thác Bà,✅ Toàn bộ
Lào Cai,thị trấn Yên Bình,xã Yên Bình,✅ Toàn bộ
Lào Cai,xã Tân Hương,xã Yên Bình,✅ Toàn bộ
Lào Cai,Thịnh Hưng,xã Yên Bình,✅ Toàn bộ
Lào Cai,Đại Đồng,xã Yên Bình,✅ Toàn bộ
Lào Cai,xã Cảm Ân,xã Bảo Ái,✅ Toàn bộ
Lào Cai,Mông Sơn,xã Bảo Ái,✅ Toàn bộ
Lào Cai,Tân Nguyên,xã Bảo Ái,✅ Toàn bộ
Lào Cai,Bảo Ái,xã Bảo Ái,✅ Toàn bộ
Lào Cai,thị trấn Cổ Phúc,xã Trấn Yên,✅ Toàn bộ
Lào Cai,xã Báo Đáp,xã Trấn Yên,✅ Toàn bộ
Lào Cai,Tân Đồng,xã Trấn Yên,✅ Toàn bộ
Lào Cai,Thành Thịnh,xã Trấn Yên,✅ Toàn bộ
Lào Cai,Hòa Cuông,xã Trấn Yên,✅ Toàn bộ
Lào Cai,Minh Quán,xã Trấn Yên,✅ Toàn bộ
Lào Cai,xã Hồng Ca,xã Hưng Khánh,✅ Toàn bộ
Lào Cai,xã Hưng Khánh,xã Hưng Khánh,✅ Toàn bộ
Lào Cai,xã Hưng Thịnh,xã Lương Thịnh,✅ Toàn bộ
Lào Cai,xã Lương Thịnh,xã Lương Thịnh,✅ Toàn bộ
Lào Cai,xã Việt Cường,xã Việt Hồng,✅ Toàn bộ
Lào Cai,Vân Hội,xã Việt Hồng,✅ Toàn bộ
Lào Cai,Việt Hồng,xã Việt Hồng,✅ Toàn bộ
Lào Cai,xã Kiên Thành,xã Quy Mông,✅ Toàn bộ
Lào Cai,Y Can,xã Quy Mông,✅ Toàn bộ
Lào Cai,Quy Mông,xã Quy Mông,✅ Toàn bộ
Lào Cai,xã Đồng Tuyển,xã Cốc San,✅ Toàn bộ
Lào Cai,Tòng Sành,xã Cốc San,✅ Toàn bộ
Lào Cai,Cốc San,xã Cốc San,✅ Toàn bộ
Lào Cai,xã Tả Phời,xã Hợp Thành,✅ Toàn bộ
Lào Cai,xã Hợp Thành,xã Hợp Thành,✅ Toàn bộ
Lào Cai,thị trấn Nông trường Phong Hải,xã Phong Hải,✅ Toàn bộ
Lào Cai,xã Bản Cầm,xã Phong Hải,✅ Toàn bộ
Lào Cai,xã Phong Niên,xã Xuân Quang,✅ Toàn bộ
Lào Cai,Trì Quang,xã Xuân Quang,✅ Toàn bộ
Lào Cai,Xuân Quang,xã Xuân Quang,✅ Toàn bộ
Lào Cai,thị trấn Phố Lu,xã Bảo Thắng,✅ Toàn bộ
Lào Cai,xã Sơn Hà,xã Bảo Thắng,✅ Toàn bộ
Lào Cai,Sơn Hải,xã Bảo Thắng,✅ Toàn bộ
Lào Cai,Thái Niên,xã Bảo Thắng,✅ Toàn bộ
Lào Cai,thị trấn Tằng Loỏng,xã Tằng Loỏng,✅ Toàn bộ
Lào Cai,xã Phú Nhuận,xã Tằng Loỏng,✅ Toàn bộ
Lào Cai,xã Xuân Giao,xã Gia Phú,✅ Toàn bộ
Lào Cai,Thống Nhất,xã Gia Phú,✅ Toàn bộ
Lào Cai,Gia Phú,xã Gia Phú,✅ Toàn bộ
Lào Cai,xã Nậm Pung,xã Mường Hum,✅ Toàn bộ
Lào Cai,Trung Lèng Hồ,xã Mường Hum,✅ Toàn bộ
Lào Cai,Mường Hum,xã Mường Hum,✅ Toàn bộ
Lào Cai,xã Dền Thàng,xã Dền Sáng,✅ Toàn bộ
Lào Cai,Sàng Ma Sáo,xã Dền Sáng,✅ Toàn bộ
Lào Cai,Dền Sáng,xã Dền Sáng,✅ Toàn bộ
Lào Cai,xã A Lù,xã Y Tý,✅ Toàn bộ
Lào Cai,xã Y Tý,xã Y Tý,✅ Toàn bộ
Lào Cai,xã Nậm Chạc,xã A Mú Sung,✅ Toàn bộ
Lào Cai,xã A Mú Sung,xã A Mú Sung,✅ Toàn bộ
Lào Cai,xã Cốc Mỳ,xã Trịnh Tường,✅ Toàn bộ
Lào Cai,xã Trịnh Tường,xã Trịnh Tường,✅ Toàn bộ
Lào Cai,xã Pa Cheo,xã Bản Xèo,✅ Toàn bộ
Lào Cai,Mường Vi,xã Bản Xèo,✅ Toàn bộ
Lào Cai,Bản Xèo,xã Bản Xèo,✅ Toàn bộ
Lào Cai,thị trấn Bát Xát,xã Bát Xát,✅ Toàn bộ
Lào Cai,xã Bản Vược,xã Bát Xát,✅ Toàn bộ
Lào Cai,Bản Qua,xã Bát Xát,✅ Toàn bộ
Lào Cai,Phìn Ngan,xã Bát Xát,✅ Toàn bộ
Lào Cai,Quang Kim,xã Bát Xát,✅ Toàn bộ
Lào Cai,xã Nậm Mả,xã Võ Lao,✅ Toàn bộ
Lào Cai,Nậm Dạng,xã Võ Lao,✅ Toàn bộ
Lào Cai,Võ Lao,xã Võ Lao,✅ Toàn bộ
Lào Cai,xã Khánh Yên Trung,xã Khánh Yên,✅ Toàn bộ
Lào Cai,Liêm Phú,xã Khánh Yên,✅ Toàn bộ
Lào Cai,Khánh Yên Hạ,xã Khánh Yên,✅ Toàn bộ
Lào Cai,thị trấn Khánh Yên,xã Văn Bàn,✅ Toàn bộ
Lào Cai,xã Khánh Yên Thượng,xã Văn Bàn,✅ Toàn bộ
Lào Cai,Sơn Thuỷ,xã Văn Bàn,✅ Toàn bộ
Lào Cai,Làng Giàng,xã Văn Bàn,✅ Toàn bộ
Lào Cai,Hòa Mạc,xã Văn Bàn,✅ Toàn bộ
Lào Cai,xã Thẳm Dương,xã Dương Quỳ,✅ Toàn bộ
Lào Cai,xã Dương Quỳ,xã Dương Quỳ,✅ Toàn bộ
Lào Cai,xã Nậm Tha,xã Chiềng Ken,✅ Toàn bộ
Lào Cai,xã Chiềng Ken,xã Chiềng Ken,✅ Toàn bộ
Lào Cai,xã Nậm Xây,xã Minh Lương,✅ Toàn bộ
Lào Cai,xã Minh Lương,xã Minh Lương,✅ Toàn bộ
Lào Cai,xã Dần Thàng,xã Nậm Chày,✅ Toàn bộ
Lào Cai,xã Nậm Chày,xã Nậm Chày,✅ Toàn bộ
Lào Cai,thị trấn Phố Ràng,xã Bảo Yên,✅ Toàn bộ
Lào Cai,xã Yên Sơn,xã Bảo Yên,✅ Toàn bộ
Lào Cai,Lương Sơn,xã Bảo Yên,✅ Toàn bộ
Lào Cai,Xuân Thượng,xã Bảo Yên,✅ Toàn bộ
Lào Cai,xã Tân Tiến,xã Nghĩa Đô,✅ Toàn bộ
Lào Cai,Vĩnh Yên,xã Nghĩa Đô,✅ Toàn bộ
Lào Cai,Nghĩa Đô,xã Nghĩa Đô,✅ Toàn bộ
Lào Cai,xã Điện Quan,xã Thượng Hà,✅ Toàn bộ
Lào Cai,Minh Tân,xã Thượng Hà,✅ Toàn bộ
Lào Cai,Thượng Hà,xã Thượng Hà,✅ Toàn bộ
Lào Cai,xã Tân Dương,xã Xuân Hòa,✅ Toàn bộ
Lào Cai,xã Xuân Hòa,xã Xuân Hòa,✅ Toàn bộ
Lào Cai,xã Việt Tiến,xã Phúc Khánh,✅ Toàn bộ
Lào Cai,xã Phúc Khánh,xã Phúc Khánh,✅ Toàn bộ
Lào Cai,xã Kim Sơn,xã Bảo Hà,✅ Toàn bộ
Lào Cai,Cam Cọn,xã Bảo Hà,✅ Toàn bộ
Lào Cai,Tân An,xã Bảo Hà,✅ Toàn bộ
Lào Cai,Tân Thượng,xã Bảo Hà,✅ Toàn bộ
Lào Cai,Bảo Hà,xã Bảo Hà,✅ Toàn bộ
Lào Cai,xã Liên Minh,xã Mường Bo,✅ Toàn bộ
Lào Cai,xã Mường Bo,xã Mường Bo,✅ Toàn bộ
Lào Cai,xã Thanh Bình (thị xã Sa Pa),xã Bản Hồ,✅ Toàn bộ
Lào Cai,xã Bản Hồ,xã Bản Hồ,✅ Toàn bộ
Lào Cai,xã Hoàng Liên,xã Tả Van,✅ Toàn bộ
Lào Cai,Mường Hoa,xã Tả Van,✅ Toàn bộ
Lào Cai,Tả Van,xã Tả Van,✅ Toàn bộ
Lào Cai,xã Trung Chải,xã Tả Phìn,✅ Toàn bộ
Lào Cai,xã Tả Phìn,xã Tả Phìn,✅ Toàn bộ
Lào Cai,xã Nậm Lúc,xã Cốc Lầu,✅ Toàn bộ
Lào Cai,Bản Cái,xã Cốc Lầu,✅ Toàn bộ
Lào Cai,Cốc Lầu,xã Cốc Lầu,✅ Toàn bộ
Lào Cai,xã Nậm Đét,xã Bảo Nhai,✅ Toàn bộ
Lào Cai,Cốc Ly,xã Bảo Nhai,✅ Toàn bộ
Lào Cai,Bảo Nhai,xã Bảo Nhai,✅ Toàn bộ
Lào Cai,xã Nậm Khánh,xã Bản Liền,✅ Toàn bộ
Lào Cai,xã Bản Liền,xã Bản Liền,✅ Toàn bộ
Lào Cai,thị trấn Bắc Hà,xã Bắc Hà,✅ Toàn bộ
Lào Cai,xã Na Hối,xã Bắc Hà,✅ Toàn bộ
Lào Cai,Thải Giàng Phố,xã Bắc Hà,✅ Toàn bộ
Lào Cai,Bản Phố,xã Bắc Hà,✅ Toàn bộ
Lào Cai,Hoàng Thu Phố,xã Bắc Hà,✅ Toàn bộ
Lào Cai,Nậm Mòn,xã Bắc Hà,✅ Toàn bộ
Lào Cai,xã Lùng Cải,xã Tả Củ Tỷ,✅ Toàn bộ
Lào Cai,xã Tả Củ Tỷ,xã Tả Củ Tỷ,✅ Toàn bộ
Lào Cai,xã Tả Van Chư,xã Lùng Phình,✅ Toàn bộ
Lào Cai,Lùng Phình,xã Lùng Phình,✅ Toàn bộ
Lào Cai,Lùng Thẩn,xã Lùng Phình,✅ Toàn bộ
Lào Cai,xã Tả Ngài Chồ,xã Pha Long,✅ Toàn bộ
Lào Cai,Dìn Chin,xã Pha Long,✅ Toàn bộ
Lào Cai,Tả Gia Khâu,xã Pha Long,✅ Toàn bộ
Lào Cai,Pha Long,xã Pha Long,✅ Toàn bộ
Lào Cai,thị trấn Mường Khương,xã Mường Khương,✅ Toàn bộ
Lào Cai,xã Thanh Bình (huyện Mường Khương),xã Mường Khương,✅ Toàn bộ
Lào Cai,Nậm Chảy,xã Mường Khương,✅ Toàn bộ
Lào Cai,Tung Chung Phố,xã Mường Khương,✅ Toàn bộ
Lào Cai,Nấm Lư,xã Mường Khương,✅ Toàn bộ
Lào Cai,xã Bản Sen,xã Bản Lầu,✅ Toàn bộ
Lào Cai,Lùng Vai,xã Bản Lầu,✅ Toàn bộ
Lào Cai,Bản Lầu,xã Bản Lầu,✅ Toàn bộ
Lào Cai,xã Lùng Khấu Nhin,xã Cao Sơn,✅ Toàn bộ
Lào Cai,Tả Thàng,xã Cao Sơn,✅ Toàn bộ
Lào Cai,La Pan Tẩn,xã Cao Sơn,✅ Toàn bộ
Lào Cai,Cao Sơn,xã Cao Sơn,✅ Toàn bộ
Lào Cai,thị trấn Si Ma Cai,xã Si Ma Cai,✅ Toàn bộ
Lào Cai,xã Sán Chải,xã Si Ma Cai,✅ Toàn bộ
Lào Cai,Nàn Sán,xã Si Ma Cai,✅ Toàn bộ
Lào Cai,Cán Cấu,xã Si Ma Cai,✅ Toàn bộ
Lào Cai,Quan Hồ Thẩn,xã Si Ma Cai,✅ Toàn bộ
Lào Cai,xã Bản Mế,xã Sín Chéng,✅ Toàn bộ
Lào Cai,Thào Chư Phìn,xã Sín Chéng,✅ Toàn bộ
Lào Cai,Nàn Sín,xã Sín Chéng,✅ Toàn bộ
Lào Cai,Sín Chéng,xã Sín Chéng,✅ Toàn bộ
Lào Cai,phường Tân An,phường Nghĩa Lộ,✅ Toàn bộ
Lào Cai,phường Pú Trạng,phường Nghĩa Lộ,✅ Toàn bộ
Lào Cai,xã Nghĩa An,phường Nghĩa Lộ,✅ Toàn bộ
Lào Cai,xã Nghĩa Sơn,phường Nghĩa Lộ,✅ Toàn bộ
Lào Cai,phường Trung Tâm,phường Trung Tâm,✅ Toàn bộ
Lào Cai,xã Phù Nham,phường Trung Tâm,✅ Toàn bộ
Lào Cai,Nghĩa Lợi,phường Trung Tâm,✅ Toàn bộ
Lào Cai,Nghĩa Lộ,phường Trung Tâm,✅ Toàn bộ
Lào Cai,phường Cầu Thia,phường Cầu Thia,✅ Toàn bộ
Lào Cai,xã Thanh Lương,phường Cầu Thia,✅ Toàn bộ
Lào Cai,Thạch Lương,phường Cầu Thia,✅ Toàn bộ
Lào Cai,Phúc Sơn,phường Cầu Thia,✅ Toàn bộ
Lào Cai,Hạnh Sơn,phường Cầu Thia,✅ Toàn bộ
Lào Cai,phường Yên Thịnh,phường Văn Phú,✅ Toàn bộ
Lào Cai,xã Tân Thịnh (thành phố Yên Bái),phường Văn Phú,✅ Toàn bộ
Lào Cai,Văn Phú,phường Văn Phú,✅ Toàn bộ
Lào Cai,Phú Thịnh,phường Văn Phú,✅ Toàn bộ
Lào Cai,phường Đồng Tâm,phường Yên Bái,✅ Toàn bộ
Lào Cai,Yên Ninh,phường Yên Bái,✅ Toàn bộ
Lào Cai,Minh Tân,phường Yên Bái,✅ Toàn bộ
Lào Cai,Nguyễn Thái Học,phường Yên Bái,✅ Toàn bộ
Lào Cai,Hồng Hà,phường Yên Bái,✅ Toàn bộ
Lào Cai,phường Nam Cường (thành phố Yên Bái),phường Nam Cường,✅ Toàn bộ
Lào Cai,xã Minh Bảo,phường Nam Cường,✅ Toàn bộ
Lào Cai,Tuy Lộc,phường Nam Cường,✅ Toàn bộ
Lào Cai,Cường Thịnh,phường Nam Cường,✅ Toàn bộ
Lào Cai,phường Hợp Minh,phường Âu Lâu,✅ Toàn bộ
Lào Cai,xã Giới Phiên,phường Âu Lâu,✅ Toàn bộ
Lào Cai,Minh Quân,phường Âu Lâu,✅ Toàn bộ
Lào Cai,Âu Lâu,phường Âu Lâu,✅ Toàn bộ
Lào Cai,phường Nam Cường (thành phố Lào Cai),phường Cam Đường,✅ Toàn bộ
Lào Cai,Xuân Tăng,phường Cam Đường,✅ Toàn bộ
Lào Cai,Pom Hán,phường Cam Đường,✅ Toàn bộ
Lào Cai,Bắc Cường,phường Cam Đường,✅ Toàn bộ
Lào Cai,Bắc Lệnh,phường Cam Đường,✅ Toàn bộ
Lào Cai,Bình Minh,phường Cam Đường,✅ Toàn bộ
Lào Cai,xã Cam Đường,phường Cam Đường,✅ Toàn bộ
Lào Cai,phường Duyên Hải,phường Lào Cai,✅ Toàn bộ
Lào Cai,Cốc Lếu,phường Lào Cai,✅ Toàn bộ
Lào Cai,Kim Tân,phường Lào Cai,✅ Toàn bộ
Lào Cai,Lào Cai,phường Lào Cai,✅ Toàn bộ
Lào Cai,xã Vạn Hòa,phường Lào Cai,✅ Toàn bộ
Lào Cai,xã Bản Phiệt,phường Lào Cai,✅ Toàn bộ
Lào Cai,phường Hàm Rồng,phường Sa Pa,✅ Toàn bộ
Lào Cai,Ô Quý Hồ,phường Sa Pa,✅ Toàn bộ
Lào Cai,Sa Pả,phường Sa Pa,✅ Toàn bộ
Lào Cai,Cầu Mây,phường Sa Pa,✅ Toàn bộ
Lào Cai,Phan Si Păng,phường Sa Pa,✅ Toàn bộ
Lào Cai,Sa Pa,phường Sa Pa,✅ Toàn bộ
Hải Phòng,phường Dương Quan,phường Thủy Nguyên,✅ Toàn bộ
Hải Phòng,phường Thủy Đường,phường Thủy Nguyên,✅ Toàn bộ
Hải Phòng,phường Hoa Động,phường Thủy Nguyên,⚠️ Một phần (Cần check)
Hải Phòng,An Lư,phường Thủy Nguyên,⚠️ Một phần (Cần check)
Hải Phòng,Thủy Hà,phường Thủy Nguyên,⚠️ Một phần (Cần check)
Hải Phòng,phường Thiên Hương,phường Thiên Hương,✅ Toàn bộ
Hải Phòng,phường Hoàng Lâm,phường Thiên Hương,✅ Toàn bộ
Hải Phòng,phường Nam Triệu Giang,phường Nam Triệu,✅ Toàn bộ
Hải Phòng,Lập Lễ,phường Nam Triệu,✅ Toàn bộ
Hải Phòng,Tam Hưng,phường Nam Triệu,✅ Toàn bộ
Hải Phòng,phường Minh Đức,phường Bạch Đằng,✅ Toàn bộ
Hải Phòng,xã Bạch Đằng (thành phố Thủy Nguyên),phường Bạch Đằng,✅ Toàn bộ
Hải Phòng,phường Phạm Ngũ Lão,phường Bạch Đằng,✅ Toàn bộ
Hải Phòng,phường Trần Hưng Đạo (thành phố Thủy Nguyên),phường Lưu Kiếm,✅ Toàn bộ
Hải Phòng,phường Lưu Kiếm,phường Lưu Kiếm,✅ Toàn bộ
Hải Phòng,phường Hoàng Văn Thụ,phường Hồng Bàng,✅ Toàn bộ
Hải Phòng,Minh Khai,phường Hồng Bàng,✅ Toàn bộ
Hải Phòng,Phan Bội Châu,phường Hồng Bàng,✅ Toàn bộ
Hải Phòng,Thượng Lý,phường Hồng Bàng,✅ Toàn bộ
Hải Phòng,Sở Dầu,phường Hồng Bàng,✅ Toàn bộ
Hải Phòng,Hùng Vương,phường Hồng Bàng,✅ Toàn bộ
Hải Phòng,phường Gia Viên,phường Hồng Bàng,⚠️ Một phần (Cần check)
Hải Phòng,phường Quán Toan,phường Hồng An,✅ Toàn bộ
Hải Phòng,phường An Hồng,phường Hồng An,✅ Toàn bộ
Hải Phòng,cácphường An Hưng,phường Hồng An,⚠️ Một phần (Cần check)
Hải Phòng,Đại Bản,phường Hồng An,⚠️ Một phần (Cần check)
Hải Phòng,Lê Thiện,phường Hồng An,⚠️ Một phần (Cần check)
Hải Phòng,Tân Tiến,phường Hồng An,⚠️ Một phần (Cần check)
Hải Phòng,phường Máy Chai,phườngNgô Quyền,✅ Toàn bộ
Hải Phòng,Vạn Mỹ,phườngNgô Quyền,✅ Toàn bộ
Hải Phòng,Cầu Tre,phườngNgô Quyền,✅ Toàn bộ
Hải Phòng,phường Gia Viên,phườngNgô Quyền,⚠️ Một phần (Cần check)
Hải Phòng,phường Đông Khê,phườngNgô Quyền,⚠️ Một phần (Cần check)
Hải Phòng,phường Đằng Giang,phường Gia Viên,✅ Toàn bộ
Hải Phòng,phường Cầu Đất,phường Gia Viên,⚠️ Một phần (Cần check)
Hải Phòng,phường Lạch Tray,phường Gia Viên,⚠️ Một phần (Cần check)
Hải Phòng,phần còn lại củaphường Gia Viên sau khi sắp xếp theo quy định tại khoản 8,phường Gia Viên,⚠️ Một phần (Cần check)
Hải Phòng,khoản 10 Điều này,phường Gia Viên,⚠️ Một phần (Cần check)
Hải Phòng,phần còn lại của phường Đông Khê sau khi sắp xếp theo quy định tại khoản 10 Điều này,phường Gia Viên,⚠️ Một phần (Cần check)
Hải Phòng,phường Hàng Kênh,phường Lê Chân,✅ Toàn bộ
Hải Phòng,Dư Hàng Kênh,phường Lê Chân,✅ Toàn bộ
Hải Phòng,Kênh Dương,phường Lê Chân,✅ Toàn bộ
Hải Phòng,phường An Biên,phường Lê Chân,⚠️ Một phần (Cần check)
Hải Phòng,Trần Nguyên Hãn,phường Lê Chân,⚠️ Một phần (Cần check)
Hải Phòng,Vĩnh Niệm,phường Lê Chân,⚠️ Một phần (Cần check)
Hải Phòng,phần còn lạicủa phường Cầu Đất,phường Lê Chân,⚠️ Một phần (Cần check)
Hải Phòng,phường Lạch Tray sau khi sắp xếp theo quy định tại khoản 11 Điều này,phường Lê Chân,⚠️ Một phần (Cần check)
Hải Phòng,phường Cát Bi,phường Hải An,✅ Toàn bộ
Hải Phòng,Đằng Lâm,phường Hải An,✅ Toàn bộ
Hải Phòng,Thành Tô,phường Hải An,✅ Toàn bộ
Hải Phòng,Đằng Hải,phường Hải An,✅ Toàn bộ
Hải Phòng,Tràng Cát,phường Hải An,✅ Toàn bộ
Hải Phòng,phường Nam Sơn(quận Kiến An),phường Kiến An,⚠️ Một phần (Cần check)
Hải Phòng,Đồng Hòa,phường Kiến An,⚠️ Một phần (Cần check)
Hải Phòng,Bắc Sơn,phường Kiến An,⚠️ Một phần (Cần check)
Hải Phòng,Trần Thành Ngọvà Văn Đẩu,phường Kiến An,⚠️ Một phần (Cần check)
Hải Phòng,phường Bắc Hà,phường Phù Liễn,✅ Toàn bộ
Hải Phòng,phườngNgọc Sơn,phường Phù Liễn,✅ Toàn bộ
Hải Phòng,thị trấn Trường Sơn,phường Phù Liễn,⚠️ Một phần (Cần check)
Hải Phòng,phần còn lại của,phường Phù Liễn,⚠️ Một phần (Cần check)
Hải Phòng,phường Nam Sơn (quận Kiến An),phường Phù Liễn,⚠️ Một phần (Cần check)
Hải Phòng,Đồng Hòa,phường Phù Liễn,⚠️ Một phần (Cần check)
Hải Phòng,Bắc Sơn,phường Phù Liễn,⚠️ Một phần (Cần check)
Hải Phòng,Trần Thành Ngọ,phường Phù Liễn,⚠️ Một phần (Cần check)
Hải Phòng,Văn Đẩu sau khi sắp xếp theo quy định tại khoản 16 Điều này,phường Phù Liễn,⚠️ Một phần (Cần check)
Hải Phòng,phường Minh Đức (quận Đồ Sơn),phường Nam Đồ Sơn,✅ Toàn bộ
Hải Phòng,Bàng La,phường Nam Đồ Sơn,✅ Toàn bộ
Hải Phòng,Hợp Đức,phường Nam Đồ Sơn,✅ Toàn bộ
Hải Phòng,phường Hải Sơn,phường Đồ Sơn,✅ Toàn bộ
Hải Phòng,phường Tân Thành,phường Đồ Sơn,⚠️ Một phần (Cần check)
Hải Phòng,phần còn lại của phường Vạn Hương,phường Đồ Sơn,⚠️ Một phần (Cần check)
Hải Phòng,phường Ngọc Xuyên sau khi sắp xếp theo quy định tại khoản 18 Điều này,phường Đồ Sơn,⚠️ Một phần (Cần check)
Hải Phòng,phường Đa Phúc,phường Hưng Đạo,✅ Toàn bộ
Hải Phòng,phường Hưng Đạo,phường Hưng Đạo,✅ Toàn bộ
Hải Phòng,phường Anh Dũng,phường Hưng Đạo,⚠️ Một phần (Cần check)
Hải Phòng,phường Hải Thành,phường Hưng Đạo,⚠️ Một phần (Cần check)
Hải Phòng,phường Hòa Nghĩa,phường Dương Kinh,✅ Toàn bộ
Hải Phòng,phần còn lại của phường Tân Thành sau khi sắp xếp theo quy định tại khoản 19 Điều này,phường Dương Kinh,✅ Toàn bộ
Hải Phòng,phần còn lại của phường Anh Dũng,phường Dương Kinh,✅ Toàn bộ
Hải Phòng,phường Hải Thành sau khi sắp xếp theo quy định tại khoản 20 Điều này,phường Dương Kinh,✅ Toàn bộ
Hải Phòng,phường Nam Sơn (quận An Dương),phường An Dương,✅ Toàn bộ
Hải Phòng,phường An Đồng,phường An Hải,✅ Toàn bộ
Hải Phòng,phường Hồng Thái,phường An Hải,✅ Toàn bộ
Hải Phòng,phường Lê Lợivà phần còn lại của phường An Hải,phường An Hải,⚠️ Một phần (Cần check)
Hải Phòng,phường Đồng Thái sau khi sắp xếp theo quy định tại khoản 22 Điều này,phường An Hải,⚠️ Một phần (Cần check)
Hải Phòng,phường An Hòa,phường An Phong,✅ Toàn bộ
Hải Phòng,phườngHồng Phong,phường An Phong,✅ Toàn bộ
Hải Phòng,phần còn lại củaphường Đại Bản,phường An Phong,✅ Toàn bộ
Hải Phòng,phường Lê Thiệnsau khi sắp xếp theo quy định tại khoản 9 Điều này,phường An Phong,✅ Toàn bộ
Hải Phòng,phần còn lại của phường Tân Tiến sau khi sắp xếp theo quy định tại khoản 9 và khoản 22 Điều này,phường An Phong,✅ Toàn bộ
Hải Phòng,phần còn lại của phường Lê Lợi sau khi sắp xếp theo quy định tại khoản 22 và khoản 23 Điều này,phường An Phong,✅ Toàn bộ
Hải Phòng,phường Trần Phú,phường Lê Thanh Nghị,⚠️ Một phần (Cần check)
Hải Phòng,phường Việt Hòa,phường Việt Hòa,✅ Toàn bộ
Hải Phòng,xã Cao An,phường Việt Hòa,✅ Toàn bộ
Hải Phòng,phường Tứ Minh vàthị trấn Lai Cách,phường Việt Hòa,⚠️ Một phần (Cần check)
Hải Phòng,phường Cẩm Thượng,phường Thành Đông,✅ Toàn bộ
Hải Phòng,Bình Hàn,phường Thành Đông,✅ Toàn bộ
Hải Phòng,Nguyễn Trãi,phường Thành Đông,✅ Toàn bộ
Hải Phòng,xã An Thượng,phường Thành Đông,✅ Toàn bộ
Hải Phòng,phường Nam Đồng,phường Nam Đồng,✅ Toàn bộ
Hải Phòng,xã Tiền Tiến,phường Nam Đồng,✅ Toàn bộ
Hải Phòng,phường Hải Tân,phường Tân Hưng,✅ Toàn bộ
Hải Phòng,phườngTân Hưng,phường Tân Hưng,✅ Toàn bộ
Hải Phòng,xã Ngọc Sơn,phường Tân Hưng,✅ Toàn bộ
Hải Phòng,phần còn lại của phường Trần Phú sau khi sắp xếp theo quy định tại khoản 26 Điều này,phường Tân Hưng,✅ Toàn bộ
Hải Phòng,phường Thạch Khôi,phường Thạch Khôi,✅ Toàn bộ
Hải Phòng,xã Gia Xuyên,phường Thạch Khôi,✅ Toàn bộ
Hải Phòng,xãLiên Hồng,phường Thạch Khôi,✅ Toàn bộ
Hải Phòng,xã Thống Nhất,phường Thạch Khôi,⚠️ Một phần (Cần check)
Hải Phòng,xã Cẩm Đoài,phường Tứ Minh,✅ Toàn bộ
Hải Phòng,phần còn lại của phường Tứ Minh,phường Tứ Minh,✅ Toàn bộ
Hải Phòng,thị trấn Lai Cáchsau khi sắp xếp theo quy định tại khoản 27 Điều này,phường Tứ Minh,✅ Toàn bộ
Hải Phòng,phường Ái Quốc,phường Ái Quốc,✅ Toàn bộ
Hải Phòng,xã Quyết Thắng,phường Ái Quốc,✅ Toàn bộ
Hải Phòng,xã Hồng Lạc,phường Ái Quốc,⚠️ Một phần (Cần check)
Hải Phòng,phường Sao Đỏ,phường Chu Văn An,✅ Toàn bộ
Hải Phòng,Văn An,phường Chu Văn An,✅ Toàn bộ
Hải Phòng,Chí Minh,phường Chu Văn An,✅ Toàn bộ
Hải Phòng,Thái Học,phường Chu Văn An,✅ Toàn bộ
Hải Phòng,phường Cộng Hòa,phường Chu Văn An,⚠️ Một phần (Cần check)
Hải Phòng,một phần diện tích tự nhiên của phường Văn Đức,phường Chu Văn An,⚠️ Một phần (Cần check)
Hải Phòng,phường Phả Lại,phườngChí Linh,✅ Toàn bộ
Hải Phòng,phườngCổ Thành,phườngChí Linh,✅ Toàn bộ
Hải Phòng,xã Nhân Huệ,phườngChí Linh,✅ Toàn bộ
Hải Phòng,phường Bến Tắm,phường Nguyễn Trãi,✅ Toàn bộ
Hải Phòng,xã Bắc An,phường Nguyễn Trãi,✅ Toàn bộ
Hải Phòng,xã Hoàng Hoa Thám,phường Nguyễn Trãi,✅ Toàn bộ
Hải Phòng,phường Hoàng Tân,phường Trần Nhân Tông,✅ Toàn bộ
Hải Phòng,phường Hoàng Tiến,phường Trần Nhân Tông,✅ Toàn bộ
Hải Phòng,phường Văn Đức,phường Trần Nhân Tông,⚠️ Một phần (Cần check)
Hải Phòng,phường An Lưu,phường Kinh Môn,✅ Toàn bộ
Hải Phòng,Hiệp An vàLong Xuyên,phường Kinh Môn,✅ Toàn bộ
Hải Phòng,phường An Phụ,phường Trần Liễu,✅ Toàn bộ
Hải Phòng,xãHiệp Hòa,phường Trần Liễu,✅ Toàn bộ
Hải Phòng,xã Thượng Quận,phường Trần Liễu,⚠️ Một phần (Cần check)
Hải Phòng,phường Phạm Thái,phường Phạm Sư Mạnh,✅ Toàn bộ
Hải Phòng,An Sinh,phường Phạm Sư Mạnh,✅ Toàn bộ
Hải Phòng,Hiệp Sơn,phường Phạm Sư Mạnh,✅ Toàn bộ
Hải Phòng,xã An Thái,xã An Hưng,✅ Toàn bộ
Hải Phòng,An Thọ,xã An Hưng,✅ Toàn bộ
Hải Phòng,Chiến Thắng,xã An Hưng,✅ Toàn bộ
Hải Phòng,xã Tân Viên,xã An Khánh,✅ Toàn bộ
Hải Phòng,xãMỹ Đức,xã An Khánh,✅ Toàn bộ
Hải Phòng,xã Thái Sơn,xã An Khánh,⚠️ Một phần (Cần check)
Hải Phòng,xã Bát Trang,xã An Trường,✅ Toàn bộ
Hải Phòng,Trường Thọ,xã An Trường,✅ Toàn bộ
Hải Phòng,Trường Thành,xã An Trường,✅ Toàn bộ
Hải Phòng,thị trấn An Lão,xã An Lão,✅ Toàn bộ
Hải Phòng,xã An Thắng,xã An Lão,✅ Toàn bộ
Hải Phòng,Tân Dân,xã An Lão,✅ Toàn bộ
Hải Phòng,An Tiến,xã An Lão,✅ Toàn bộ
Hải Phòng,phần còn lại của thị trấn Trường Sơn sau khi sắp xếp theo quy định tại khoản 17 Điều này,xã An Lão,✅ Toàn bộ
Hải Phòng,phần còn lại của xã Thái Sơn sau khi sắp xếp theo quy định tại khoản 47 Điều này,xã An Lão,✅ Toàn bộ
Hải Phòng,thị trấn Núi Đối,xã Kiến Thụy,✅ Toàn bộ
Hải Phòng,xãThanh Sơn (huyện Kiến Thụy),xã Kiến Thụy,✅ Toàn bộ
Hải Phòng,Thuận Thiên,xã Kiến Thụy,✅ Toàn bộ
Hải Phòng,Hữu Bằng,xã Kiến Thụy,✅ Toàn bộ
Hải Phòng,xã Kiến Hưng,xã Kiến Thụy,⚠️ Một phần (Cần check)
Hải Phòng,xã Minh Tân (huyện Kiến Thụy),xã Kiến Minh,✅ Toàn bộ
Hải Phòng,Đại Đồng,xã Kiến Minh,✅ Toàn bộ
Hải Phòng,Đông Phương,xã Kiến Minh,✅ Toàn bộ
Hải Phòng,xã Tân Phongvà xã Đại Hợp (huyện Kiến Thụy),xã Kiến Hải,✅ Toàn bộ
Hải Phòng,xã Tú Sơn,xã Kiến Hải,✅ Toàn bộ
Hải Phòng,xã Đoàn Xá,xã Kiến Hải,⚠️ Một phần (Cần check)
Hải Phòng,xã Tân Trào (huyện Kiến Thụy),xã Kiến Hưng,✅ Toàn bộ
Hải Phòng,phần còn lại của xã Kiến Hưng sau khi sắp xếp theo quy định tại khoản 51 Điều nàyvà phần còn lại của xã Đoàn Xá sau khi sắp xếp theo quy định tại khoản 53 Điều này,xã Kiến Hưng,✅ Toàn bộ
Hải Phòng,xã Ngũ Phúc (huyện Kiến Thụy),xã Nghi Dương,✅ Toàn bộ
Hải Phòng,Kiến Quốc,xã Nghi Dương,✅ Toàn bộ
Hải Phòng,Du Lễ,xã Nghi Dương,✅ Toàn bộ
Hải Phòng,xã Đại Thắng,xã Quyết Thắng,✅ Toàn bộ
Hải Phòng,Tiên Cường,xã Quyết Thắng,✅ Toàn bộ
Hải Phòng,Tự Cường,xã Quyết Thắng,✅ Toàn bộ
Hải Phòng,thị trấn Tiên Lãng,xã Tiên Lãng,✅ Toàn bộ
Hải Phòng,xã Quyết Tiến,xã Tiên Lãng,✅ Toàn bộ
Hải Phòng,Tiên Thanh,xã Tiên Lãng,✅ Toàn bộ
Hải Phòng,Khởi Nghĩa,xã Tiên Lãng,✅ Toàn bộ
Hải Phòng,xã Cấp Tiến,xã Tân Minh,✅ Toàn bộ
Hải Phòng,Kiến Thiết,xã Tân Minh,✅ Toàn bộ
Hải Phòng,Đoàn Lập,xã Tân Minh,✅ Toàn bộ
Hải Phòng,xã Tân Minh,xã Tân Minh,⚠️ Một phần (Cần check)
Hải Phòng,xã Tiên Thắng,xã Tiên Minh,✅ Toàn bộ
Hải Phòng,xã Tiên Minh,xã Tiên Minh,✅ Toàn bộ
Hải Phòng,phần còn lại của xã Tân Minh sau khi sắp xếp theo quy định tại khoản 58 Điều này,xã Tiên Minh,✅ Toàn bộ
Hải Phòng,xã Nam Hưng (huyện Tiên Lãng),xã Chấn Hưng,✅ Toàn bộ
Hải Phòng,Bắc Hưng,xã Chấn Hưng,✅ Toàn bộ
Hải Phòng,Đông Hưng,xã Chấn Hưng,✅ Toàn bộ
Hải Phòng,Tây Hưng,xã Chấn Hưng,✅ Toàn bộ
Hải Phòng,xã Trấn Dương,xã Nguyễn Bỉnh Khiêm,✅ Toàn bộ
Hải Phòng,Hòa Bình,xã Nguyễn Bỉnh Khiêm,✅ Toàn bộ
Hải Phòng,Lý Học,xã Nguyễn Bỉnh Khiêm,✅ Toàn bộ
Hải Phòng,xã Tam Cường,xã Vĩnh Am,✅ Toàn bộ
Hải Phòng,Cao Minh,xã Vĩnh Am,✅ Toàn bộ
Hải Phòng,Liên Am,xã Vĩnh Am,✅ Toàn bộ
Hải Phòng,xã Tiền Phong,xã Vĩnh Hải,✅ Toàn bộ
Hải Phòng,xã Vĩnh Hải,xã Vĩnh Hải,✅ Toàn bộ
Hải Phòng,xã Thắng Thủy,xã Vĩnh Thịnh,✅ Toàn bộ
Hải Phòng,Trung Lập,xã Vĩnh Thịnh,✅ Toàn bộ
Hải Phòng,Việt Tiến,xã Vĩnh Thịnh,✅ Toàn bộ
Hải Phòng,xã Vĩnh An,xã Vĩnh Thuận,✅ Toàn bộ
Hải Phòng,Giang Biên,xã Vĩnh Thuận,✅ Toàn bộ
Hải Phòng,Dũng Tiến,xã Vĩnh Thuận,✅ Toàn bộ
Hải Phòng,xã Ninh Sơn,xã Việt Khê,✅ Toàn bộ
Hải Phòng,phần còn lại của xã Liên Xuân sau khi sắp xếp theo quy định tại khoản 6 Điều này,xã Việt Khê,✅ Toàn bộ
Hải Phòng,xã Cộng Hòa,xã Nam An Phụ,⚠️ Một phần (Cần check)
Hải Phòng,cácxã Nam Hưng (huyện Nam Sách),xã Hợp Tiến,✅ Toàn bộ
Hải Phòng,Nam Tân,xã Hợp Tiến,✅ Toàn bộ
Hải Phòng,Hợp Tiến,xã Hợp Tiến,✅ Toàn bộ
Hải Phòng,xã An Bình,xã An Phú,✅ Toàn bộ
Hải Phòng,xã An Phú,xã An Phú,✅ Toàn bộ
Hải Phòng,xã Cộng Hòa sau khi sắp xếp theo quy định tại khoản 70 Điều này,xã An Phú,⚠️ Một phần (Cần check)
Hải Phòng,xã Tân An,xã Hà Tây,✅ Toàn bộ
Hải Phòng,xãAn Phượng,xã Hà Tây,✅ Toàn bộ
Hải Phòng,xã Thanh Hải,xã Hà Tây,⚠️ Một phần (Cần check)
Hải Phòng,xã Tân Việt (huyện Thanh Hà),xã Hà Bắc,✅ Toàn bộ
Hải Phòng,xã Cẩm Việtvà phần còn lại của xã Hồng Lạc sau khi sắp xếp theo quy định tại khoản 33 Điều này,xã Hà Bắc,⚠️ Một phần (Cần check)
Hải Phòng,xã Thanh Xuân,xã Hà Nam,✅ Toàn bộ
Hải Phòng,Liên Mạc,xã Hà Nam,✅ Toàn bộ
Hải Phòng,Thanh Lang,xã Hà Nam,✅ Toàn bộ
Hải Phòng,xã Thanh An,xã Hà Nam,⚠️ Một phần (Cần check)
Hải Phòng,một phần diện tích tự nhiên của xã Hòa Bình,xã Hà Nam,⚠️ Một phần (Cần check)
Hải Phòng,xã Thanh Hồng,xã Hà Đông,✅ Toàn bộ
Hải Phòng,Vĩnh Cường,xã Hà Đông,✅ Toàn bộ
Hải Phòng,Thanh Quang,xã Hà Đông,✅ Toàn bộ
Hải Phòng,xã Tân Trường,xã Mao Điền,✅ Toàn bộ
Hải Phòng,xã Cẩm Đông,xã Mao Điền,✅ Toàn bộ
Hải Phòng,xã Phúc Điền,xã Mao Điền,⚠️ Một phần (Cần check)
Hải Phòng,thị trấn Cẩm Giang,xã Cẩm Giang,✅ Toàn bộ
Hải Phòng,xã Định Sơn vàxã Cẩm Hoàng,xã Cẩm Giang,✅ Toàn bộ
Hải Phòng,xã Đức Chính,xã Tuệ Tĩnh,✅ Toàn bộ
Hải Phòng,Cẩm Vũ,xã Tuệ Tĩnh,✅ Toàn bộ
Hải Phòng,Cẩm Văn,xã Tuệ Tĩnh,✅ Toàn bộ
Hải Phòng,xã Vĩnh Hồng,xã Kẻ Sặt,⚠️ Một phần (Cần check)
Hải Phòng,xã Thúc Kháng,xã Đường An,⚠️ Một phần (Cần check)
Hải Phòng,Thái Minh,xã Đường An,⚠️ Một phần (Cần check)
Hải Phòng,Tân Hồng,xã Đường An,⚠️ Một phần (Cần check)
Hải Phòng,Thái Dương,xã Đường An,⚠️ Một phần (Cần check)
Hải Phòng,một phần diện tích tự nhiên của xã Thái Hòa,xã Đường An,⚠️ Một phần (Cần check)
Hải Phòng,xã Bình Xuyên (huyện Bình Giang),xã Thượng Hồng,✅ Toàn bộ
Hải Phòng,xã Thanh Tùng,xã Thượng Hồng,⚠️ Một phần (Cần check)
Hải Phòng,xã Đoàn Tùng,xã Thượng Hồng,⚠️ Một phần (Cần check)
Hải Phòng,phần còn lại củacác xã Thúc Kháng,xã Thượng Hồng,⚠️ Một phần (Cần check)
Hải Phòng,Thái Minh,xã Thượng Hồng,⚠️ Một phần (Cần check)
Hải Phòng,Tân Hồng,xã Thượng Hồng,⚠️ Một phần (Cần check)
Hải Phòng,Thái Dương,xã Thượng Hồng,⚠️ Một phần (Cần check)
Hải Phòng,Thái Hòa sau khi sắp xếp theo quy định tại khoản 87 Điều này,xã Thượng Hồng,⚠️ Một phần (Cần check)
Hải Phòng,xã Gia Tiến,xã Gia Lộc,✅ Toàn bộ
Hải Phòng,thị trấn Gia Lộc,xã Gia Lộc,⚠️ Một phần (Cần check)
Hải Phòng,xã Gia Phúc,xã Gia Lộc,⚠️ Một phần (Cần check)
Hải Phòng,xã Yết Kiêu,xã Gia Lộc,⚠️ Một phần (Cần check)
Hải Phòng,một phần diện tích tự nhiên của xã Lê Lợi (huyện Gia Lộc),xã Gia Lộc,⚠️ Một phần (Cần check)
Hải Phòng,xã Thống Nhất sau khi sắp xếp theo quy định tại khoản 31 Điều này,xã Yết Kiêu,✅ Toàn bộ
Hải Phòng,phần còn lại của xã Lê Lợi(huyện Gia Lộc),xã Yết Kiêu,✅ Toàn bộ
Hải Phòng,xã Yết Kiêu sau khi sắp xếp theo quy định tại khoản 89 Điều này,xã Yết Kiêu,✅ Toàn bộ
Hải Phòng,xã Toàn Thắng,xã Gia Phúc,✅ Toàn bộ
Hải Phòng,Hoàng Diệu,xã Gia Phúc,✅ Toàn bộ
Hải Phòng,Hồng Hưng,xã Gia Phúc,✅ Toàn bộ
Hải Phòng,xã Thống Kênh,xã Trường Tân,✅ Toàn bộ
Hải Phòng,Đoàn Thượng,xã Trường Tân,✅ Toàn bộ
Hải Phòng,Quang Đức sau khi sắp xếp theo quy định tại khoản 91 Điều này,xã Trường Tân,✅ Toàn bộ
Hải Phòng,xã Đại Hợp (huyện Tứ Kỳ),xã Tân Kỳ,✅ Toàn bộ
Hải Phòng,Tân Kỳ,xã Tân Kỳ,✅ Toàn bộ
Hải Phòng,Dân An,xã Tân Kỳ,✅ Toàn bộ
Hải Phòng,Kỳ Sơn,xã Tân Kỳ,✅ Toàn bộ
Hải Phòng,xã Hưng Đạo (huyện Tứ Kỳ),xã Tân Kỳ,⚠️ Một phần (Cần check)
Hải Phòng,xã An Thanh,xã Chí Minh,✅ Toàn bộ
Hải Phòng,Văn Tố,xã Chí Minh,✅ Toàn bộ
Hải Phòng,Chí Minh,xã Chí Minh,✅ Toàn bộ
Hải Phòng,xã Tiên Động,xã Lạc Phượng,⚠️ Một phần (Cần check)
Hải Phòng,xã Hà Kỳ,xã Nguyên Giáp,✅ Toàn bộ
Hải Phòng,Nguyên Giáp,xã Nguyên Giáp,✅ Toàn bộ
Hải Phòng,Hà Thanh,xã Nguyên Giáp,✅ Toàn bộ
Hải Phòng,phần còn lại của xã Tiên Động sau khi sắp xếp theo quy định tại khoản 97 Điều này,xã Nguyên Giáp,✅ Toàn bộ
Hải Phòng,thị trấn Ninh Giang vàcác xã Vĩnh Hòa (huyện Ninh Giang),xã Ninh Giang,✅ Toàn bộ
Hải Phòng,Hồng Dụ,xã Ninh Giang,✅ Toàn bộ
Hải Phòng,Hiệp Lực,xã Ninh Giang,✅ Toàn bộ
Hải Phòng,xã Ứng Hòe,xã Vĩnh Lại,✅ Toàn bộ
Hải Phòng,Tân Hương,xã Vĩnh Lại,✅ Toàn bộ
Hải Phòng,Nghĩa An,xã Vĩnh Lại,✅ Toàn bộ
Hải Phòng,xã Tân Phong (huyện Ninh Giang),xã Tân An,✅ Toàn bộ
Hải Phòng,An Đức,xã Tân An,✅ Toàn bộ
Hải Phòng,Đức Phúc,xã Tân An,✅ Toàn bộ
Hải Phòng,xã Tân Quang,xã Hồng Châu,✅ Toàn bộ
Hải Phòng,Văn Hội,xã Hồng Châu,✅ Toàn bộ
Hải Phòng,Hưng Long,xã Hồng Châu,✅ Toàn bộ
Hải Phòng,xã Cao Thắng,xã Thanh Miện,✅ Toàn bộ
Hải Phòng,Ngũ Hùng,xã Thanh Miện,✅ Toàn bộ
Hải Phòng,Tứ Cường,xã Thanh Miện,✅ Toàn bộ
Hải Phòng,phần còn lại của thị trấn Thanh Miện sau khi sắp xếp theo quy định tại khoản 92 Điều này,xã Thanh Miện,✅ Toàn bộ
Hải Phòng,xã Hồng Quang,xã Bắc Thanh Miện,✅ Toàn bộ
Hải Phòng,Lam Sơn,xã Bắc Thanh Miện,✅ Toàn bộ
Hải Phòng,Lê Hồng,xã Bắc Thanh Miện,✅ Toàn bộ
Hải Phòng,xã Tân Trào (huyện Thanh Miện),xã Hải Hưng,✅ Toàn bộ
Hải Phòng,Ngô Quyền,xã Hải Hưng,✅ Toàn bộ
Hải Phòng,Đoàn Kết,xã Hải Hưng,✅ Toàn bộ
Hải Phòng,xã Phạm Kha,xã Nguyễn Lương Bằng,✅ Toàn bộ
Hải Phòng,xã Nhân Quyền,xã Nguyễn Lương Bằng,✅ Toàn bộ
Hải Phòng,phần còn lại của xã Thanh Tùng,xã Nguyễn Lương Bằng,✅ Toàn bộ
Hải Phòng,xã Đoàn Tùng sau khi sắp xếp theo quy định tại khoản 88 Điều này,xã Nguyễn Lương Bằng,✅ Toàn bộ
Hải Phòng,xã Hồng Phong(huyện Thanh Miện),xã Nam Thanh Miện,✅ Toàn bộ
Hải Phòng,Thanh Giang,xã Nam Thanh Miện,✅ Toàn bộ
Hải Phòng,Chi Lăng Bắc,xã Nam Thanh Miện,✅ Toàn bộ
Hải Phòng,Chi Lăng Nam,xã Nam Thanh Miện,✅ Toàn bộ
Hải Phòng,xã Lai Khê,xã Lai Khê,✅ Toàn bộ
Hải Phòng,phần còn lại củaxã Vũ Dũng,xã Lai Khê,✅ Toàn bộ
Hải Phòng,xã Tuấn Việtsau khi sắp xếp theo quy định tại khoản 70 Điều này,xã Lai Khê,✅ Toàn bộ
Hải Phòng,phần còn lại của xã Cộng Hoà sau khi sắp xếp theo quy định tại khoản 70,xã Lai Khê,✅ Toàn bộ
Hải Phòng,khoản 75 Điều này,xã Lai Khê,✅ Toàn bộ
Hải Phòng,phần còn lại của xã Thanh An sau khi sắp xếp theo quy định tại khoản 79 Điều này,xã Lai Khê,✅ Toàn bộ
Hải Phòng,phần còn lại của xã Cẩm Việt sau khi sắp xếp theo quy định tại khoản 78 Điều này,xã Lai Khê,✅ Toàn bộ
Hải Phòng,xã Ngũ Phúc(huyện Kim Thành),xã An Thành,✅ Toàn bộ
Hải Phòng,Kim Tân,xã An Thành,✅ Toàn bộ
Hải Phòng,Kim Đính,xã An Thành,✅ Toàn bộ
Quảng Trị,xã Quảng Hòa,xã Nam Gianh,✅ Toàn bộ
Quảng Trị,Quảng Lộc,xã Nam Gianh,✅ Toàn bộ
Quảng Trị,Quảng Văn,xã Nam Gianh,✅ Toàn bộ
Quảng Trị,Quảng Minh,xã Nam Gianh,✅ Toàn bộ
Quảng Trị,xã Quảng Tân,xã Nam Ba Đồn,✅ Toàn bộ
Quảng Trị,Quảng Trung,xã Nam Ba Đồn,✅ Toàn bộ
Quảng Trị,Quảng Tiên,xã Nam Ba Đồn,✅ Toàn bộ
Quảng Trị,Quảng Sơn,xã Nam Ba Đồn,✅ Toàn bộ
Quảng Trị,Quảng Thủy,xã Nam Ba Đồn,✅ Toàn bộ
Quảng Trị,xã Hóa Sơn,xã Kim Điền,✅ Toàn bộ
Quảng Trị,xã Hóa Hợp,xã Kim Điền,✅ Toàn bộ
Quảng Trị,xã Thượng Hóa,xã Kim Phú,✅ Toàn bộ
Quảng Trị,Trung Hóa,xã Kim Phú,✅ Toàn bộ
Quảng Trị,Minh Hóa,xã Kim Phú,✅ Toàn bộ
Quảng Trị,Tân Hóa,xã Kim Phú,✅ Toàn bộ
Quảng Trị,xã Phù Cảnh,xã Tân Gianh,✅ Toàn bộ
Quảng Trị,Liên Trường,xã Tân Gianh,✅ Toàn bộ
Quảng Trị,Quảng Thanh,xã Tân Gianh,✅ Toàn bộ
Quảng Trị,xã Quảng Lưu,xã Trung Thuần,✅ Toàn bộ
Quảng Trị,Quảng Thạch,xã Trung Thuần,✅ Toàn bộ
Quảng Trị,Quảng Tiến,xã Trung Thuần,✅ Toàn bộ
Quảng Trị,xã Quảng Phương,xã Quảng Trạch,✅ Toàn bộ
Quảng Trị,Quảng Xuân,xã Quảng Trạch,✅ Toàn bộ
Quảng Trị,Quảng Hưng,xã Quảng Trạch,✅ Toàn bộ
Quảng Trị,xã Quảng Châu,xã Hòa Trạch,✅ Toàn bộ
Quảng Trị,Quảng Tùng,xã Hòa Trạch,✅ Toàn bộ
Quảng Trị,Cảnh Dương,xã Hòa Trạch,✅ Toàn bộ
Quảng Trị,xã Quảng Đông,xã Phú Trạch,✅ Toàn bộ
Quảng Trị,Quảng Phú,xã Phú Trạch,✅ Toàn bộ
Quảng Trị,Quảng Kim,xã Phú Trạch,✅ Toàn bộ
Quảng Trị,Quảng Hợp,xã Phú Trạch,✅ Toàn bộ
Quảng Trị,xã Tân Trạch,xã Thượng Trạch,✅ Toàn bộ
Quảng Trị,xã Thượng Trạch,xã Thượng Trạch,✅ Toàn bộ
Quảng Trị,thị trấn Phong Nha và,xã Phong Nha,✅ Toàn bộ
Quảng Trị,xã Lâm Trạch,xã Phong Nha,✅ Toàn bộ
Quảng Trị,Xuân Trạch,xã Phong Nha,✅ Toàn bộ
Quảng Trị,Phúc Trạch,xã Phong Nha,✅ Toàn bộ
Quảng Trị,xã Thanh Trạch,xã Bắc Trạch,✅ Toàn bộ
Quảng Trị,Hạ Mỹ,xã Bắc Trạch,✅ Toàn bộ
Quảng Trị,Liên Trạch,xã Bắc Trạch,✅ Toàn bộ
Quảng Trị,Bắc Trạch,xã Bắc Trạch,✅ Toàn bộ
Quảng Trị,xã Hải Phú (huyện Bố Trạch),xã Đông Trạch,✅ Toàn bộ
Quảng Trị,Sơn Lộc,xã Đông Trạch,✅ Toàn bộ
Quảng Trị,Đức Trạch,xã Đông Trạch,✅ Toàn bộ
Quảng Trị,Đồng Trạch,xã Đông Trạch,✅ Toàn bộ
Quảng Trị,thị trấn Hoàn Lão và,xã Hoàn Lão,✅ Toàn bộ
Quảng Trị,xã Trung Trạch,xã Hoàn Lão,✅ Toàn bộ
Quảng Trị,Đại Trạch,xã Hoàn Lão,✅ Toàn bộ
Quảng Trị,Tây Trạch,xã Hoàn Lão,✅ Toàn bộ
Quảng Trị,Hòa Trạch,xã Hoàn Lão,✅ Toàn bộ
Quảng Trị,xã Hưng Trạch,xã Bố Trạch,✅ Toàn bộ
Quảng Trị,Cự Nẫm,xã Bố Trạch,✅ Toàn bộ
Quảng Trị,Vạn Trạch,xã Bố Trạch,✅ Toàn bộ
Quảng Trị,Phú Định,xã Bố Trạch,✅ Toàn bộ
Quảng Trị,thị trấn Nông trường Việt Trung,xã Nam Trạch,✅ Toàn bộ
Quảng Trị,xã Nhân Trạch,xã Nam Trạch,✅ Toàn bộ
Quảng Trị,xã Lý Nam,xã Nam Trạch,✅ Toàn bộ
Quảng Trị,thị trấn Quán Hàu,xã Quảng Ninh,✅ Toàn bộ
Quảng Trị,xã Vĩnh Ninh,xã Quảng Ninh,✅ Toàn bộ
Quảng Trị,Võ Ninh,xã Quảng Ninh,✅ Toàn bộ
Quảng Trị,Hàm Ninh,xã Quảng Ninh,✅ Toàn bộ
Quảng Trị,xã Tân Ninh,xã Ninh Châu,✅ Toàn bộ
Quảng Trị,Gia Ninh,xã Ninh Châu,✅ Toàn bộ
Quảng Trị,Duy Ninh,xã Ninh Châu,✅ Toàn bộ
Quảng Trị,Hải Ninh,xã Ninh Châu,✅ Toàn bộ
Quảng Trị,xã Vạn Ninh,xã Trường Ninh,✅ Toàn bộ
Quảng Trị,An Ninh,xã Trường Ninh,✅ Toàn bộ
Quảng Trị,Xuân Ninh,xã Trường Ninh,✅ Toàn bộ
Quảng Trị,Hiền Ninh,xã Trường Ninh,✅ Toàn bộ
Quảng Trị,xã Trường Xuân,xã Trường Sơn,✅ Toàn bộ
Quảng Trị,xã Trường Sơn,xã Trường Sơn,✅ Toàn bộ
Quảng Trị,xã Cam Thủy (huyện Lệ Thủy),xã Cam Hồng,✅ Toàn bộ
Quảng Trị,Thanh Thủy,xã Cam Hồng,✅ Toàn bộ
Quảng Trị,Hồng Thủy,xã Cam Hồng,✅ Toàn bộ
Quảng Trị,Ngư Thủy Bắc,xã Cam Hồng,✅ Toàn bộ
Quảng Trị,thị trấn Hồ Xá,xã Vĩnh Linh,✅ Toàn bộ
Quảng Trị,xã Vĩnh Long,xã Vĩnh Linh,✅ Toàn bộ
Quảng Trị,xã Vĩnh Chấp,xã Vĩnh Linh,✅ Toàn bộ
Quảng Trị,thị trấn Cửa Tùng và,xã Cửa Tùng,✅ Toàn bộ
Quảng Trị,xã Vĩnh Giang,xã Cửa Tùng,✅ Toàn bộ
Quảng Trị,Hiền Thành,xã Cửa Tùng,✅ Toàn bộ
Quảng Trị,Kim Thạch,xã Cửa Tùng,✅ Toàn bộ
Quảng Trị,xã Vĩnh Thái,xã Vĩnh Hoàng,✅ Toàn bộ
Quảng Trị,Trung Nam,xã Vĩnh Hoàng,✅ Toàn bộ
Quảng Trị,Vĩnh Hòa,xã Vĩnh Hoàng,✅ Toàn bộ
Quảng Trị,Vĩnh Tú,xã Vĩnh Hoàng,✅ Toàn bộ
Quảng Trị,thị trấnBến Quan và,xã Bến Quan,✅ Toàn bộ
Quảng Trị,xã Vĩnh Ô,xã Bến Quan,✅ Toàn bộ
Quảng Trị,Vĩnh Hà,xã Bến Quan,✅ Toàn bộ
Quảng Trị,Vĩnh Khê,xã Bến Quan,✅ Toàn bộ
Quảng Trị,xã Hải Thái,xã Cồn Tiên,✅ Toàn bộ
Quảng Trị,Linh Trường,xã Cồn Tiên,✅ Toàn bộ
Quảng Trị,Gio An,xã Cồn Tiên,✅ Toàn bộ
Quảng Trị,Gio Sơn,xã Cồn Tiên,✅ Toàn bộ
Quảng Trị,thị trấn Cửa Việt,xã Cửa Việt,✅ Toàn bộ
Quảng Trị,xã Gio Mai,xã Cửa Việt,✅ Toàn bộ
Quảng Trị,xã Gio Hải,xã Cửa Việt,✅ Toàn bộ
Quảng Trị,thị trấn Gio Linh,xã Gio Linh,✅ Toàn bộ
Quảng Trị,xã Gio Quang,xã Gio Linh,✅ Toàn bộ
Quảng Trị,Gio Mỹ,xã Gio Linh,✅ Toàn bộ
Quảng Trị,Phong Bình,xã Gio Linh,✅ Toàn bộ
Quảng Trị,xã Trung Hải,xã Bến Hải,✅ Toàn bộ
Quảng Trị,Trung Giang,xã Bến Hải,✅ Toàn bộ
Quảng Trị,Trung Sơn,xã Bến Hải,✅ Toàn bộ
Quảng Trị,thị trấn Cam Lộ,xã Cam Lộ,✅ Toàn bộ
Quảng Trị,xã Cam Thành,xã Cam Lộ,✅ Toàn bộ
Quảng Trị,Cam Chính,xã Cam Lộ,✅ Toàn bộ
Quảng Trị,Cam Nghĩa,xã Cam Lộ,✅ Toàn bộ
Quảng Trị,xã Cam Thủy (huyện Cam Lộ),xã Hiếu Giang,✅ Toàn bộ
Quảng Trị,Cam Hiếu,xã Hiếu Giang,✅ Toàn bộ
Quảng Trị,Cam Tuyền,xã Hiếu Giang,✅ Toàn bộ
Quảng Trị,Thanh An,xã Hiếu Giang,✅ Toàn bộ
Quảng Trị,xã A Bung,xã La Lay,✅ Toàn bộ
Quảng Trị,xã A Ngo,xã La Lay,✅ Toàn bộ
Quảng Trị,xã A Vao,xã Tà Rụt,✅ Toàn bộ
Quảng Trị,Húc Nghì,xã Tà Rụt,✅ Toàn bộ
Quảng Trị,Tà Rụt,xã Tà Rụt,✅ Toàn bộ
Quảng Trị,xã Ba Nang,xã Đakrông,✅ Toàn bộ
Quảng Trị,Tà Long,xã Đakrông,✅ Toàn bộ
Quảng Trị,Đakrông,xã Đakrông,✅ Toàn bộ
Quảng Trị,xã Hướng Việt,xã Hướng Lập,✅ Toàn bộ
Quảng Trị,xã Hướng Lập,xã Hướng Lập,✅ Toàn bộ
Quảng Trị,xã Hướng Sơn,xã Hướng Phùng,✅ Toàn bộ
Quảng Trị,Hướng Linh,xã Hướng Phùng,✅ Toàn bộ
Quảng Trị,Hướng Phùng,xã Hướng Phùng,✅ Toàn bộ
Quảng Trị,thị trấn Khe Sanh,xã Khe Sanh,✅ Toàn bộ
Quảng Trị,xã Tân Hợp,xã Khe Sanh,✅ Toàn bộ
Quảng Trị,Húc,xã Khe Sanh,✅ Toàn bộ
Quảng Trị,Hướng Tân,xã Khe Sanh,✅ Toàn bộ
Quảng Trị,xã Tân Liên,xã Tân Lập,✅ Toàn bộ
Quảng Trị,Hướng Lộc,xã Tân Lập,✅ Toàn bộ
Quảng Trị,Tân Lập,xã Tân Lập,✅ Toàn bộ
Quảng Trị,xã Thanh,xã Lìa,✅ Toàn bộ
Quảng Trị,Thuận,xã Lìa,✅ Toàn bộ
Quảng Trị,Lìa,xã Lìa,✅ Toàn bộ
Quảng Trị,xã Ba Tầng,xã A Dơi,✅ Toàn bộ
Quảng Trị,Xy,xã A Dơi,✅ Toàn bộ
Quảng Trị,A Dơi,xã A Dơi,✅ Toàn bộ
Quảng Trị,thị trấn Ái Tử,xã Triệu Phong,✅ Toàn bộ
Quảng Trị,xã Triệu Thành,xã Triệu Phong,✅ Toàn bộ
Quảng Trị,xã Triệu Thượng,xã Triệu Phong,✅ Toàn bộ
Quảng Trị,xã Triệu Ái,xã Ái Tử,✅ Toàn bộ
Quảng Trị,Triệu Giang,xã Ái Tử,✅ Toàn bộ
Quảng Trị,Triệu Long,xã Ái Tử,✅ Toàn bộ
Quảng Trị,xã Triệu Độ,xã Triệu Bình,✅ Toàn bộ
Quảng Trị,Triệu Thuận,xã Triệu Bình,✅ Toàn bộ
Quảng Trị,Triệu Hòa,xã Triệu Bình,✅ Toàn bộ
Quảng Trị,Triệu Đại,xã Triệu Bình,✅ Toàn bộ
Quảng Trị,xã Triệu Trung,xã Triệu Cơ,✅ Toàn bộ
Quảng Trị,Triệu Tài,xã Triệu Cơ,✅ Toàn bộ
Quảng Trị,Triệu Cơ,xã Triệu Cơ,✅ Toàn bộ
Quảng Trị,xã Triệu Trạch,xã Nam Cửa Việt,✅ Toàn bộ
Quảng Trị,Triệu Phước,xã Nam Cửa Việt,✅ Toàn bộ
Quảng Trị,Triệu Tân,xã Nam Cửa Việt,✅ Toàn bộ
Quảng Trị,thị trấn Diên Sanh,xã Diên Sanh,✅ Toàn bộ
Quảng Trị,xã Hải Trường,xã Diên Sanh,✅ Toàn bộ
Quảng Trị,xã Hải Định,xã Diên Sanh,✅ Toàn bộ
Quảng Trị,xã Hải Dương,xã Mỹ Thủy,✅ Toàn bộ
Quảng Trị,Hải An,xã Mỹ Thủy,✅ Toàn bộ
Quảng Trị,Hải Khê,xã Mỹ Thủy,✅ Toàn bộ
Quảng Trị,xã Hải Sơn,xã Nam Hải Lăng,✅ Toàn bộ
Quảng Trị,Hải Phong,xã Nam Hải Lăng,✅ Toàn bộ
Quảng Trị,Hải Chánh,xã Nam Hải Lăng,✅ Toàn bộ
Quảng Trị,xã Hải Quy,xã Vĩnh Định,✅ Toàn bộ
Quảng Trị,Hải Hưng,xã Vĩnh Định,✅ Toàn bộ
Quảng Trị,Hải Bình,xã Vĩnh Định,✅ Toàn bộ
Quảng Trị,phường Đức Ninh Đông,phường Đồng Hới,✅ Toàn bộ
Quảng Trị,Đồng Hải,phường Đồng Hới,✅ Toàn bộ
Quảng Trị,Đồng Phú,phường Đồng Hới,✅ Toàn bộ
Quảng Trị,Phú Hải,phường Đồng Hới,✅ Toàn bộ
Quảng Trị,Hải Thành,phường Đồng Hới,✅ Toàn bộ
Quảng Trị,Nam Lý,phường Đồng Hới,✅ Toàn bộ
Quảng Trị,xã Bảo Ninh,phường Đồng Hới,✅ Toàn bộ
Quảng Trị,xã Đức Ninh,phường Đồng Hới,✅ Toàn bộ
Quảng Trị,phường Bắc Lý,phường Đồng Thuận,✅ Toàn bộ
Quảng Trị,xã Lộc Ninh,phường Đồng Thuận,✅ Toàn bộ
Quảng Trị,xã Quang Phú,phường Đồng Thuận,✅ Toàn bộ
Quảng Trị,phường Bắc Nghĩa,phường Đồng Sơn,✅ Toàn bộ
Quảng Trị,phường Đồng Sơn,phường Đồng Sơn,✅ Toàn bộ
Quảng Trị,xã Nghĩa Ninh,phường Đồng Sơn,✅ Toàn bộ
Quảng Trị,xã Thuận Đức,phường Đồng Sơn,✅ Toàn bộ
Quảng Trị,phường Quảng Phong,phường Ba Đồn,✅ Toàn bộ
Quảng Trị,Quảng Long,phường Ba Đồn,✅ Toàn bộ
Quảng Trị,Ba Đồn,phường Ba Đồn,✅ Toàn bộ
Quảng Trị,xã Quảng Hải,phường Ba Đồn,✅ Toàn bộ
Quảng Trị,phường Quảng Phúc,phường Bắc Gianh,✅ Toàn bộ
Quảng Trị,Quảng Thọ,phường Bắc Gianh,✅ Toàn bộ
Quảng Trị,Quảng Thuận,phường Bắc Gianh,✅ Toàn bộ
Quảng Trị,Phường 1 và Phường 3 (thành phố Đông Hà),phường Đông Hà,✅ Toàn bộ
Quảng Trị,Phường 4,phường Đông Hà,✅ Toàn bộ
Quảng Trị,phườngĐông Giang,phường Đông Hà,✅ Toàn bộ
Quảng Trị,phườngĐông Thanh,phường Đông Hà,✅ Toàn bộ
Quảng Trị,Phường 2 (thành phố Đông Hà),phường Nam Đông Hà,✅ Toàn bộ
Quảng Trị,Phường 5,phường Nam Đông Hà,✅ Toàn bộ
Quảng Trị,phườngĐông Lễ,phường Nam Đông Hà,✅ Toàn bộ
Quảng Trị,phườngĐông Lương,phường Nam Đông Hà,✅ Toàn bộ
Quảng Trị,Phường 1,phường Quảng Trị,✅ Toàn bộ
Quảng Trị,Phường 2 và Phường 3 (thị xã Quảng Trị),phường Quảng Trị,✅ Toàn bộ
Quảng Trị,phườngAn Đôn,phường Quảng Trị,✅ Toàn bộ
Quảng Trị,xã Hải Lệ,phường Quảng Trị,✅ Toàn bộ
Hà Tĩnh,xã Tượng Sơn,xã Thạch Lạc,✅ Toàn bộ
Hà Tĩnh,Thạch Thắng,xã Thạch Lạc,✅ Toàn bộ
Hà Tĩnh,Thạch Lạc,xã Thạch Lạc,✅ Toàn bộ
Hà Tĩnh,xã Thạch Trị,xã Đồng Tiến,✅ Toàn bộ
Hà Tĩnh,Thạch Hội,xã Đồng Tiến,✅ Toàn bộ
Hà Tĩnh,Thạch Văn,xã Đồng Tiến,✅ Toàn bộ
Hà Tĩnh,xã Đỉnh Bàn,xã Thạch Khê,✅ Toàn bộ
Hà Tĩnh,Thạch Hải,xã Thạch Khê,✅ Toàn bộ
Hà Tĩnh,Thạch Khê,xã Thạch Khê,✅ Toàn bộ
Hà Tĩnh,xã Cẩm Vịnh,xã Cẩm Bình,✅ Toàn bộ
Hà Tĩnh,Thạch Bình,xã Cẩm Bình,✅ Toàn bộ
Hà Tĩnh,Cẩm Thành,xã Cẩm Bình,✅ Toàn bộ
Hà Tĩnh,Cẩm Bình,xã Cẩm Bình,✅ Toàn bộ
Hà Tĩnh,xã Kỳ Phong,xã Kỳ Xuân,✅ Toàn bộ
Hà Tĩnh,Kỳ Bắc,xã Kỳ Xuân,✅ Toàn bộ
Hà Tĩnh,Kỳ Xuân,xã Kỳ Xuân,✅ Toàn bộ
Hà Tĩnh,thị trấn Kỳ Đồng,xã Kỳ Anh,✅ Toàn bộ
Hà Tĩnh,xã Kỳ Giang,xã Kỳ Anh,✅ Toàn bộ
Hà Tĩnh,Kỳ Tiến,xã Kỳ Anh,✅ Toàn bộ
Hà Tĩnh,Kỳ Phú,xã Kỳ Anh,✅ Toàn bộ
Hà Tĩnh,xã Kỳ Tân,xã Kỳ Hoa,✅ Toàn bộ
Hà Tĩnh,xã Kỳ Hoa,xã Kỳ Hoa,✅ Toàn bộ
Hà Tĩnh,xã Kỳ Tây,xã Kỳ Văn,✅ Toàn bộ
Hà Tĩnh,Kỳ Trung,xã Kỳ Văn,✅ Toàn bộ
Hà Tĩnh,Kỳ Văn,xã Kỳ Văn,✅ Toàn bộ
Hà Tĩnh,xã Lâm Hợp,xã Kỳ Lạc,✅ Toàn bộ
Hà Tĩnh,xã Kỳ Lạc,xã Kỳ Lạc,✅ Toàn bộ
Hà Tĩnh,xã Kỳ Sơn,xã Kỳ Thượng,✅ Toàn bộ
Hà Tĩnh,xã Kỳ Thượng,xã Kỳ Thượng,✅ Toàn bộ
Hà Tĩnh,thị trấn Cẩm Xuyên,xã Cẩm Xuyên,✅ Toàn bộ
Hà Tĩnh,xã Cẩm Quang,xã Cẩm Xuyên,✅ Toàn bộ
Hà Tĩnh,xã Cẩm Quan,xã Cẩm Xuyên,✅ Toàn bộ
Hà Tĩnh,thị trấn Thiên Cầm xã Nam Phúc Thăng,xã Thiên Cầm,✅ Toàn bộ
Hà Tĩnh,xã Cẩm Nhượng,xã Thiên Cầm,✅ Toàn bộ
Hà Tĩnh,xã Cẩm Mỹ,xã Cẩm Duệ,✅ Toàn bộ
Hà Tĩnh,Cẩm Thạch,xã Cẩm Duệ,✅ Toàn bộ
Hà Tĩnh,Cẩm Duệ,xã Cẩm Duệ,✅ Toàn bộ
Hà Tĩnh,xã Cẩm Thịnh,xã Cẩm Hưng,✅ Toàn bộ
Hà Tĩnh,Cẩm Hà,xã Cẩm Hưng,✅ Toàn bộ
Hà Tĩnh,Cẩm Hưng,xã Cẩm Hưng,✅ Toàn bộ
Hà Tĩnh,xã Cẩm Minh,xã Cẩm Lạc,✅ Toàn bộ
Hà Tĩnh,Cẩm Sơn,xã Cẩm Lạc,✅ Toàn bộ
Hà Tĩnh,Cẩm Lạc,xã Cẩm Lạc,✅ Toàn bộ
Hà Tĩnh,xã Cẩm Lĩnh,xã Cẩm Trung,✅ Toàn bộ
Hà Tĩnh,Cẩm Lộc,xã Cẩm Trung,✅ Toàn bộ
Hà Tĩnh,Cẩm Trung,xã Cẩm Trung,✅ Toàn bộ
Hà Tĩnh,xã Cẩm Dương,xã Yên Hòa,✅ Toàn bộ
Hà Tĩnh,xã Yên Hòa,xã Yên Hòa,✅ Toàn bộ
Hà Tĩnh,thị trấn Thạch Hà,xã Thạch Hà,✅ Toàn bộ
Hà Tĩnh,xã Thạch Long,xã Thạch Hà,✅ Toàn bộ
Hà Tĩnh,xã Thạch Sơn,xã Thạch Hà,✅ Toàn bộ
Hà Tĩnh,xã Ngọc Sơn,xã Toàn Lưu,✅ Toàn bộ
Hà Tĩnh,xã Lưu Vĩnh Sơn,xã Toàn Lưu,✅ Toàn bộ
Hà Tĩnh,xã Việt Tiến,xã Việt Xuyên,✅ Toàn bộ
Hà Tĩnh,xã Thạch Ngọc,xã Việt Xuyên,✅ Toàn bộ
Hà Tĩnh,xã Thạch Kênh,xã Đông Kinh,✅ Toàn bộ
Hà Tĩnh,Thạch Liên,xã Đông Kinh,✅ Toàn bộ
Hà Tĩnh,Ích Hậu,xã Đông Kinh,✅ Toàn bộ
Hà Tĩnh,xã Nam Điền,xã Thạch Xuân,✅ Toàn bộ
Hà Tĩnh,xã Thạch Xuân,xã Thạch Xuân,✅ Toàn bộ
Hà Tĩnh,thị trấn Lộc Hà,xã Lộc Hà,✅ Toàn bộ
Hà Tĩnh,xã Bình An,xã Lộc Hà,✅ Toàn bộ
Hà Tĩnh,Thịnh Lộc,xã Lộc Hà,✅ Toàn bộ
Hà Tĩnh,Thạch Kim,xã Lộc Hà,✅ Toàn bộ
Hà Tĩnh,xã Tân Lộc,xã Hồng Lộc,✅ Toàn bộ
Hà Tĩnh,xã Hồng Lộc,xã Hồng Lộc,✅ Toàn bộ
Hà Tĩnh,thị trấn Nghènxã Thiên Lộc,xã Can Lộc,✅ Toàn bộ
Hà Tĩnh,xã Vượng Lộc,xã Can Lộc,✅ Toàn bộ
Hà Tĩnh,xã Thuần Thiện,xã Tùng Lộc,✅ Toàn bộ
Hà Tĩnh,xã Tùng Lộc,xã Tùng Lộc,✅ Toàn bộ
Hà Tĩnh,xã Khánh Vĩnh Yên,xã Gia Hanh,✅ Toàn bộ
Hà Tĩnh,Thanh Lộc,xã Gia Hanh,✅ Toàn bộ
Hà Tĩnh,Gia Hanh,xã Gia Hanh,✅ Toàn bộ
Hà Tĩnh,xã Kim Song Trường,xã Trường Lưu,✅ Toàn bộ
Hà Tĩnh,Thường Nga,xã Trường Lưu,✅ Toàn bộ
Hà Tĩnh,Phú Lộc,xã Trường Lưu,✅ Toàn bộ
Hà Tĩnh,xã Sơn Lộc,xã Xuân Lộc,✅ Toàn bộ
Hà Tĩnh,Quang Lộc,xã Xuân Lộc,✅ Toàn bộ
Hà Tĩnh,Xuân Lộc,xã Xuân Lộc,✅ Toàn bộ
Hà Tĩnh,thị trấn Đồng Lộc,xã Đồng Lộc,✅ Toàn bộ
Hà Tĩnh,xã Thượng Lộc,xã Đồng Lộc,✅ Toàn bộ
Hà Tĩnh,xã Mỹ Lộc,xã Đồng Lộc,✅ Toàn bộ
Hà Tĩnh,thị trấn Tiên Điền,xã Tiên Điền,✅ Toàn bộ
Hà Tĩnh,xã Xuân Yên,xã Tiên Điền,✅ Toàn bộ
Hà Tĩnh,Xuân Mỹ,xã Tiên Điền,✅ Toàn bộ
Hà Tĩnh,Xuân Thành,xã Tiên Điền,✅ Toàn bộ
Hà Tĩnh,thị trấn Xuân An,xã Nghi Xuân,✅ Toàn bộ
Hà Tĩnh,xã Xuân Giang,xã Nghi Xuân,✅ Toàn bộ
Hà Tĩnh,Xuân Hồng,xã Nghi Xuân,✅ Toàn bộ
Hà Tĩnh,Xuân Viên,xã Nghi Xuân,✅ Toàn bộ
Hà Tĩnh,Xuân Lĩnh,xã Nghi Xuân,✅ Toàn bộ
Hà Tĩnh,xã Cương Gián,xã Cổ Đạm,✅ Toàn bộ
Hà Tĩnh,Xuân Liên,xã Cổ Đạm,✅ Toàn bộ
Hà Tĩnh,Cổ Đạm,xã Cổ Đạm,✅ Toàn bộ
Hà Tĩnh,xã Đan Trường,xã Đan Hải,✅ Toàn bộ
Hà Tĩnh,Xuân Hải,xã Đan Hải,✅ Toàn bộ
Hà Tĩnh,Xuân Hội,xã Đan Hải,✅ Toàn bộ
Hà Tĩnh,Xuân Phổ,xã Đan Hải,✅ Toàn bộ
Hà Tĩnh,thị trấn Đức Thọ,xã Đức Thọ,✅ Toàn bộ
Hà Tĩnh,xã Tùng Ảnh,xã Đức Thọ,✅ Toàn bộ
Hà Tĩnh,Hòa Lạc,xã Đức Thọ,✅ Toàn bộ
Hà Tĩnh,Tân Dân,xã Đức Thọ,✅ Toàn bộ
Hà Tĩnh,xã Quang Vĩnh,xã Đức Quang,✅ Toàn bộ
Hà Tĩnh,Bùi La Nhân,xã Đức Quang,✅ Toàn bộ
Hà Tĩnh,Yên Hồ,xã Đức Quang,✅ Toàn bộ
Hà Tĩnh,xã Thanh Bình Thịnh,xã Đức Thịnh,✅ Toàn bộ
Hà Tĩnh,Lâm Trung Thủy,xã Đức Thịnh,✅ Toàn bộ
Hà Tĩnh,An Dũng,xã Đức Thịnh,✅ Toàn bộ
Hà Tĩnh,xã Trường Sơn,xã Đức Minh,✅ Toàn bộ
Hà Tĩnh,Tùng Châu,xã Đức Minh,✅ Toàn bộ
Hà Tĩnh,Liên Minh,xã Đức Minh,✅ Toàn bộ
Hà Tĩnh,thị trấn Phố Châu,xã Hương Sơn,✅ Toàn bộ
Hà Tĩnh,xã Sơn Phú,xã Hương Sơn,✅ Toàn bộ
Hà Tĩnh,Sơn Bằng,xã Hương Sơn,✅ Toàn bộ
Hà Tĩnh,Sơn Ninh,xã Hương Sơn,✅ Toàn bộ
Hà Tĩnh,Sơn Trung,xã Hương Sơn,✅ Toàn bộ
Hà Tĩnh,thị trấn Tây Sơn,xã Sơn Tây,✅ Toàn bộ
Hà Tĩnh,xã Sơn Tây,xã Sơn Tây,✅ Toàn bộ
Hà Tĩnh,xã Châu Bình,xã Tứ Mỹ,✅ Toàn bộ
Hà Tĩnh,Tân Mỹ Hà,xã Tứ Mỹ,✅ Toàn bộ
Hà Tĩnh,Mỹ Long,xã Tứ Mỹ,✅ Toàn bộ
Hà Tĩnh,xã Sơn Lâm,xã Sơn Giang,✅ Toàn bộ
Hà Tĩnh,Quang Diệm,xã Sơn Giang,✅ Toàn bộ
Hà Tĩnh,Sơn Giang,xã Sơn Giang,✅ Toàn bộ
Hà Tĩnh,xã Sơn Lễ,xã Sơn Tiến,✅ Toàn bộ
Hà Tĩnh,An Hòa Thịnh,xã Sơn Tiến,✅ Toàn bộ
Hà Tĩnh,Sơn Tiến,xã Sơn Tiến,✅ Toàn bộ
Hà Tĩnh,xã Sơn Lĩnh,xã Sơn Hồng,✅ Toàn bộ
Hà Tĩnh,xã Sơn Hồng,xã Sơn Hồng,✅ Toàn bộ
Hà Tĩnh,xã Hàm Trường,xã Kim Hoa,✅ Toàn bộ
Hà Tĩnh,xã Kim Hoa,xã Kim Hoa,✅ Toàn bộ
Hà Tĩnh,thị trấn Vũ Quang,xã Vũ Quang,✅ Toàn bộ
Hà Tĩnh,xã Hương Minh,xã Vũ Quang,✅ Toàn bộ
Hà Tĩnh,Quang Thọ,xã Vũ Quang,✅ Toàn bộ
Hà Tĩnh,Thọ Điền,xã Vũ Quang,✅ Toàn bộ
Hà Tĩnh,xã Ân Phú,xã Mai Hoa,✅ Toàn bộ
Hà Tĩnh,Đức Giang,xã Mai Hoa,✅ Toàn bộ
Hà Tĩnh,Đức Lĩnh,xã Mai Hoa,✅ Toàn bộ
Hà Tĩnh,xã Đức Bồng,xã Thượng Đức,✅ Toàn bộ
Hà Tĩnh,Đức Hương,xã Thượng Đức,✅ Toàn bộ
Hà Tĩnh,Đức Liên,xã Thượng Đức,✅ Toàn bộ
Hà Tĩnh,thị trấn Hương Khê,xã Hương Khê,✅ Toàn bộ
Hà Tĩnh,xã Hương Long vàxã Phú Gia,xã Hương Khê,✅ Toàn bộ
Hà Tĩnh,xã Hương Giang,xã Hương Phố,✅ Toàn bộ
Hà Tĩnh,Hương Thủy,xã Hương Phố,✅ Toàn bộ
Hà Tĩnh,Gia Phố,xã Hương Phố,✅ Toàn bộ
Hà Tĩnh,xã Lộc Yên,xã Hương Đô,✅ Toàn bộ
Hà Tĩnh,Hương Trà,xã Hương Đô,✅ Toàn bộ
Hà Tĩnh,Hương Đô,xã Hương Đô,✅ Toàn bộ
Hà Tĩnh,xã Điền Mỹ,xã Hà Linh,✅ Toàn bộ
Hà Tĩnh,xã Hà Linh,xã Hà Linh,✅ Toàn bộ
Hà Tĩnh,xã Hòa Hải,xã Hương Bình,✅ Toàn bộ
Hà Tĩnh,Phúc Đồng,xã Hương Bình,✅ Toàn bộ
Hà Tĩnh,Hương Bình,xã Hương Bình,✅ Toàn bộ
Hà Tĩnh,xã Hương Trạch,xã Phúc Trạch,✅ Toàn bộ
Hà Tĩnh,Hương Liên,xã Phúc Trạch,✅ Toàn bộ
Hà Tĩnh,Phúc Trạch,xã Phúc Trạch,✅ Toàn bộ
Hà Tĩnh,xã Hương Lâm,xã Hương Xuân,✅ Toàn bộ
Hà Tĩnh,Hương Vĩnh,xã Hương Xuân,✅ Toàn bộ
Hà Tĩnh,Hương Xuân,xã Hương Xuân,✅ Toàn bộ
Hà Tĩnh,phường Bắc Hà,phường Thành Sen,✅ Toàn bộ
Hà Tĩnh,Thạch Quý,phường Thành Sen,✅ Toàn bộ
Hà Tĩnh,Tân Giang,phường Thành Sen,✅ Toàn bộ
Hà Tĩnh,Thạch Hưng,phường Thành Sen,✅ Toàn bộ
Hà Tĩnh,Nam Hà,phường Thành Sen,✅ Toàn bộ
Hà Tĩnh,Trần Phú,phường Thành Sen,✅ Toàn bộ
Hà Tĩnh,Hà Huy Tập,phường Thành Sen,✅ Toàn bộ
Hà Tĩnh,Văn Yên,phường Thành Sen,✅ Toàn bộ
Hà Tĩnh,phường Đại Nài,phường Thành Sen,⚠️ Một phần (Cần check)
Hà Tĩnh,phường Thạch Trung,phường Trần Phú,✅ Toàn bộ
Hà Tĩnh,Đồng Môn,phường Trần Phú,✅ Toàn bộ
Hà Tĩnh,Thạch Hạ,phường Trần Phú,✅ Toàn bộ
Hà Tĩnh,xã Hộ Độ,phường Trần Phú,✅ Toàn bộ
Hà Tĩnh,xã Tân Lâm Hương,phường Hà Huy Tập,✅ Toàn bộ
Hà Tĩnh,xãThạch Đài,phường Hà Huy Tập,✅ Toàn bộ
Hà Tĩnh,phần còn lại của phường Đại Nài sau khi sắp xếp theo quy định tại khoản 59 Điều này,phường Hà Huy Tập,✅ Toàn bộ
Hà Tĩnh,phường Kỳ Long,phường Vũng Áng,✅ Toàn bộ
Hà Tĩnh,phường Kỳ Thịnh,phường Vũng Áng,✅ Toàn bộ
Hà Tĩnh,toàn bộ diện tích tự nhiên của xã Kỳ Lợi,phường Vũng Áng,✅ Toàn bộ
Hà Tĩnh,phường Hưng Trí,phường Sông Trí,✅ Toàn bộ
Hà Tĩnh,phườngKỳ Trinh,phường Sông Trí,✅ Toàn bộ
Hà Tĩnh,xã Kỳ Châu,phường Sông Trí,✅ Toàn bộ
Hà Tĩnh,xã Kỳ Lợi,phường Sông Trí,⚠️ Một phần (Cần check)
Hà Tĩnh,phường Kỳ Nam,phường Hoành Sơn,✅ Toàn bộ
Hà Tĩnh,Kỳ Phương,phường Hoành Sơn,✅ Toàn bộ
Hà Tĩnh,Kỳ Liên,phường Hoành Sơn,✅ Toàn bộ
Hà Tĩnh,phần quy mô dân số còn lại của xã Kỳ Lợi sau khi sắp xếp theo quy định tại khoản 63 Điều này,phường Hoành Sơn,✅ Toàn bộ
Hà Tĩnh,phường Kỳ Ninh,phường Hải Ninh,✅ Toàn bộ
Hà Tĩnh,xã Kỳ Hà vàxã Kỳ Hải,phường Hải Ninh,✅ Toàn bộ
Hà Tĩnh,phường Bắc Hồng,phườngBắc Hồng Lĩnh,✅ Toàn bộ
Hà Tĩnh,Đức Thuận,phườngBắc Hồng Lĩnh,✅ Toàn bộ
Hà Tĩnh,Trung Lương,phườngBắc Hồng Lĩnh,✅ Toàn bộ
Hà Tĩnh,xã Xuân Lam,phườngBắc Hồng Lĩnh,✅ Toàn bộ
Hà Tĩnh,phường Nam Hồng,phường Nam Hồng Lĩnh,✅ Toàn bộ
Hà Tĩnh,phườngĐậu Liêu,phường Nam Hồng Lĩnh,✅ Toàn bộ
Hà Tĩnh,xã Thuận Lộc,phường Nam Hồng Lĩnh,✅ Toàn bộ
Đà Nẵng,phường Thanh Bình,phường Hải Châu,✅ Toàn bộ
Đà Nẵng,Thuận Phước,phường Hải Châu,✅ Toàn bộ
Đà Nẵng,Thạch Thang,phường Hải Châu,✅ Toàn bộ
Đà Nẵng,Phước Ninh,phường Hải Châu,✅ Toàn bộ
Đà Nẵng,Hải Châu,phường Hải Châu,✅ Toàn bộ
Đà Nẵng,phường Bình Thuận,phường Hòa Cường,✅ Toàn bộ
Đà Nẵng,Hòa Thuận Tây,phường Hòa Cường,✅ Toàn bộ
Đà Nẵng,Hòa Cường Bắc,phường Hòa Cường,✅ Toàn bộ
Đà Nẵng,Hòa Cường Nam,phường Hòa Cường,✅ Toàn bộ
Đà Nẵng,phường Xuân Hà,phường Thanh Khê,✅ Toàn bộ
Đà Nẵng,Chính Gián,phường Thanh Khê,✅ Toàn bộ
Đà Nẵng,Thạc Gián,phường Thanh Khê,✅ Toàn bộ
Đà Nẵng,Thanh Khê Tây,phường Thanh Khê,✅ Toàn bộ
Đà Nẵng,Thanh Khê Đông,phường Thanh Khê,✅ Toàn bộ
Đà Nẵng,phường Hòa An,phường An Khê,✅ Toàn bộ
Đà Nẵng,Hòa Phát,phường An Khê,✅ Toàn bộ
Đà Nẵng,An Khê,phường An Khê,✅ Toàn bộ
Đà Nẵng,phường Phước Mỹ,phường An Hải,✅ Toàn bộ
Đà Nẵng,An Hải Bắc,phường An Hải,✅ Toàn bộ
Đà Nẵng,An Hải Nam,phường An Hải,✅ Toàn bộ
Đà Nẵng,phường Thọ Quang,phường Sơn Trà,✅ Toàn bộ
Đà Nẵng,Nại Hiên Đông,phường Sơn Trà,✅ Toàn bộ
Đà Nẵng,Mân Thái,phường Sơn Trà,✅ Toàn bộ
Đà Nẵng,phường Mỹ An,phường Ngũ Hành Sơn,✅ Toàn bộ
Đà Nẵng,Khuê Mỹ,phường Ngũ Hành Sơn,✅ Toàn bộ
Đà Nẵng,Hòa Hải,phường Ngũ Hành Sơn,✅ Toàn bộ
Đà Nẵng,Hòa Quý,phường Ngũ Hành Sơn,✅ Toàn bộ
Đà Nẵng,phường Hòa Khánh Nam,phường Hòa Khánh,✅ Toàn bộ
Đà Nẵng,phường Hòa Minh,phường Hòa Khánh,✅ Toàn bộ
Đà Nẵng,xã Hòa Sơn,phường Hòa Khánh,✅ Toàn bộ
Đà Nẵng,phường Hòa Hiệp Bắc,phường Hải Vân,✅ Toàn bộ
Đà Nẵng,phường Hòa Hiệp Nam,phường Hải Vân,✅ Toàn bộ
Đà Nẵng,xã Hòa Bắc,phường Hải Vân,✅ Toàn bộ
Đà Nẵng,xã Hòa Liên,phường Hải Vân,⚠️ Một phần (Cần check)
Đà Nẵng,phường Hòa Khánh Bắc,phường Liên Chiểu,✅ Toàn bộ
Đà Nẵng,phần còn lại của xã Hòa Liên sau khi sắp xếp theo quy định tại khoản 9 Điều này,phường Liên Chiểu,✅ Toàn bộ
Đà Nẵng,phường Hòa Thọ Tây,phường Cẩm Lệ,✅ Toàn bộ
Đà Nẵng,Hòa Thọ Đông,phường Cẩm Lệ,✅ Toàn bộ
Đà Nẵng,Khuê Trung,phường Cẩm Lệ,✅ Toàn bộ
Đà Nẵng,phường Hòa Xuân,phường Hòa Xuân,✅ Toàn bộ
Đà Nẵng,xã Hòa Châu,phường Hòa Xuân,✅ Toàn bộ
Đà Nẵng,xã Hòa Phước,phường Hòa Xuân,✅ Toàn bộ
Đà Nẵng,phường An Mỹ,phường Tam Kỳ,✅ Toàn bộ
Đà Nẵng,An Xuân,phường Tam Kỳ,✅ Toàn bộ
Đà Nẵng,Trường Xuân,phường Tam Kỳ,✅ Toàn bộ
Đà Nẵng,phường An Phú,phường Quảng Phú,✅ Toàn bộ
Đà Nẵng,xã Tam Thanh,phường Quảng Phú,✅ Toàn bộ
Đà Nẵng,xã Tam Phú,phường Quảng Phú,✅ Toàn bộ
Đà Nẵng,phường An Sơn,phường Hương Trà,✅ Toàn bộ
Đà Nẵng,phường Hòa Hương,phường Hương Trà,✅ Toàn bộ
Đà Nẵng,xã Tam Ngọc,phường Hương Trà,✅ Toàn bộ
Đà Nẵng,phường Tân Thạnh,phường Bàn Thạch,✅ Toàn bộ
Đà Nẵng,phường Hòa Thuận,phường Bàn Thạch,✅ Toàn bộ
Đà Nẵng,xã Tam Thăng,phường Bàn Thạch,✅ Toàn bộ
Đà Nẵng,phường Điện Phương,phường Điện Bàn,✅ Toàn bộ
Đà Nẵng,Điện Minh,phường Điện Bàn,✅ Toàn bộ
Đà Nẵng,Vĩnh Điện,phường Điện Bàn,✅ Toàn bộ
Đà Nẵng,phường Điện Nam Đông,phường Điện Bàn Đông,✅ Toàn bộ
Đà Nẵng,Điện Nam Trung,phường Điện Bàn Đông,✅ Toàn bộ
Đà Nẵng,Điện Dương,phường Điện Bàn Đông,✅ Toàn bộ
Đà Nẵng,Điện Ngọc,phường Điện Bàn Đông,✅ Toàn bộ
Đà Nẵng,Điện Nam Bắc,phường Điện Bàn Đông,✅ Toàn bộ
Đà Nẵng,phường Điện An,phường An Thắng,✅ Toàn bộ
Đà Nẵng,Điện Thắng Nam,phường An Thắng,✅ Toàn bộ
Đà Nẵng,Điện Thắng Trung,phường An Thắng,✅ Toàn bộ
Đà Nẵng,phường Điện Thắng Bắc,phường Điện Bàn Bắc,✅ Toàn bộ
Đà Nẵng,xã Điện Hòa,phường Điện Bàn Bắc,✅ Toàn bộ
Đà Nẵng,xã Điện Tiến,phường Điện Bàn Bắc,✅ Toàn bộ
Đà Nẵng,phường Minh An,phường Hội An,✅ Toàn bộ
Đà Nẵng,Cẩm Phô,phường Hội An,✅ Toàn bộ
Đà Nẵng,Sơn Phong,phường Hội An,✅ Toàn bộ
Đà Nẵng,Cẩm Nam,phường Hội An,✅ Toàn bộ
Đà Nẵng,xã Cẩm Kim,phường Hội An,✅ Toàn bộ
Đà Nẵng,phường Cẩm Châu,phường Hội An Đông,✅ Toàn bộ
Đà Nẵng,phường Cửa Đại,phường Hội An Đông,✅ Toàn bộ
Đà Nẵng,xã Cẩm Thanh,phường Hội An Đông,✅ Toàn bộ
Đà Nẵng,phường Thanh Hà,phường Hội An Tây,✅ Toàn bộ
Đà Nẵng,Tân An,phường Hội An Tây,✅ Toàn bộ
Đà Nẵng,Cẩm An,phường Hội An Tây,✅ Toàn bộ
Đà Nẵng,xã Cẩm Hà,phường Hội An Tây,✅ Toàn bộ
Đà Nẵng,xã Hòa Phong,xã Hòa Vang,✅ Toàn bộ
Đà Nẵng,xã Hòa Phú,xã Hòa Vang,✅ Toàn bộ
Đà Nẵng,xã Hòa Khương,xã Hòa Tiến,✅ Toàn bộ
Đà Nẵng,xã Hòa Tiến,xã Hòa Tiến,✅ Toàn bộ
Đà Nẵng,xã Hòa Ninh,xã Bà Nà,✅ Toàn bộ
Đà Nẵng,xã Hòa Nhơn,xã Bà Nà,✅ Toàn bộ
Đà Nẵng,thị trấn Núi Thành,xã Núi Thành,✅ Toàn bộ
Đà Nẵng,xã Tam Quang,xã Núi Thành,✅ Toàn bộ
Đà Nẵng,Tam Nghĩa,xã Núi Thành,✅ Toàn bộ
Đà Nẵng,Tam Hiệp,xã Núi Thành,✅ Toàn bộ
Đà Nẵng,Tam Giang,xã Núi Thành,✅ Toàn bộ
Đà Nẵng,xã Tam Mỹ Đông,xã Tam Mỹ,✅ Toàn bộ
Đà Nẵng,Tam Mỹ Tây,xã Tam Mỹ,✅ Toàn bộ
Đà Nẵng,Tam Trà,xã Tam Mỹ,✅ Toàn bộ
Đà Nẵng,xã Tam Hòa,xã Tam Anh,✅ Toàn bộ
Đà Nẵng,Tam Anh Bắc,xã Tam Anh,✅ Toàn bộ
Đà Nẵng,Tam Anh Nam,xã Tam Anh,✅ Toàn bộ
Đà Nẵng,xã Tam Sơn,xã Đức Phú,✅ Toàn bộ
Đà Nẵng,xã Tam Thạnh,xã Đức Phú,✅ Toàn bộ
Đà Nẵng,xã Tam Xuân I,xã Tam Xuân,✅ Toàn bộ
Đà Nẵng,Tam Xuân II,xã Tam Xuân,✅ Toàn bộ
Đà Nẵng,Tam Tiến,xã Tam Xuân,✅ Toàn bộ
Đà Nẵng,xã Tam An,xã Tây Hồ,✅ Toàn bộ
Đà Nẵng,Tam Thành,xã Tây Hồ,✅ Toàn bộ
Đà Nẵng,Tam Phước,xã Tây Hồ,✅ Toàn bộ
Đà Nẵng,Tam Lộc,xã Tây Hồ,✅ Toàn bộ
Đà Nẵng,thị trấn Phú Thịnh,xã Chiên Đàn,✅ Toàn bộ
Đà Nẵng,xã Tam Đàn,xã Chiên Đàn,✅ Toàn bộ
Đà Nẵng,xã Tam Thái,xã Chiên Đàn,✅ Toàn bộ
Đà Nẵng,xã Tam Dân,xã Phú Ninh,✅ Toàn bộ
Đà Nẵng,Tam Đại,xã Phú Ninh,✅ Toàn bộ
Đà Nẵng,Tam Lãnh,xã Phú Ninh,✅ Toàn bộ
Đà Nẵng,xã Tiên Lãnh,xã Lãnh Ngọc,✅ Toàn bộ
Đà Nẵng,Tiên Ngọc,xã Lãnh Ngọc,✅ Toàn bộ
Đà Nẵng,Tiên Hiệp,xã Lãnh Ngọc,✅ Toàn bộ
Đà Nẵng,thị trấn Tiên Kỳ,xã Tiên Phước,✅ Toàn bộ
Đà Nẵng,xã Tiên Mỹ,xã Tiên Phước,✅ Toàn bộ
Đà Nẵng,Tiên Phong,xã Tiên Phước,✅ Toàn bộ
Đà Nẵng,Tiên Thọ,xã Tiên Phước,✅ Toàn bộ
Đà Nẵng,xã Tiên Lập,xã Thạnh Bình,✅ Toàn bộ
Đà Nẵng,Tiên Lộc,xã Thạnh Bình,✅ Toàn bộ
Đà Nẵng,Tiên An,xã Thạnh Bình,✅ Toàn bộ
Đà Nẵng,Tiên Cảnh,xã Thạnh Bình,✅ Toàn bộ
Đà Nẵng,xã Tiên Sơn,xã Sơn Cẩm Hà,✅ Toàn bộ
Đà Nẵng,Tiên Hà,xã Sơn Cẩm Hà,✅ Toàn bộ
Đà Nẵng,Tiên Châu,xã Sơn Cẩm Hà,✅ Toàn bộ
Đà Nẵng,xã Trà Đông,xã Trà Liên,✅ Toàn bộ
Đà Nẵng,Trà Nú,xã Trà Liên,✅ Toàn bộ
Đà Nẵng,Trà Kót,xã Trà Liên,✅ Toàn bộ
Đà Nẵng,xã Trà Ka,xã Trà Giáp,✅ Toàn bộ
Đà Nẵng,xã Trà Giáp,xã Trà Giáp,✅ Toàn bộ
Đà Nẵng,xã Trà Giác,xã Trà Tân,✅ Toàn bộ
Đà Nẵng,xã Trà Tân,xã Trà Tân,✅ Toàn bộ
Đà Nẵng,xã Trà Bui,xã Trà Đốc,✅ Toàn bộ
Đà Nẵng,xã Trà Đốc,xã Trà Đốc,✅ Toàn bộ
Đà Nẵng,thị trấn Trà My,xã Trà My,✅ Toàn bộ
Đà Nẵng,xã Trà Sơn,xã Trà My,✅ Toàn bộ
Đà Nẵng,Trà Giang,xã Trà My,✅ Toàn bộ
Đà Nẵng,Trà Dương,xã Trà My,✅ Toàn bộ
Đà Nẵng,xã Trà Mai,xã Nam Trà My,✅ Toàn bộ
Đà Nẵng,xã Trà Don,xã Nam Trà My,✅ Toàn bộ
Đà Nẵng,xã Trà Cang,xã Trà Tập,✅ Toàn bộ
Đà Nẵng,xã Trà Tập,xã Trà Tập,✅ Toàn bộ
Đà Nẵng,xã Trà Vinh,xã Trà Vân,✅ Toàn bộ
Đà Nẵng,xã Trà Vân,xã Trà Vân,✅ Toàn bộ
Đà Nẵng,xã Trà Nam,xã Trà Linh,✅ Toàn bộ
Đà Nẵng,xã Trà Linh,xã Trà Linh,✅ Toàn bộ
Đà Nẵng,xã Trà Dơn,xã Trà Leng,✅ Toàn bộ
Đà Nẵng,xã Trà Leng,xã Trà Leng,✅ Toàn bộ
Đà Nẵng,thị trấn Hà Lam,xã Thăng Bình,✅ Toàn bộ
Đà Nẵng,xã Bình Nguyên,xã Thăng Bình,✅ Toàn bộ
Đà Nẵng,Bình Quý,xã Thăng Bình,✅ Toàn bộ
Đà Nẵng,Bình Phục,xã Thăng Bình,✅ Toàn bộ
Đà Nẵng,xã Bình Triều,xã Thăng An,✅ Toàn bộ
Đà Nẵng,Bình Giang,xã Thăng An,✅ Toàn bộ
Đà Nẵng,Bình Đào,xã Thăng An,✅ Toàn bộ
Đà Nẵng,Bình Minh,xã Thăng An,✅ Toàn bộ
Đà Nẵng,Bình Dương,xã Thăng An,✅ Toàn bộ
Đà Nẵng,xã Bình Nam,xã Thăng Trường,✅ Toàn bộ
Đà Nẵng,Bình Hải,xã Thăng Trường,✅ Toàn bộ
Đà Nẵng,Bình Sa,xã Thăng Trường,✅ Toàn bộ
Đà Nẵng,xã Bình An,xã Thăng Điền,✅ Toàn bộ
Đà Nẵng,Bình Trung,xã Thăng Điền,✅ Toàn bộ
Đà Nẵng,Bình Tú,xã Thăng Điền,✅ Toàn bộ
Đà Nẵng,xã Bình Phú,xã Thăng Phú,✅ Toàn bộ
Đà Nẵng,xã Bình Quế,xã Thăng Phú,✅ Toàn bộ
Đà Nẵng,xã Bình Lãnh,xã Đồng Dương,✅ Toàn bộ
Đà Nẵng,Bình Trị,xã Đồng Dương,✅ Toàn bộ
Đà Nẵng,Bình Định,xã Đồng Dương,✅ Toàn bộ
Đà Nẵng,xã Quế Mỹ,xã Quế Sơn Trung,✅ Toàn bộ
Đà Nẵng,Quế Hiệp,xã Quế Sơn Trung,✅ Toàn bộ
Đà Nẵng,Quế Thuận,xã Quế Sơn Trung,✅ Toàn bộ
Đà Nẵng,Quế Châu,xã Quế Sơn Trung,✅ Toàn bộ
Đà Nẵng,thị trấn Đông Phú,xã Quế Sơn,✅ Toàn bộ
Đà Nẵng,xã Quế Minh,xã Quế Sơn,✅ Toàn bộ
Đà Nẵng,Quế An,xã Quế Sơn,✅ Toàn bộ
Đà Nẵng,Quế Long,xã Quế Sơn,✅ Toàn bộ
Đà Nẵng,Quế Phong,xã Quế Sơn,✅ Toàn bộ
Đà Nẵng,thị trấn Hương An,xã Xuân Phú,✅ Toàn bộ
Đà Nẵng,xã Quế Xuân 1,xã Xuân Phú,✅ Toàn bộ
Đà Nẵng,Quế Xuân 2,xã Xuân Phú,✅ Toàn bộ
Đà Nẵng,Quế Phú,xã Xuân Phú,✅ Toàn bộ
Đà Nẵng,thị trấn Trung Phước,xã Nông Sơn,✅ Toàn bộ
Đà Nẵng,xã Quế Lộc,xã Nông Sơn,✅ Toàn bộ
Đà Nẵng,xã Quế Lâm,xã Quế Phước,✅ Toàn bộ
Đà Nẵng,Phước Ninh,xã Quế Phước,✅ Toàn bộ
Đà Nẵng,Ninh Phước,xã Quế Phước,✅ Toàn bộ
Đà Nẵng,xã Duy Thành,xã Duy Nghĩa,✅ Toàn bộ
Đà Nẵng,Duy Hải,xã Duy Nghĩa,✅ Toàn bộ
Đà Nẵng,Duy Nghĩa,xã Duy Nghĩa,✅ Toàn bộ
Đà Nẵng,thị trấn Nam Phước,xã Nam Phước,✅ Toàn bộ
Đà Nẵng,xã Duy Phước,xã Nam Phước,✅ Toàn bộ
Đà Nẵng,xã Duy Vinh,xã Nam Phước,✅ Toàn bộ
Đà Nẵng,xã Duy Trung,xã Duy Xuyên,✅ Toàn bộ
Đà Nẵng,Duy Sơn,xã Duy Xuyên,✅ Toàn bộ
Đà Nẵng,Duy Trinh,xã Duy Xuyên,✅ Toàn bộ
Đà Nẵng,xã Duy Châu,xã Thu Bồn,✅ Toàn bộ
Đà Nẵng,Duy Hoà,xã Thu Bồn,✅ Toàn bộ
Đà Nẵng,Duy Phú,xã Thu Bồn,✅ Toàn bộ
Đà Nẵng,Duy Tân,xã Thu Bồn,✅ Toàn bộ
Đà Nẵng,xã Điện Hồng,xã Điện Bàn Tây,✅ Toàn bộ
Đà Nẵng,Điện Thọ,xã Điện Bàn Tây,✅ Toàn bộ
Đà Nẵng,Điện Phước,xã Điện Bàn Tây,✅ Toàn bộ
Đà Nẵng,xã Điện Phong,xã Gò Nổi,✅ Toàn bộ
Đà Nẵng,Điện Trung,xã Gò Nổi,✅ Toàn bộ
Đà Nẵng,Điện Quang,xã Gò Nổi,✅ Toàn bộ
Đà Nẵng,thị trấn Ái Nghĩa,xã Đại Lộc,✅ Toàn bộ
Đà Nẵng,xã Đại Hiệp,xã Đại Lộc,✅ Toàn bộ
Đà Nẵng,Đại Hòa,xã Đại Lộc,✅ Toàn bộ
Đà Nẵng,Đại An,xã Đại Lộc,✅ Toàn bộ
Đà Nẵng,Đại Nghĩa,xã Đại Lộc,✅ Toàn bộ
Đà Nẵng,xã Đại Đồng,xã Hà Nha,✅ Toàn bộ
Đà Nẵng,Đại Hồng,xã Hà Nha,✅ Toàn bộ
Đà Nẵng,Đại Quang,xã Hà Nha,✅ Toàn bộ
Đà Nẵng,xã Đại Lãnh,xã Thượng Đức,✅ Toàn bộ
Đà Nẵng,Đại Hưng,xã Thượng Đức,✅ Toàn bộ
Đà Nẵng,Đại Sơn,xã Thượng Đức,✅ Toàn bộ
Đà Nẵng,xã Đại Phong,xã Vu Gia,✅ Toàn bộ
Đà Nẵng,Đại Minh,xã Vu Gia,✅ Toàn bộ
Đà Nẵng,Đại Cường,xã Vu Gia,✅ Toàn bộ
Đà Nẵng,xã Đại Tân,xã Phú Thuận,✅ Toàn bộ
Đà Nẵng,Đại Thắng,xã Phú Thuận,✅ Toàn bộ
Đà Nẵng,Đại Chánh,xã Phú Thuận,✅ Toàn bộ
Đà Nẵng,Đại Thạnh,xã Phú Thuận,✅ Toàn bộ
Đà Nẵng,thị trấn Thạnh Mỹ,xã Thạnh Mỹ,✅ Toàn bộ
Đà Nẵng,xã Cà Dy,xã Bến Giằng,✅ Toàn bộ
Đà Nẵng,Tà Bhing,xã Bến Giằng,✅ Toàn bộ
Đà Nẵng,Tà Pơơ,xã Bến Giằng,✅ Toàn bộ
Đà Nẵng,xã Zuôih,xã Nam Giang,✅ Toàn bộ
Đà Nẵng,xã Chà Vàl,xã Nam Giang,✅ Toàn bộ
Đà Nẵng,xã Đắc Pre,xã Đắc Pring,✅ Toàn bộ
Đà Nẵng,xã Đắc Pring,xã Đắc Pring,✅ Toàn bộ
Đà Nẵng,xã Đắc Tôi,xã La Dêê,✅ Toàn bộ
Đà Nẵng,xã La Dêê,xã La Dêê,✅ Toàn bộ
Đà Nẵng,xã Chơ Chun,xã La Êê,✅ Toàn bộ
Đà Nẵng,xã La Êê,xã La Êê,✅ Toàn bộ
Đà Nẵng,xã Tư,xã Sông Vàng,✅ Toàn bộ
Đà Nẵng,xã Ba,xã Sông Vàng,✅ Toàn bộ
Đà Nẵng,xã A Ting,xã Sông Kôn,✅ Toàn bộ
Đà Nẵng,Jơ Ngây,xã Sông Kôn,✅ Toàn bộ
Đà Nẵng,Sông Kôn,xã Sông Kôn,✅ Toàn bộ
Đà Nẵng,thị trấn Prao,xã Đông Giang,✅ Toàn bộ
Đà Nẵng,xã Tà Lu,xã Đông Giang,✅ Toàn bộ
Đà Nẵng,A Rooi,xã Đông Giang,✅ Toàn bộ
Đà Nẵng,Zà Hung,xã Đông Giang,✅ Toàn bộ
Đà Nẵng,xã Kà Dăng,xã Bến Hiên,✅ Toàn bộ
Đà Nẵng,xã Mà Cooih,xã Bến Hiên,✅ Toàn bộ
Đà Nẵng,xã Bhalêê,xã Avương,✅ Toàn bộ
Đà Nẵng,xã Avương,xã Avương,✅ Toàn bộ
Đà Nẵng,xã Atiêng,xã Tây Giang,✅ Toàn bộ
Đà Nẵng,Dang,xã Tây Giang,✅ Toàn bộ
Đà Nẵng,Anông,xã Tây Giang,✅ Toàn bộ
Đà Nẵng,Lăng,xã Tây Giang,✅ Toàn bộ
Đà Nẵng,xã Ch’ơm,xã Hùng Sơn,✅ Toàn bộ
Đà Nẵng,Gari,xã Hùng Sơn,✅ Toàn bộ
Đà Nẵng,Tr’hy,xã Hùng Sơn,✅ Toàn bộ
Đà Nẵng,Axan,xã Hùng Sơn,✅ Toàn bộ
Đà Nẵng,thị trấn Tân Bình,xã Hiệp Đức,✅ Toàn bộ
Đà Nẵng,xã Quế Tân,xã Hiệp Đức,✅ Toàn bộ
Đà Nẵng,xã Quế Lưu,xã Hiệp Đức,✅ Toàn bộ
Đà Nẵng,xã Thăng Phước,xã Việt An,✅ Toàn bộ
Đà Nẵng,Bình Sơn,xã Việt An,✅ Toàn bộ
Đà Nẵng,Quế Thọ,xã Việt An,✅ Toàn bộ
Đà Nẵng,Bình Lâm,xã Việt An,✅ Toàn bộ
Đà Nẵng,xã Sông Trà,xã Phước Trà,✅ Toàn bộ
Đà Nẵng,Phước Gia,xã Phước Trà,✅ Toàn bộ
Đà Nẵng,Phước Trà,xã Phước Trà,✅ Toàn bộ
Đà Nẵng,thị trấn Khâm Đức,xã Khâm Đức,✅ Toàn bộ
Đà Nẵng,xã Phước Xuân,xã Khâm Đức,✅ Toàn bộ
Đà Nẵng,xã Phước Đức,xã Phước Năng,✅ Toàn bộ
Đà Nẵng,Phước Mỹ,xã Phước Năng,✅ Toàn bộ
Đà Nẵng,Phước Năng,xã Phước Năng,✅ Toàn bộ
Đà Nẵng,xã Phước Công,xã Phước Chánh,✅ Toàn bộ
Đà Nẵng,xã Phước Chánh,xã Phước Chánh,✅ Toàn bộ
Đà Nẵng,xã Phước Lộc,xã Phước Thành,✅ Toàn bộ
Đà Nẵng,Phước Kim,xã Phước Thành,✅ Toàn bộ
Đà Nẵng,Phước Thành,xã Phước Thành,✅ Toàn bộ
Đà Nẵng,xã Phước Hòa,xã Phước Hiệp,✅ Toàn bộ
Đà Nẵng,xã Phước Hiệp,xã Phước Hiệp,✅ Toàn bộ
Phú Thọ,xã Thanh Đình,xã Hy Cương,✅ Toàn bộ
Phú Thọ,Chu Hóa,xã Hy Cương,✅ Toàn bộ
Phú Thọ,Hy Cương,xã Hy Cương,✅ Toàn bộ
Phú Thọ,thị trấn Hùng Sơn,xã Lâm Thao,✅ Toàn bộ
Phú Thọ,thị trấn Lâm Thao,xã Lâm Thao,✅ Toàn bộ
Phú Thọ,xã Thạch Sơn,xã Lâm Thao,✅ Toàn bộ
Phú Thọ,xã Tiên Kiên,xã Xuân Lũng,✅ Toàn bộ
Phú Thọ,Xuân Huy,xã Xuân Lũng,✅ Toàn bộ
Phú Thọ,Xuân Lũng,xã Xuân Lũng,✅ Toàn bộ
Phú Thọ,xã Tứ Xã,xã Phùng Nguyên,✅ Toàn bộ
Phú Thọ,Sơn Vi,xã Phùng Nguyên,✅ Toàn bộ
Phú Thọ,Phùng Nguyên,xã Phùng Nguyên,✅ Toàn bộ
Phú Thọ,xã Cao Xá,xã Bản Nguyên,✅ Toàn bộ
Phú Thọ,Vĩnh Lại,xã Bản Nguyên,✅ Toàn bộ
Phú Thọ,Bản Nguyên,xã Bản Nguyên,✅ Toàn bộ
Phú Thọ,thị trấn Phong Châu và,xã Phù Ninh,✅ Toàn bộ
Phú Thọ,xã Phú Nham,xã Phù Ninh,✅ Toàn bộ
Phú Thọ,Phú Lộc,xã Phù Ninh,✅ Toàn bộ
Phú Thọ,Phù Ninh,xã Phù Ninh,✅ Toàn bộ
Phú Thọ,xã Bảo Thanh,xã Dân Chủ,✅ Toàn bộ
Phú Thọ,Trị Quận,xã Dân Chủ,✅ Toàn bộ
Phú Thọ,Hạ Giáp,xã Dân Chủ,✅ Toàn bộ
Phú Thọ,Gia Thanh,xã Dân Chủ,✅ Toàn bộ
Phú Thọ,xã Liên Hoa,xã Phú Mỹ,✅ Toàn bộ
Phú Thọ,Lệ Mỹ,xã Phú Mỹ,✅ Toàn bộ
Phú Thọ,Phú Mỹ,xã Phú Mỹ,✅ Toàn bộ
Phú Thọ,xã Tiên Phú,xã Trạm Thản,✅ Toàn bộ
Phú Thọ,Trung Giáp,xã Trạm Thản,✅ Toàn bộ
Phú Thọ,Trạm Thản,xã Trạm Thản,✅ Toàn bộ
Phú Thọ,xã Tiên Du,xã Bình Phú,✅ Toàn bộ
Phú Thọ,An Đạo,xã Bình Phú,✅ Toàn bộ
Phú Thọ,Bình Phú,xã Bình Phú,✅ Toàn bộ
Phú Thọ,thị trấn Thanh Ba và,xã Thanh Ba,✅ Toàn bộ
Phú Thọ,xã Đồng Xuân,xã Thanh Ba,✅ Toàn bộ
Phú Thọ,Hanh Cù,xã Thanh Ba,✅ Toàn bộ
Phú Thọ,Vân Lĩnh,xã Thanh Ba,✅ Toàn bộ
Phú Thọ,xã Đại An,xã Quảng Yên,✅ Toàn bộ
Phú Thọ,Đông Lĩnh,xã Quảng Yên,✅ Toàn bộ
Phú Thọ,Quảng Yên,xã Quảng Yên,✅ Toàn bộ
Phú Thọ,xã Ninh Dân,xã Hoàng Cương,✅ Toàn bộ
Phú Thọ,Mạn Lạn,xã Hoàng Cương,✅ Toàn bộ
Phú Thọ,Hoàng Cương,xã Hoàng Cương,✅ Toàn bộ
Phú Thọ,xã Khải Xuân,xã Đông Thành,✅ Toàn bộ
Phú Thọ,Võ Lao,xã Đông Thành,✅ Toàn bộ
Phú Thọ,Đông Thành,xã Đông Thành,✅ Toàn bộ
Phú Thọ,xã Sơn Cương,xã Chí Tiên,✅ Toàn bộ
Phú Thọ,Thanh Hà,xã Chí Tiên,✅ Toàn bộ
Phú Thọ,Chí Tiên,xã Chí Tiên,✅ Toàn bộ
Phú Thọ,xã Đỗ Sơn,xã Liên Minh,✅ Toàn bộ
Phú Thọ,Đỗ Xuyên,xã Liên Minh,✅ Toàn bộ
Phú Thọ,Lương Lỗ,xã Liên Minh,✅ Toàn bộ
Phú Thọ,thị trấn Đoan Hùng,xã Đoan Hùng,✅ Toàn bộ
Phú Thọ,xã Hợp Nhất,xã Đoan Hùng,✅ Toàn bộ
Phú Thọ,xã Ngọc Quan,xã Đoan Hùng,✅ Toàn bộ
Phú Thọ,xã Phú Lâm,xã Tây Cốc,✅ Toàn bộ
Phú Thọ,Ca Đình,xã Tây Cốc,✅ Toàn bộ
Phú Thọ,Tây Cốc,xã Tây Cốc,✅ Toàn bộ
Phú Thọ,xã Hùng Long,xã Chân Mộng,✅ Toàn bộ
Phú Thọ,Yên Kiện,xã Chân Mộng,✅ Toàn bộ
Phú Thọ,Chân Mộng,xã Chân Mộng,✅ Toàn bộ
Phú Thọ,xã Hùng Xuyên,xã Chí Đám,✅ Toàn bộ
Phú Thọ,xã Chí Đám,xã Chí Đám,✅ Toàn bộ
Phú Thọ,xã Bằng Doãn,xã Bằng Luân,✅ Toàn bộ
Phú Thọ,Phúc Lai,xã Bằng Luân,✅ Toàn bộ
Phú Thọ,Bằng Luân,xã Bằng Luân,✅ Toàn bộ
Phú Thọ,thị trấn Hạ Hòa và,xã Hạ Hòa,✅ Toàn bộ
Phú Thọ,xã Minh Hạc,xã Hạ Hòa,✅ Toàn bộ
Phú Thọ,Ấm Hạ,xã Hạ Hòa,✅ Toàn bộ
Phú Thọ,Gia Điền,xã Hạ Hòa,✅ Toàn bộ
Phú Thọ,xã Tứ Hiệp,xã Đan Thượng,✅ Toàn bộ
Phú Thọ,Đại Phạm,xã Đan Thượng,✅ Toàn bộ
Phú Thọ,Hà Lương,xã Đan Thượng,✅ Toàn bộ
Phú Thọ,Đan Thượng,xã Đan Thượng,✅ Toàn bộ
Phú Thọ,xã Hương Xạ,xã Yên Kỳ,✅ Toàn bộ
Phú Thọ,Phương Viên,xã Yên Kỳ,✅ Toàn bộ
Phú Thọ,Yên Kỳ,xã Yên Kỳ,✅ Toàn bộ
Phú Thọ,xã Lang Sơn,xã Vĩnh Chân,✅ Toàn bộ
Phú Thọ,Yên Luật,xã Vĩnh Chân,✅ Toàn bộ
Phú Thọ,Vĩnh Chân,xã Vĩnh Chân,✅ Toàn bộ
Phú Thọ,xã Vô Tranh,xã Văn Lang,✅ Toàn bộ
Phú Thọ,Bằng Giã,xã Văn Lang,✅ Toàn bộ
Phú Thọ,Minh Côi,xã Văn Lang,✅ Toàn bộ
Phú Thọ,Văn Lang,xã Văn Lang,✅ Toàn bộ
Phú Thọ,xã Hiền Lương (huyện Hạ Hòa) và xã Xuân Áng,xã Hiền Lương,✅ Toàn bộ
Phú Thọ,thị trấn Cẩm Khê,xã Cẩm Khê,✅ Toàn bộ
Phú Thọ,xã Minh Tân,xã Cẩm Khê,✅ Toàn bộ
Phú Thọ,xã Phong Thịnh,xã Cẩm Khê,✅ Toàn bộ
Phú Thọ,xã Hương Lung,xã Phú Khê,✅ Toàn bộ
Phú Thọ,xã Phú Khê,xã Phú Khê,✅ Toàn bộ
Phú Thọ,xã Nhật Tiến,xã Hùng Việt,✅ Toàn bộ
Phú Thọ,xã Hùng Việt,xã Hùng Việt,✅ Toàn bộ
Phú Thọ,xã Điêu Lương,xã Đồng Lương,✅ Toàn bộ
Phú Thọ,Yên Dưỡng,xã Đồng Lương,✅ Toàn bộ
Phú Thọ,Đồng Lương,xã Đồng Lương,✅ Toàn bộ
Phú Thọ,xã Phượng Vĩ,xã Tiên Lương,✅ Toàn bộ
Phú Thọ,Minh Thắng,xã Tiên Lương,✅ Toàn bộ
Phú Thọ,Tiên Lương,xã Tiên Lương,✅ Toàn bộ
Phú Thọ,xã Tùng Khê,xã Vân Bán,✅ Toàn bộ
Phú Thọ,Tam Sơn,xã Vân Bán,✅ Toàn bộ
Phú Thọ,Văn Bán,xã Vân Bán,✅ Toàn bộ
Phú Thọ,thị trấn Hưng Hóa,xã Tam Nông,✅ Toàn bộ
Phú Thọ,xã Dân Quyền,xã Tam Nông,✅ Toàn bộ
Phú Thọ,xã Hương Nộn,xã Tam Nông,✅ Toàn bộ
Phú Thọ,xã Dị Nậu,xã Thọ Văn,✅ Toàn bộ
Phú Thọ,Tề Lễ,xã Thọ Văn,✅ Toàn bộ
Phú Thọ,Thọ Văn,xã Thọ Văn,✅ Toàn bộ
Phú Thọ,xã Quang Húc,xã Vạn Xuân,✅ Toàn bộ
Phú Thọ,Lam Sơn,xã Vạn Xuân,✅ Toàn bộ
Phú Thọ,Vạn Xuân,xã Vạn Xuân,✅ Toàn bộ
Phú Thọ,xã Thanh Uyên,xã Hiền Quan,✅ Toàn bộ
Phú Thọ,Bắc Sơn,xã Hiền Quan,✅ Toàn bộ
Phú Thọ,Hiền Quan,xã Hiền Quan,✅ Toàn bộ
Phú Thọ,xã Sơn Thủy (huyện Thanh Thủy),xã Thanh Thủy,✅ Toàn bộ
Phú Thọ,Đoan Hạ,xã Thanh Thủy,✅ Toàn bộ
Phú Thọ,Bảo Yên và thị trấn Thanh Thủy,xã Thanh Thủy,✅ Toàn bộ
Phú Thọ,xã Xuân Lộc,xã Đào Xá,✅ Toàn bộ
Phú Thọ,Thạch Đồng,xã Đào Xá,✅ Toàn bộ
Phú Thọ,Tân Phương,xã Đào Xá,✅ Toàn bộ
Phú Thọ,Đào Xá,xã Đào Xá,✅ Toàn bộ
Phú Thọ,xã Đồng Trung,xã Tu Vũ,✅ Toàn bộ
Phú Thọ,Hoàng Xá,xã Tu Vũ,✅ Toàn bộ
Phú Thọ,Tu Vũ,xã Tu Vũ,✅ Toàn bộ
Phú Thọ,xã Địch Quả,xã Võ Miếu,✅ Toàn bộ
Phú Thọ,Cự Thắng,xã Võ Miếu,✅ Toàn bộ
Phú Thọ,Võ Miếu,xã Võ Miếu,✅ Toàn bộ
Phú Thọ,xã Tân Lập và xã Tân Minh (huyện Thanh Sơn),xã Văn Miếu,✅ Toàn bộ
Phú Thọ,xã Văn Miếu,xã Văn Miếu,✅ Toàn bộ
Phú Thọ,xã Tất Thắng,xã Cự Đồng,✅ Toàn bộ
Phú Thọ,Thắng Sơn,xã Cự Đồng,✅ Toàn bộ
Phú Thọ,Cự Đồng,xã Cự Đồng,✅ Toàn bộ
Phú Thọ,xã Yên Lương,xã Hương Cần,✅ Toàn bộ
Phú Thọ,Yên Lãng,xã Hương Cần,✅ Toàn bộ
Phú Thọ,Hương Cần,xã Hương Cần,✅ Toàn bộ
Phú Thọ,xã Tinh Nhuệ,xã Yên Sơn,✅ Toàn bộ
Phú Thọ,Lương Nha,xã Yên Sơn,✅ Toàn bộ
Phú Thọ,Yên Sơn,xã Yên Sơn,✅ Toàn bộ
Phú Thọ,xã Đông Cửu,xã Khả Cửu,✅ Toàn bộ
Phú Thọ,Thượng Cửu,xã Khả Cửu,✅ Toàn bộ
Phú Thọ,Khả Cửu,xã Khả Cửu,✅ Toàn bộ
Phú Thọ,thị trấn Tân Phú,xã Tân Sơn,✅ Toàn bộ
Phú Thọ,xã Thu Ngạc,xã Tân Sơn,✅ Toàn bộ
Phú Thọ,xã Thạch Kiệt,xã Tân Sơn,✅ Toàn bộ
Phú Thọ,xã Mỹ Thuận,xã Minh Đài,✅ Toàn bộ
Phú Thọ,Văn Luông,xã Minh Đài,✅ Toàn bộ
Phú Thọ,Minh Đài,xã Minh Đài,✅ Toàn bộ
Phú Thọ,xã Kiệt Sơn,xã Lai Đồng,✅ Toàn bộ
Phú Thọ,Tân Sơn,xã Lai Đồng,✅ Toàn bộ
Phú Thọ,Đồng Sơn,xã Lai Đồng,✅ Toàn bộ
Phú Thọ,Lai Đồng,xã Lai Đồng,✅ Toàn bộ
Phú Thọ,xã Kim Thượng,xã Xuân Đài,✅ Toàn bộ
Phú Thọ,Xuân Sơn,xã Xuân Đài,✅ Toàn bộ
Phú Thọ,Xuân Đài,xã Xuân Đài,✅ Toàn bộ
Phú Thọ,xã Tam Thanh,xã Long Cốc,✅ Toàn bộ
Phú Thọ,Vinh Tiền,xã Long Cốc,✅ Toàn bộ
Phú Thọ,Long Cốc,xã Long Cốc,✅ Toàn bộ
Phú Thọ,thị trấn Yên Lập và,xã Yên Lập,✅ Toàn bộ
Phú Thọ,xã Đồng Thịnh (huyện Yên Lập),xã Yên Lập,✅ Toàn bộ
Phú Thọ,Hưng Long,xã Yên Lập,✅ Toàn bộ
Phú Thọ,Đồng Lạc,xã Yên Lập,✅ Toàn bộ
Phú Thọ,xã Phúc Khánh,xã Thượng Long,✅ Toàn bộ
Phú Thọ,Nga Hoàng,xã Thượng Long,✅ Toàn bộ
Phú Thọ,Thượng Long,xã Thượng Long,✅ Toàn bộ
Phú Thọ,xã Mỹ Lương,xã Sơn Lương,✅ Toàn bộ
Phú Thọ,Mỹ Lung,xã Sơn Lương,✅ Toàn bộ
Phú Thọ,Lương Sơn,xã Sơn Lương,✅ Toàn bộ
Phú Thọ,xã Xuân Thủy (huyện Yên Lập),xã Xuân Viên,✅ Toàn bộ
Phú Thọ,Xuân An,xã Xuân Viên,✅ Toàn bộ
Phú Thọ,Xuân Viên,xã Xuân Viên,✅ Toàn bộ
Phú Thọ,xã Ngọc Lập,xã Minh Hòa,✅ Toàn bộ
Phú Thọ,Ngọc Đồng,xã Minh Hòa,✅ Toàn bộ
Phú Thọ,Minh Hòa,xã Minh Hòa,✅ Toàn bộ
Phú Thọ,xã Tân Lập (huyện Sông Lô),xã Tam Sơn,✅ Toàn bộ
Phú Thọ,xã Đồng Quế và thị trấn Tam Sơn,xã Tam Sơn,✅ Toàn bộ
Phú Thọ,xã Đồng Thịnh (huyện Sông Lô),xã Sông Lô,✅ Toàn bộ
Phú Thọ,Tứ Yên,xã Sông Lô,✅ Toàn bộ
Phú Thọ,Đức Bác và Yên Thạch,xã Sông Lô,✅ Toàn bộ
Phú Thọ,xã Nhân Đạo,xã Hải Lựu,✅ Toàn bộ
Phú Thọ,Đôn Nhân,xã Hải Lựu,✅ Toàn bộ
Phú Thọ,Phương Khoan,xã Hải Lựu,✅ Toàn bộ
Phú Thọ,Hải Lựu,xã Hải Lựu,✅ Toàn bộ
Phú Thọ,xã Quang Yên,xã Yên Lãng,✅ Toàn bộ
Phú Thọ,xã Lãng Công,xã Yên Lãng,✅ Toàn bộ
Phú Thọ,thị trấn Lập Thạch và,xã Lập Thạch,✅ Toàn bộ
Phú Thọ,xã Xuân Hòa,xã Lập Thạch,✅ Toàn bộ
Phú Thọ,Tử Du,xã Lập Thạch,✅ Toàn bộ
Phú Thọ,Vân Trục,xã Lập Thạch,✅ Toàn bộ
Phú Thọ,xã Xuân Lôi,xã Tiên Lữ,✅ Toàn bộ
Phú Thọ,Văn Quán,xã Tiên Lữ,✅ Toàn bộ
Phú Thọ,Đồng Ích,xã Tiên Lữ,✅ Toàn bộ
Phú Thọ,Tiên Lữ,xã Tiên Lữ,✅ Toàn bộ
Phú Thọ,xã Bắc Bình,xã Thái Hòa,✅ Toàn bộ
Phú Thọ,Liễn Sơn,xã Thái Hòa,✅ Toàn bộ
Phú Thọ,Thái Hòa,xã Thái Hòa,✅ Toàn bộ
Phú Thọ,thị trấn Hoa Sơn,xã Liên Hòa,✅ Toàn bộ
Phú Thọ,xã Bàn Giản,xã Liên Hòa,✅ Toàn bộ
Phú Thọ,xã Liên Hòa,xã Liên Hòa,✅ Toàn bộ
Phú Thọ,xã Ngọc Mỹ (huyện Lập Thạch),xã Hợp Lý,✅ Toàn bộ
Phú Thọ,Quang Sơn,xã Hợp Lý,✅ Toàn bộ
Phú Thọ,Hợp Lý,xã Hợp Lý,✅ Toàn bộ
Phú Thọ,xã Tây Sơn,xã Sơn Đông,✅ Toàn bộ
Phú Thọ,Cao Phong,xã Sơn Đông,✅ Toàn bộ
Phú Thọ,Sơn Đông,xã Sơn Đông,✅ Toàn bộ
Phú Thọ,thị trấn Hợp Châu,xã Tam Đảo,✅ Toàn bộ
Phú Thọ,thị trấn Tam Đảo,xã Tam Đảo,✅ Toàn bộ
Phú Thọ,xã Hồ Sơn,xã Tam Đảo,✅ Toàn bộ
Phú Thọ,xã Minh Quang,xã Tam Đảo,✅ Toàn bộ
Phú Thọ,thị trấn Đại Đình,xã Đại Đình,✅ Toàn bộ
Phú Thọ,xã Bồ Lý,xã Đại Đình,✅ Toàn bộ
Phú Thọ,xã Yên Dương,xã Đạo Trù,✅ Toàn bộ
Phú Thọ,xã Đạo Trù,xã Đạo Trù,✅ Toàn bộ
Phú Thọ,thị trấn Hợp Hòa,xã Tam Dương,✅ Toàn bộ
Phú Thọ,thị trấn Kim Long,xã Tam Dương,✅ Toàn bộ
Phú Thọ,xã Hướng Đạo,xã Tam Dương,✅ Toàn bộ
Phú Thọ,xã Đạo Tú,xã Tam Dương,✅ Toàn bộ
Phú Thọ,xã Duy Phiên,xã Hội Thịnh,✅ Toàn bộ
Phú Thọ,Thanh Vân,xã Hội Thịnh,✅ Toàn bộ
Phú Thọ,Hội Thịnh,xã Hội Thịnh,✅ Toàn bộ
Phú Thọ,xã Hoàng Đan,xã Hoàng An,✅ Toàn bộ
Phú Thọ,Hoàng Lâu,xã Hoàng An,✅ Toàn bộ
Phú Thọ,An Hòa,xã Hoàng An,✅ Toàn bộ
Phú Thọ,xã Đồng Tĩnh,xã Tam Dương Bắc,✅ Toàn bộ
Phú Thọ,Hoàng Hoa,xã Tam Dương Bắc,✅ Toàn bộ
Phú Thọ,Tam Quan,xã Tam Dương Bắc,✅ Toàn bộ
Phú Thọ,thị trấn Vĩnh Tường,xã Vĩnh Tường,✅ Toàn bộ
Phú Thọ,thị trấn Tứ Trưng,xã Vĩnh Tường,✅ Toàn bộ
Phú Thọ,xã Lương Điền,xã Vĩnh Tường,✅ Toàn bộ
Phú Thọ,xã Vũ Di,xã Vĩnh Tường,✅ Toàn bộ
Phú Thọ,thị trấn Thổ Tang,xã Thổ Tang,✅ Toàn bộ
Phú Thọ,xã Thượng Trưng,xã Thổ Tang,✅ Toàn bộ
Phú Thọ,xã Tuân Chính,xã Thổ Tang,✅ Toàn bộ
Phú Thọ,xã Nghĩa Hưng,xã Vĩnh Hưng,✅ Toàn bộ
Phú Thọ,Yên Lập,xã Vĩnh Hưng,✅ Toàn bộ
Phú Thọ,Đại Đồng,xã Vĩnh Hưng,✅ Toàn bộ
Phú Thọ,xã Kim Xá,xã Vĩnh An,✅ Toàn bộ
Phú Thọ,Yên Bình,xã Vĩnh An,✅ Toàn bộ
Phú Thọ,Chấn Hưng,xã Vĩnh An,✅ Toàn bộ
Phú Thọ,xã An Nhân,xã Vĩnh Phú,✅ Toàn bộ
Phú Thọ,Vĩnh Thịnh,xã Vĩnh Phú,✅ Toàn bộ
Phú Thọ,Ngũ Kiên,xã Vĩnh Phú,✅ Toàn bộ
Phú Thọ,Vĩnh Phú,xã Vĩnh Phú,✅ Toàn bộ
Phú Thọ,xã Sao Đại Việt,xã Vĩnh Thành,✅ Toàn bộ
Phú Thọ,Lũng Hòa,xã Vĩnh Thành,✅ Toàn bộ
Phú Thọ,Tân Phú,xã Vĩnh Thành,✅ Toàn bộ
Phú Thọ,thị trấn Yên Lạc,xã Yên Lạc,✅ Toàn bộ
Phú Thọ,xã Bình Định,xã Yên Lạc,✅ Toàn bộ
Phú Thọ,xã Đồng Cương,xã Yên Lạc,✅ Toàn bộ
Phú Thọ,xã Đồng Văn,xã Tề Lỗ,✅ Toàn bộ
Phú Thọ,Trung Nguyên,xã Tề Lỗ,✅ Toàn bộ
Phú Thọ,Tề Lỗ,xã Tề Lỗ,✅ Toàn bộ
Phú Thọ,xã Đại Tự,xã Liên Châu,✅ Toàn bộ
Phú Thọ,Hồng Châu,xã Liên Châu,✅ Toàn bộ
Phú Thọ,Liên Châu,xã Liên Châu,✅ Toàn bộ
Phú Thọ,thị trấn Tam Hồng,xã Tam Hồng,✅ Toàn bộ
Phú Thọ,xã Yên Phương,xã Tam Hồng,✅ Toàn bộ
Phú Thọ,xã Yên Đồng,xã Tam Hồng,✅ Toàn bộ
Phú Thọ,xã Văn Tiến,xã Nguyệt Đức,✅ Toàn bộ
Phú Thọ,Trung Kiên,xã Nguyệt Đức,✅ Toàn bộ
Phú Thọ,Trung Hà,xã Nguyệt Đức,✅ Toàn bộ
Phú Thọ,Nguyệt Đức,xã Nguyệt Đức,✅ Toàn bộ
Phú Thọ,thị trấn Hương Canh,xã Bình Nguyên,✅ Toàn bộ
Phú Thọ,xã Tam Hợp,xã Bình Nguyên,✅ Toàn bộ
Phú Thọ,Quất Lưu,xã Bình Nguyên,✅ Toàn bộ
Phú Thọ,Sơn Lôi,xã Bình Nguyên,✅ Toàn bộ
Phú Thọ,thị trấn Thanh Lãng,xã Xuân Lãng,✅ Toàn bộ
Phú Thọ,thị trấn Đạo Đức,xã Xuân Lãng,✅ Toàn bộ
Phú Thọ,xã Tân Phong,xã Xuân Lãng,✅ Toàn bộ
Phú Thọ,xã Phú Xuân,xã Xuân Lãng,✅ Toàn bộ
Phú Thọ,thị trấn Gia Khánh,xã Bình Xuyên,✅ Toàn bộ
Phú Thọ,xã Hương Sơn,xã Bình Xuyên,✅ Toàn bộ
Phú Thọ,xã Thiện Kế,xã Bình Xuyên,✅ Toàn bộ
Phú Thọ,thị trấn Bá Hiến,xã Bình Tuyền,✅ Toàn bộ
Phú Thọ,xã Trung Mỹ,xã Bình Tuyền,✅ Toàn bộ
Phú Thọ,xã Hợp Thành,xã Thịnh Minh,✅ Toàn bộ
Phú Thọ,Quang Tiến,xã Thịnh Minh,✅ Toàn bộ
Phú Thọ,Thịnh Minh,xã Thịnh Minh,✅ Toàn bộ
Phú Thọ,thị trấn Cao Phong,xã Cao Phong,✅ Toàn bộ
Phú Thọ,xã Hợp Phong,xã Cao Phong,✅ Toàn bộ
Phú Thọ,xã Thu Phong,xã Cao Phong,✅ Toàn bộ
Phú Thọ,xã Dũng Phong,xã Mường Thàng,✅ Toàn bộ
Phú Thọ,Nam Phong,xã Mường Thàng,✅ Toàn bộ
Phú Thọ,Tây Phong,xã Mường Thàng,✅ Toàn bộ
Phú Thọ,Thạch Yên,xã Mường Thàng,✅ Toàn bộ
Phú Thọ,xã Bắc Phong,xã Thung Nai,✅ Toàn bộ
Phú Thọ,Bình Thanh,xã Thung Nai,✅ Toàn bộ
Phú Thọ,Thung Nai,xã Thung Nai,✅ Toàn bộ
Phú Thọ,thị trấn Đà Bắc và,xã Đà Bắc,✅ Toàn bộ
Phú Thọ,xã Hiền Lương (huyện Đà Bắc),xã Đà Bắc,✅ Toàn bộ
Phú Thọ,Toàn Sơn,xã Đà Bắc,✅ Toàn bộ
Phú Thọ,Tú Lý,xã Đà Bắc,✅ Toàn bộ
Phú Thọ,xã Tân Minh,xã Cao Sơn,✅ Toàn bộ
Phú Thọ,xã Cao Sơn (huyện Đà Bắc),xã Cao Sơn,✅ Toàn bộ
Phú Thọ,xã Mường Chiềng,xã Đức Nhàn,✅ Toàn bộ
Phú Thọ,xã Nánh Nghê,xã Đức Nhàn,✅ Toàn bộ
Phú Thọ,xã Đoàn Kết (huyện Đà Bắc),xã Quy Đức,✅ Toàn bộ
Phú Thọ,Đồng Ruộng,xã Quy Đức,✅ Toàn bộ
Phú Thọ,Trung Thành và Yên Hoà,xã Quy Đức,✅ Toàn bộ
Phú Thọ,xã Đồng Chum,xã Tân Pheo,✅ Toàn bộ
Phú Thọ,Giáp Đắt,xã Tân Pheo,✅ Toàn bộ
Phú Thọ,Tân Pheo,xã Tân Pheo,✅ Toàn bộ
Phú Thọ,thị trấn Bo,xã Kim Bôi,✅ Toàn bộ
Phú Thọ,xã Vĩnh Đồng,xã Kim Bôi,✅ Toàn bộ
Phú Thọ,xã Kim Bôi,xã Kim Bôi,✅ Toàn bộ
Phú Thọ,xã Đông Bắc,xã Mường Động,✅ Toàn bộ
Phú Thọ,Hợp Tiến,xã Mường Động,✅ Toàn bộ
Phú Thọ,Tú Sơn,xã Mường Động,✅ Toàn bộ
Phú Thọ,Vĩnh Tiến,xã Mường Động,✅ Toàn bộ
Phú Thọ,xã Cuối Hạ,xã Dũng Tiến,✅ Toàn bộ
Phú Thọ,Mỵ Hòa,xã Dũng Tiến,✅ Toàn bộ
Phú Thọ,Nuông Dăm,xã Dũng Tiến,✅ Toàn bộ
Phú Thọ,xã Kim Lập,xã Hợp Kim,✅ Toàn bộ
Phú Thọ,Nam Thượng,xã Hợp Kim,✅ Toàn bộ
Phú Thọ,Sào Báy,xã Hợp Kim,✅ Toàn bộ
Phú Thọ,xã Xuân Thủy (huyện Kim Bôi),xã Nật Sơn,✅ Toàn bộ
Phú Thọ,Bình Sơn,xã Nật Sơn,✅ Toàn bộ
Phú Thọ,Đú Sáng và Hùng Sơn,xã Nật Sơn,✅ Toàn bộ
Phú Thọ,thị trấn Vụ Bản,xã Lạc Sơn,✅ Toàn bộ
Phú Thọ,xã Hương Nhượng,xã Lạc Sơn,✅ Toàn bộ
Phú Thọ,xã Vũ Bình,xã Lạc Sơn,✅ Toàn bộ
Phú Thọ,xã Tân Lập (huyện Lạc Sơn),xã Mường Vang,✅ Toàn bộ
Phú Thọ,Quý Hòa,xã Mường Vang,✅ Toàn bộ
Phú Thọ,Tuân Đạo,xã Mường Vang,✅ Toàn bộ
Phú Thọ,xã Ân Nghĩa,xã Đại Đồng,✅ Toàn bộ
Phú Thọ,Tân Mỹ,xã Đại Đồng,✅ Toàn bộ
Phú Thọ,Yên Nghiệp,xã Đại Đồng,✅ Toàn bộ
Phú Thọ,xã Ngọc Lâu,xã Ngọc Sơn,✅ Toàn bộ
Phú Thọ,Tự Do và Ngọc Sơn,xã Ngọc Sơn,✅ Toàn bộ
Phú Thọ,xã Mỹ Thành,xã Nhân Nghĩa,✅ Toàn bộ
Phú Thọ,Văn Nghĩa,xã Nhân Nghĩa,✅ Toàn bộ
Phú Thọ,Nhân Nghĩa,xã Nhân Nghĩa,✅ Toàn bộ
Phú Thọ,xã Chí Đạo,xã Quyết Thắng,✅ Toàn bộ
Phú Thọ,Định Cư,xã Quyết Thắng,✅ Toàn bộ
Phú Thọ,Quyết Thắng,xã Quyết Thắng,✅ Toàn bộ
Phú Thọ,xã Miền Đồi,xã Thượng Cốc,✅ Toàn bộ
Phú Thọ,Văn Sơn,xã Thượng Cốc,✅ Toàn bộ
Phú Thọ,Thượng Cốc,xã Thượng Cốc,✅ Toàn bộ
Phú Thọ,xã Bình Hẻm,xã Yên Phú,✅ Toàn bộ
Phú Thọ,Xuất Hóa,xã Yên Phú,✅ Toàn bộ
Phú Thọ,Yên Phú,xã Yên Phú,✅ Toàn bộ
Phú Thọ,thị trấn Chi Nê và,xã Lạc Thủy,✅ Toàn bộ
Phú Thọ,xã Đồng Tâm,xã Lạc Thủy,✅ Toàn bộ
Phú Thọ,Khoan Dụ,xã Lạc Thủy,✅ Toàn bộ
Phú Thọ,Yên Bồng,xã Lạc Thủy,✅ Toàn bộ
Phú Thọ,xã Hưng Thi,xã An Bình,✅ Toàn bộ
Phú Thọ,Thống Nhất,xã An Bình,✅ Toàn bộ
Phú Thọ,An Bình,xã An Bình,✅ Toàn bộ
Phú Thọ,thị trấn Ba Hàng Đồi,xã An Nghĩa,✅ Toàn bộ
Phú Thọ,xã Phú Nghĩa,xã An Nghĩa,✅ Toàn bộ
Phú Thọ,xã Phú Thành,xã An Nghĩa,✅ Toàn bộ
Phú Thọ,thị trấn Lương Sơn,xã Lương Sơn,✅ Toàn bộ
Phú Thọ,xã Hòa Sơn,xã Lương Sơn,✅ Toàn bộ
Phú Thọ,Lâm Sơn,xã Lương Sơn,✅ Toàn bộ
Phú Thọ,Nhuận Trạch,xã Lương Sơn,✅ Toàn bộ
Phú Thọ,Tân Vinh,xã Lương Sơn,✅ Toàn bộ
Phú Thọ,xã Cao Sơn (huyện Lương Sơn),xã Lương Sơn,⚠️ Một phần (Cần check)
Phú Thọ,xã Thanh Cao,xã Cao Dương,✅ Toàn bộ
Phú Thọ,Thanh Sơn,xã Cao Dương,✅ Toàn bộ
Phú Thọ,Cao Dương,xã Cao Dương,✅ Toàn bộ
Phú Thọ,xã Cư Yên,xã Liên Sơn,✅ Toàn bộ
Phú Thọ,xã Liên Sơn,xã Liên Sơn,✅ Toàn bộ
Phú Thọ,phần còn lại của xã Cao Sơn (huyện Lương Sơn) sau khi sắp xếp theo quy định tại khoản 116 Điều này,xã Liên Sơn,✅ Toàn bộ
Phú Thọ,thị trấn Mai Châu,xã Mai Châu,✅ Toàn bộ
Phú Thọ,xã Nà Phòn,xã Mai Châu,✅ Toàn bộ
Phú Thọ,Thành Sơn,xã Mai Châu,✅ Toàn bộ
Phú Thọ,Tòng Đậu,xã Mai Châu,✅ Toàn bộ
Phú Thọ,xã Đồng Tân,xã Mai Châu,⚠️ Một phần (Cần check)
Phú Thọ,xã Mai Hịch,xã Bao La,✅ Toàn bộ
Phú Thọ,Xăm Khòe,xã Bao La,✅ Toàn bộ
Phú Thọ,Bao La,xã Bao La,✅ Toàn bộ
Phú Thọ,xã Chiềng Châu,xã Mai Hạ,✅ Toàn bộ
Phú Thọ,Vạn Mai,xã Mai Hạ,✅ Toàn bộ
Phú Thọ,Mai Hạ,xã Mai Hạ,✅ Toàn bộ
Phú Thọ,xã Cun Pheo,xã Pà Cò,✅ Toàn bộ
Phú Thọ,Hang Kia,xã Pà Cò,✅ Toàn bộ
Phú Thọ,Pà Cò,xã Pà Cò,✅ Toàn bộ
Phú Thọ,phần còn lại của xã Đồng Tân sau khi sắp xếp theo quy định tại khoản 119 Điều này,xã Pà Cò,✅ Toàn bộ
Phú Thọ,xã Sơn Thủy (huyện Mai Châu),xã Tân Mai,✅ Toàn bộ
Phú Thọ,xã Tân Thành,xã Tân Mai,✅ Toàn bộ
Phú Thọ,thị trấn Mãn Đức và,xã Tân Lạc,✅ Toàn bộ
Phú Thọ,xã Ngọc Mỹ (huyện Tân Lạc),xã Tân Lạc,✅ Toàn bộ
Phú Thọ,Đông Lai,xã Tân Lạc,✅ Toàn bộ
Phú Thọ,Thanh Hối,xã Tân Lạc,✅ Toàn bộ
Phú Thọ,Tử Nê,xã Tân Lạc,✅ Toàn bộ
Phú Thọ,xã Mỹ Hòa,xã Mường Bi,✅ Toàn bộ
Phú Thọ,Phong Phú,xã Mường Bi,✅ Toàn bộ
Phú Thọ,Phú Cường,xã Mường Bi,✅ Toàn bộ
Phú Thọ,xã Phú Vinh,xã Mường Hoa,✅ Toàn bộ
Phú Thọ,xã Suối Hoa,xã Mường Hoa,✅ Toàn bộ
Phú Thọ,xã Gia Mô,xã Toàn Thắng,✅ Toàn bộ
Phú Thọ,Lỗ Sơn,xã Toàn Thắng,✅ Toàn bộ
Phú Thọ,Nhân Mỹ,xã Toàn Thắng,✅ Toàn bộ
Phú Thọ,xã Ngổ Luông,xã Vân Sơn,✅ Toàn bộ
Phú Thọ,Quyết Chiến,xã Vân Sơn,✅ Toàn bộ
Phú Thọ,Vân Sơn,xã Vân Sơn,✅ Toàn bộ
Phú Thọ,thị trấn Hàng Trạm,xã Yên Thủy,✅ Toàn bộ
Phú Thọ,xã Lạc Thịnh,xã Yên Thủy,✅ Toàn bộ
Phú Thọ,xã Phú Lai,xã Yên Thủy,✅ Toàn bộ
Phú Thọ,xã Bảo Hiệu,xã Lạc Lương,✅ Toàn bộ
Phú Thọ,Đa Phúc,xã Lạc Lương,✅ Toàn bộ
Phú Thọ,Lạc Sỹ và Lạc Lương,xã Lạc Lương,✅ Toàn bộ
Phú Thọ,xã Đoàn Kết (huyện Yên Thủy),xã Yên Trị,✅ Toàn bộ
Phú Thọ,Hữu Lợi,xã Yên Trị,✅ Toàn bộ
Phú Thọ,Ngọc Lương,xã Yên Trị,✅ Toàn bộ
Phú Thọ,Yên Trị,xã Yên Trị,✅ Toàn bộ
Phú Thọ,phường Tân Dân,phường Việt Trì,✅ Toàn bộ
Phú Thọ,Gia Cẩm,phường Việt Trì,✅ Toàn bộ
Phú Thọ,Minh Nông,phường Việt Trì,✅ Toàn bộ
Phú Thọ,Dữu Lâu,phường Việt Trì,✅ Toàn bộ
Phú Thọ,xã Trưng Vương,phường Việt Trì,✅ Toàn bộ
Phú Thọ,phường Minh Phương,phường Nông Trang,✅ Toàn bộ
Phú Thọ,phường Nông Trang,phường Nông Trang,✅ Toàn bộ
Phú Thọ,xã Thụy Vân,phường Nông Trang,✅ Toàn bộ
Phú Thọ,phường Thọ Sơn,phường Thanh Miếu,✅ Toàn bộ
Phú Thọ,Tiên Cát,phường Thanh Miếu,✅ Toàn bộ
Phú Thọ,Bạch Hạc,phường Thanh Miếu,✅ Toàn bộ
Phú Thọ,Thanh Miếu,phường Thanh Miếu,✅ Toàn bộ
Phú Thọ,xã Sông Lô,phường Thanh Miếu,✅ Toàn bộ
Phú Thọ,phường Vân Phú và,phường Vân Phú,✅ Toàn bộ
Phú Thọ,xã Phượng Lâu,phường Vân Phú,✅ Toàn bộ
Phú Thọ,Hùng Lô,phường Vân Phú,✅ Toàn bộ
Phú Thọ,Kim Đức,phường Vân Phú,✅ Toàn bộ
Phú Thọ,phường Hùng Vương (thị xã Phú Thọ),phường Phú Thọ,✅ Toàn bộ
Phú Thọ,xã Văn Lung,phường Phú Thọ,✅ Toàn bộ
Phú Thọ,xã Hà Lộc,phường Phú Thọ,✅ Toàn bộ
Phú Thọ,phường Phong Châu,phường Phong Châu,✅ Toàn bộ
Phú Thọ,xã Phú Hộ,phường Phong Châu,✅ Toàn bộ
Phú Thọ,xã Hà Thạch,phường Phong Châu,✅ Toàn bộ
Phú Thọ,phường Thanh Vinh,phường Âu Cơ,✅ Toàn bộ
Phú Thọ,phường Âu Cơ,phường Âu Cơ,✅ Toàn bộ
Phú Thọ,xã Thanh Minh,phường Âu Cơ,✅ Toàn bộ
Phú Thọ,phường Định Trung,phường Vĩnh Phúc,✅ Toàn bộ
Phú Thọ,Liên Bảo,phường Vĩnh Phúc,✅ Toàn bộ
Phú Thọ,Khai Quang,phường Vĩnh Phúc,✅ Toàn bộ
Phú Thọ,Ngô Quyền,phường Vĩnh Phúc,✅ Toàn bộ
Phú Thọ,Đống Đa,phường Vĩnh Phúc,✅ Toàn bộ
Phú Thọ,phường Tích Sơn,phường Vĩnh Yên,✅ Toàn bộ
Phú Thọ,Hội Hợp,phường Vĩnh Yên,✅ Toàn bộ
Phú Thọ,Đồng Tâm,phường Vĩnh Yên,✅ Toàn bộ
Phú Thọ,xã Thanh Trù,phường Vĩnh Yên,✅ Toàn bộ
Phú Thọ,phường Hùng Vương (thành phố Phúc Yên),phường Phúc Yên,✅ Toàn bộ
Phú Thọ,Hai Bà Trưng,phường Phúc Yên,✅ Toàn bộ
Phú Thọ,Phúc Thắng,phường Phúc Yên,✅ Toàn bộ
Phú Thọ,Tiền Châu,phường Phúc Yên,✅ Toàn bộ
Phú Thọ,Nam Viêm,phường Phúc Yên,✅ Toàn bộ
Phú Thọ,phường Đồng Xuân,phường Xuân Hòa,✅ Toàn bộ
Phú Thọ,phường Xuân Hòa,phường Xuân Hòa,✅ Toàn bộ
Phú Thọ,xã Cao Minh,phường Xuân Hòa,✅ Toàn bộ
Phú Thọ,xã Ngọc Thanh,phường Xuân Hòa,✅ Toàn bộ
Phú Thọ,phường Đồng Tiến,phường Hòa Bình,✅ Toàn bộ
Phú Thọ,Hữu Nghị,phường Hòa Bình,✅ Toàn bộ
Phú Thọ,Phương Lâm,phường Hòa Bình,✅ Toàn bộ
Phú Thọ,Quỳnh Lâm,phường Hòa Bình,✅ Toàn bộ
Phú Thọ,Tân Thịnh,phường Hòa Bình,✅ Toàn bộ
Phú Thọ,Thịnh Lang,phường Hòa Bình,✅ Toàn bộ
Phú Thọ,Trung Minh,phường Hòa Bình,✅ Toàn bộ
Phú Thọ,phường Kỳ Sơn,phường Kỳ Sơn,✅ Toàn bộ
Phú Thọ,xã Độc Lập,phường Kỳ Sơn,✅ Toàn bộ
Phú Thọ,xã Mông Hóa,phường Kỳ Sơn,✅ Toàn bộ
Phú Thọ,phường Tân Hòa,phường Tân Hòa,✅ Toàn bộ
Phú Thọ,xã Hòa Bình,phường Tân Hòa,✅ Toàn bộ
Phú Thọ,xã Yên Mông,phường Tân Hòa,✅ Toàn bộ
Phú Thọ,phường Dân Chủ,phường Thống Nhất,✅ Toàn bộ
Phú Thọ,Thái Bình,phường Thống Nhất,✅ Toàn bộ
Phú Thọ,Thống Nhất,phường Thống Nhất,✅ Toàn bộ
Phú Thọ,phần còn lại của xã Vầy Nưa sau khi sắp xếp theo quy định tại khoản 99 Điều này,phường Thống Nhất,✅ Toàn bộ
